Date,Day End PnL%,Daily Change%,Remaining Fund
2021-12-20,0.0,0.0,2000000.0
2021-12-21,0.0,0.0,2000000.0
2021-12-22,0.0,0.0,2000000.0
2021-12-23,0.0,0.0,2000000.0
2021-12-24,0.0,0.0,2000000.0
2021-12-25,0.0,0.0,2000000.0
2021-12-26,0.0,0.0,2000000.0
2021-12-27,0.0,0.0,2000000.0
2021-12-28,0.0,0.0,2000000.0
2021-12-29,0.0,0.0,2000000.0
2021-12-30,0.0,0.0,2000000.0
2021-12-31,0.0,0.0,2000000.0
2022-01-01,0.0,0.0,2000000.0
2022-01-02,0.0,0.0,2000000.0
2022-01-03,0.0,0.0,2000000.0
2022-01-04,0.0,0.0,2000000.0
2022-01-05,0.0,0.0,2000000.0
2022-01-06,0.0,0.0,2000000.0
2022-01-07,0.0,0.0,2000000.0
2022-01-08,0.0,0.0,2000000.0
2022-01-09,0.0,0.0,2000000.0
2022-01-10,0.0,0.0,2000000.0
2022-01-11,0.0,0.0,2000000.0
2022-01-12,0.0,0.0,2000000.0
2022-01-13,0.0,0.0,2000000.0
2022-01-14,0.0,0.0,2000000.0
2022-01-15,0.0,0.0,2000000.0
2022-01-16,0.0,0.0,2000000.0
2022-01-17,0.0,0.0,2000000.0
2022-01-18,0.0,0.0,2000000.0
2022-01-19,0.0,0.0,2000000.0
2022-01-20,0.0,0.0,2000000.0
2022-01-21,0.0,0.0,2000000.0
2022-01-22,0.0,0.0,2000000.0
2022-01-23,0.0,0.0,2000000.0
2022-01-24,0.0,0.0,2000000.0
2022-01-25,0.0,0.0,2000000.0
2022-01-26,0.0,0.0,2000000.0
2022-01-27,0.0,0.0,2000000.0
2022-01-28,0.0,0.0,2000000.0
2022-01-29,0.0,0.0,2000000.0
2022-01-30,0.0,0.0,2000000.0
2022-01-31,0.0,0.0,2000000.0
2022-02-01,0.0,0.0,2000000.0
2022-02-02,0.0,0.0,2000000.0
2022-02-03,0.0,0.0,2000000.0
2022-02-04,0.0,0.0,2000000.0
2022-02-05,0.0,0.0,2000000.0
2022-02-06,0.0,0.0,2000000.0
2022-02-07,0.0,0.0,2000000.0
2022-02-08,0.0,0.0,2000000.0
2022-02-09,0.0,0.0,2000000.0
2022-02-10,0.0,0.0,2000000.0
2022-02-11,0.0,0.0,2000000.0
2022-02-12,0.0,0.0,2000000.0
2022-02-13,0.0,0.0,2000000.0
2022-02-14,0.0,0.0,2000000.0
2022-02-15,0.0,0.0,2000000.0
2022-02-16,0.0,0.0,2000000.0
2022-02-17,0.0,0.0,2000000.0
2022-02-18,0.0,0.0,2000000.0
2022-02-19,0.0,0.0,2000000.0
2022-02-20,0.0,0.0,2000000.0
2022-02-21,0.0,0.0,2000000.0
2022-02-22,0.0,0.0,2000000.0
2022-02-23,0.0,0.0,2000000.0
2022-02-24,0.0,0.0,2000000.0
2022-02-25,0.0,0.0,2000000.0
2022-02-26,0.0,0.0,2000000.0
2022-02-27,0.0,0.0,2000000.0
2022-02-28,0.0,0.0,2000000.0
2022-03-01,0.0,0.0,2000000.0
2022-03-02,0.0,0.0,2000000.0
2022-03-03,0.0,0.0,2000000.0
2022-03-04,0.0,0.0,2000000.0
2022-03-05,0.0,0.0,2000000.0
2022-03-06,0.0,0.0,2000000.0
2022-03-07,0.0,0.0,2000000.0
2022-03-08,0.0,0.0,2000000.0
2022-03-09,0.0,0.0,2000000.0
2022-03-10,0.0,0.0,2000000.0
2022-03-11,0.0,0.0,2000000.0
2022-03-12,0.0,0.0,2000000.0
2022-03-13,0.0,0.0,2000000.0
2022-03-14,0.0,0.0,2000000.0
2022-03-15,0.0,0.0,2000000.0
2022-03-16,0.0,0.0,2000000.0
2022-03-17,0.0,0.0,2000000.0
2022-03-18,0.0,0.0,2000000.0
2022-03-19,0.0,0.0,2000000.0
2022-03-20,0.0,0.0,2000000.0
2022-03-21,0.0,0.0,2000000.0
2022-03-22,0.0,0.0,2000000.0
2022-03-23,0.0,0.0,2000000.0
2022-03-24,0.0,0.0,2000000.0
2022-03-25,0.0,0.0,2000000.0
2022-03-26,0.0,0.0,2000000.0
2022-03-27,0.0,0.0,2000000.0
2022-03-28,0.0,0.0,2000000.0
2022-03-29,0.0,0.0,2000000.0
2022-03-30,0.0,0.0,2000000.0
2022-03-31,0.0,0.0,2000000.0
2022-04-01,0.0,0.0,2000000.0
2022-04-02,0.0,0.0,2000000.0
2022-04-03,0.0,0.0,2000000.0
2022-04-04,0.0,0.0,2000000.0
2022-04-05,0.0,0.0,2000000.0
2022-04-06,0.0,0.0,2000000.0
2022-04-07,0.0,0.0,2000000.0
2022-04-08,0.0,0.0,2000000.0
2022-04-09,0.0,0.0,2000000.0
2022-04-10,0.0,0.0,2000000.0
2022-04-11,0.0,0.0,2000000.0
2022-04-12,0.0,0.0,2000000.0
2022-04-13,0.0,0.0,2000000.0
2022-04-14,0.0,0.0,2000000.0
2022-04-15,0.0,0.0,2000000.0
2022-04-16,0.0,0.0,2000000.0
2022-04-17,0.0,0.0,2000000.0
2022-04-18,0.0,0.0,2000000.0
2022-04-19,0.0,0.0,2000000.0
2022-04-20,0.0,0.0,2000000.0
2022-04-21,0.0,0.0,2000000.0
2022-04-22,0.0,0.0,2000000.0
2022-04-23,0.0,0.0,2000000.0
2022-04-24,0.0,0.0,2000000.0
2022-04-25,0.0,0.0,2000000.0
2022-04-26,0.0,0.0,2000000.0
2022-04-27,0.0,0.0,2000000.0
2022-04-28,0.0,0.0,2000000.0
2022-04-29,0.0,0.0,2000000.0
2022-04-30,0.0,0.0,2000000.0
2022-05-01,0.0,0.0,2000000.0
2022-05-02,0.0,0.0,2000000.0
2022-05-03,0.0,0.0,2000000.0
2022-05-04,0.0,0.0,2000000.0
2022-05-05,0.0,0.0,2000000.0
2022-05-06,0.0,0.0,2000000.0
2022-05-07,0.0,0.0,2000000.0
2022-05-08,0.0,0.0,2000000.0
2022-05-09,0.0,0.0,2000000.0
2022-05-10,0.0,0.0,2000000.0
2022-05-11,0.0,0.0,2000000.0
2022-05-12,0.0,0.0,2000000.0
2022-05-13,0.0,0.0,2000000.0
2022-05-14,0.0,0.0,2000000.0
2022-05-15,0.0,0.0,2000000.0
2022-05-16,0.0,0.0,2000000.0
2022-05-17,0.0,0.0,2000000.0
2022-05-18,0.0,0.0,2000000.0
2022-05-19,0.0,0.0,2000000.0
2022-05-20,0.0,0.0,2000000.0
2022-05-21,0.0,0.0,2000000.0
2022-05-22,0.0,0.0,2000000.0
2022-05-23,0.0,0.0,2000000.0
2022-05-24,0.0,0.0,2000000.0
2022-05-25,0.0,0.0,2000000.0
2022-05-26,0.0,0.0,2000000.0
2022-05-27,0.0,0.0,2000000.0
2022-05-28,0.0,0.0,2000000.0
2022-05-29,0.0,0.0,2000000.0
2022-05-30,0.0,0.0,2000000.0
2022-05-31,0.0,0.0,2000000.0
2022-06-01,0.0,0.0,2000000.0
2022-06-02,0.0,0.0,2000000.0
2022-06-03,0.0,0.0,2000000.0
2022-06-04,0.0,0.0,2000000.0
2022-06-05,0.0,0.0,2000000.0
2022-06-06,0.0,0.0,2000000.0
2022-06-07,0.0,0.0,2000000.0
2022-06-08,0.0,0.0,2000000.0
2022-06-09,0.0,0.0,2000000.0
2022-06-10,0.0,0.0,2000000.0
2022-06-11,0.0,0.0,2000000.0
2022-06-12,0.0,0.0,2000000.0
2022-06-13,0.0,0.0,2000000.0
2022-06-14,0.0,0.0,2000000.0
2022-06-15,0.0,0.0,2000000.0
2022-06-16,0.0,0.0,2000000.0
2022-06-17,0.0,0.0,2000000.0
2022-06-18,0.0,0.0,2000000.0
2022-06-19,0.0,0.0,2000000.0
2022-06-20,0.0,0.0,2000000.0
2022-06-21,0.0,0.0,2000000.0
2022-06-22,0.0,0.0,2000000.0
2022-06-23,0.0,0.0,2000000.0
2022-06-24,0.0,0.0,2000000.0
2022-06-25,0.0,0.0,2000000.0
2022-06-26,0.0,0.0,2000000.0
2022-06-27,0.0,0.0,2000000.0
2022-06-28,0.0,0.0,2000000.0
2022-06-29,0.0,0.0,2000000.0
2022-06-30,0.0,0.0,2000000.0
2022-07-01,0.0,0.0,2000000.0
2022-07-02,0.0,0.0,2000000.0
2022-07-03,0.0,0.0,2000000.0
2022-07-04,0.0,0.0,2000000.0
2022-07-05,0.0,0.0,2000000.0
2022-07-06,0.0,0.0,2000000.0
2022-07-07,0.0,0.0,2000000.0
2022-07-08,0.0,0.0,2000000.0
2022-07-09,0.0,0.0,2000000.0
2022-07-10,0.0,0.0,2000000.0
2022-07-11,0.0,0.0,2000000.0
2022-07-12,0.0,0.0,2000000.0
2022-07-13,0.0,0.0,2000000.0
2022-07-14,0.0,0.0,2000000.0
2022-07-15,0.0,0.0,2000000.0
2022-07-16,0.0,0.0,2000000.0
2022-07-17,0.0,0.0,2000000.0
2022-07-18,0.0,0.0,2000000.0
2022-07-19,0.0,0.0,2000000.0
2022-07-20,0.0,0.0,2000000.0
2022-07-21,0.0,0.0,2000000.0
2022-07-22,0.0,0.0,2000000.0
2022-07-23,0.0,0.0,2000000.0
2022-07-24,0.0,0.0,2000000.0
2022-07-25,0.0,0.0,2000000.0
2022-07-26,0.0,0.0,2000000.0
2022-07-27,0.0,0.0,2000000.0
2022-07-28,0.0,0.0,2000000.0
2022-07-29,0.0,0.0,2000000.0
2022-07-30,0.0,0.0,2000000.0
2022-07-31,0.0,0.0,2000000.0
2022-08-01,0.0,0.0,2000000.0
2022-08-02,0.0,0.0,2000000.0
2022-08-03,0.0,0.0,2000000.0
2022-08-04,0.0,0.0,2000000.0
2022-08-05,0.0,0.0,2000000.0
2022-08-06,0.0,0.0,2000000.0
2022-08-07,0.0,0.0,2000000.0
2022-08-08,0.0,0.0,2000000.0
2022-08-09,0.0,0.0,2000000.0
2022-08-10,0.0,0.0,2000000.0
2022-08-11,0.0,0.0,2000000.0
2022-08-12,0.0,0.0,2000000.0
2022-08-13,0.0,0.0,2000000.0
2022-08-14,0.0,0.0,2000000.0
2022-08-15,0.0,0.0,2000000.0
2022-08-16,0.0,0.0,2000000.0
2022-08-17,0.0,0.0,2000000.0
2022-08-18,0.0,0.0,2000000.0
2022-08-19,0.0,0.0,2000000.0
2022-08-20,0.0,0.0,2000000.0
2022-08-21,0.0,0.0,2000000.0
2022-08-22,0.0,0.0,2000000.0
2022-08-23,0.0,0.0,2000000.0
2022-08-24,0.0,0.0,2000000.0
2022-08-25,0.0,0.0,2000000.0
2022-08-26,0.0,0.0,2000000.0
2022-08-27,0.0,0.0,2000000.0
2022-08-28,0.0,0.0,2000000.0
2022-08-29,0.0,0.0,2000000.0
2022-08-30,0.0,0.0,2000000.0
2022-08-31,0.0,0.0,2000000.0
2022-09-01,0.0,0.0,2000000.0
2022-09-02,0.0,0.0,2000000.0
2022-09-03,0.0,0.0,2000000.0
2022-09-04,0.0,0.0,2000000.0
2022-09-05,0.0,0.0,2000000.0
2022-09-06,0.0,0.0,2000000.0
2022-09-07,0.0,0.0,2000000.0
2022-09-08,0.0,0.0,2000000.0
2022-09-09,0.0,0.0,2000000.0
2022-09-10,0.0,0.0,2000000.0
2022-09-11,0.0,0.0,2000000.0
2022-09-12,0.0,0.0,2000000.0
2022-09-13,0.0,0.0,2000000.0
2022-09-14,0.0,0.0,2000000.0
2022-09-15,0.0,0.0,2000000.0
2022-09-16,0.0,0.0,2000000.0
2022-09-17,0.0,0.0,2000000.0
2022-09-18,0.0,0.0,2000000.0
2022-09-19,0.0,0.0,2000000.0
2022-09-20,0.0,0.0,2000000.0
2022-09-21,0.0,0.0,2000000.0
2022-09-22,0.0,0.0,2000000.0
2022-09-23,0.0,0.0,2000000.0
2022-09-24,0.0,0.0,2000000.0
2022-09-25,0.0,0.0,2000000.0
2022-09-26,0.0,0.0,2000000.0
2022-09-27,0.0,0.0,2000000.0
2022-09-28,0.0,0.0,2000000.0
2022-09-29,0.0,0.0,2000000.0
2022-09-30,0.0,0.0,2000000.0
2022-10-01,0.0,0.0,2000000.0
2022-10-02,0.0,0.0,2000000.0
2022-10-03,0.0,0.0,2000000.0
2022-10-04,0.0,0.0,2000000.0
2022-10-05,0.0,0.0,2000000.0
2022-10-06,0.0,0.0,2000000.0
2022-10-07,0.0,0.0,2000000.0
2022-10-08,0.0,0.0,2000000.0
2022-10-09,0.0,0.0,2000000.0
2022-10-10,0.0,0.0,2000000.0
2022-10-11,0.0,0.0,2000000.0
2022-10-12,0.0,0.0,2000000.0
2022-10-13,0.0,0.0,2000000.0
2022-10-14,0.0,0.0,2000000.0
2022-10-15,0.0,0.0,2000000.0
2022-10-16,0.0,0.0,2000000.0
2022-10-17,0.0,0.0,2000000.0
2022-10-18,0.0,0.0,2000000.0
2022-10-19,0.0,0.0,2000000.0
2022-10-20,0.0,0.0,2000000.0
2022-10-21,0.0,0.0,2000000.0
2022-10-22,0.0,0.0,2000000.0
2022-10-23,0.0,0.0,2000000.0
2022-10-24,0.0,0.0,2000000.0
2022-10-25,0.0,0.0,2000000.0
2022-10-26,0.0,0.0,2000000.0
2022-10-27,0.0,0.0,2000000.0
2022-10-28,0.0,0.0,2000000.0
2022-10-29,0.0,0.0,2000000.0
2022-10-30,0.0,0.0,2000000.0
2022-10-31,0.0,0.0,2000000.0
2022-11-01,0.0,0.0,2000000.0
2022-11-02,0.0,0.0,2000000.0
2022-11-03,0.0,0.0,2000000.0
2022-11-04,0.0,0.0,2000000.0
2022-11-05,0.0,0.0,2000000.0
2022-11-06,0.0,0.0,2000000.0
2022-11-07,0.0,0.0,2000000.0
2022-11-08,0.0,0.0,2000000.0
2022-11-09,0.0,0.0,2000000.0
2022-11-10,0.0,0.0,2000000.0
2022-11-11,0.0,0.0,2000000.0
2022-11-12,0.0,0.0,2000000.0
2022-11-13,0.0,0.0,2000000.0
2022-11-14,0.0,0.0,2000000.0
2022-11-15,0.0,0.0,2000000.0
2022-11-16,0.0,0.0,2000000.0
2022-11-17,0.0,0.0,2000000.0
2022-11-18,0.0,0.0,2000000.0
2022-11-19,0.0,0.0,2000000.0
2022-11-20,0.0,0.0,2000000.0
2022-11-21,0.0,0.0,2000000.0
2022-11-22,0.0,0.0,2000000.0
2022-11-23,0.0,0.0,2000000.0
2022-11-24,0.0,0.0,2000000.0
2022-11-25,0.0,0.0,2000000.0
2022-11-26,0.0,0.0,2000000.0
2022-11-27,0.0,0.0,2000000.0
2022-11-28,0.0,0.0,2000000.0
2022-11-29,0.0,0.0,2000000.0
2022-11-30,0.0,0.0,2000000.0
2022-12-01,0.0,0.0,2000000.0
2022-12-02,0.0,0.0,2000000.0
2022-12-03,0.0,0.0,2000000.0
2022-12-04,0.0,0.0,2000000.0
2022-12-05,0.0,0.0,2000000.0
2022-12-06,0.0,0.0,2000000.0
2022-12-07,0.0,0.0,2000000.0
2022-12-08,0.0,0.0,2000000.0
2022-12-09,0.0,0.0,2000000.0
2022-12-10,0.0,0.0,2000000.0
2022-12-11,0.0,0.0,2000000.0
2022-12-12,0.0,0.0,2000000.0
2022-12-13,0.0,0.0,2000000.0
2022-12-14,0.0,0.0,2000000.0
2022-12-15,0.0,0.0,2000000.0
2022-12-16,0.0,0.0,2000000.0
2022-12-17,0.0,0.0,2000000.0
2022-12-18,0.0,0.0,2000000.0
2022-12-19,0.0,0.0,2000000.0
2022-12-20,0.0,0.0,2000000.0
2022-12-21,0.0,0.0,2000000.0
2022-12-22,0.0,0.0,2000000.0
2022-12-23,0.0,0.0,2000000.0
2022-12-24,0.0,0.0,2000000.0
2022-12-25,0.0,0.0,2000000.0
2022-12-26,0.0,0.0,2000000.0
2022-12-27,0.0,0.0,2000000.0
2022-12-28,0.0,0.0,2000000.0
2022-12-29,0.0,0.0,2000000.0
2022-12-30,0.0,0.0,2000000.0
2022-12-31,0.0,0.0,2000000.0
2023-01-01,0.0,0.0,2000000.0
2023-01-02,0.0,0.0,2000000.0
2023-01-03,0.0,0.0,2000000.0
2023-01-04,0.0,0.0,2000000.0
2023-01-05,0.0,0.0,2000000.0
2023-01-06,0.0,0.0,2000000.0
2023-01-07,0.0,0.0,2000000.0
2023-01-08,0.0,0.0,2000000.0
2023-01-09,0.0,0.0,2000000.0
2023-01-10,0.0,0.0,2000000.0
2023-01-11,0.0,0.0,2000000.0
2023-01-12,0.0,0.0,2000000.0
2023-01-13,0.0,0.0,2000000.0
2023-01-14,0.0,0.0,2000000.0
2023-01-15,0.0,0.0,2000000.0
2023-01-16,0.0,0.0,2000000.0
2023-01-17,0.0,0.0,2000000.0
2023-01-18,0.0,0.0,2000000.0
2023-01-19,0.0,0.0,2000000.0
2023-01-20,0.0,0.0,2000000.0
2023-01-21,0.0,0.0,2000000.0
2023-01-22,0.0,0.0,2000000.0
2023-01-23,0.0,0.0,2000000.0
2023-01-24,0.0,0.0,2000000.0
2023-01-25,0.0,0.0,2000000.0
2023-01-26,0.0,0.0,2000000.0
2023-01-27,0.0,0.0,2000000.0
2023-01-28,0.0,0.0,2000000.0
2023-01-29,0.0,0.0,2000000.0
2023-01-30,0.0,0.0,2000000.0
2023-01-31,0.0,0.0,2000000.0
2023-02-01,0.0,0.0,2000000.0
2023-02-02,0.0,0.0,2000000.0
2023-02-03,0.0,0.0,2000000.0
2023-02-04,0.0,0.0,2000000.0
2023-02-05,0.0,0.0,2000000.0
2023-02-06,0.0,0.0,2000000.0
2023-02-07,0.0,0.0,2000000.0
2023-02-08,0.0,0.0,2000000.0
2023-02-09,0.0,0.0,2000000.0
2023-02-10,0.0,0.0,2000000.0
2023-02-11,0.0,0.0,2000000.0
2023-02-12,0.0,0.0,2000000.0
2023-02-13,0.0,0.0,2000000.0
2023-02-14,0.0,0.0,2000000.0
2023-02-15,0.0,0.0,2000000.0
2023-02-16,0.0,0.0,2000000.0
2023-02-17,0.0,0.0,2000000.0
2023-02-18,0.0,0.0,2000000.0
2023-02-19,0.0,0.0,2000000.0
2023-02-20,0.0,0.0,2000000.0
2023-02-21,0.0,0.0,2000000.0
2023-02-22,0.0,0.0,2000000.0
2023-02-23,0.0,0.0,2000000.0
2023-02-24,0.0,0.0,2000000.0
2023-02-25,0.0,0.0,2000000.0
2023-02-26,0.0,0.0,2000000.0
2023-02-27,0.0,0.0,2000000.0
2023-02-28,0.0,0.0,2000000.0
2023-03-01,0.0,0.0,2000000.0
2023-03-02,0.0,0.0,2000000.0
2023-03-03,0.0,0.0,2000000.0
2023-03-04,0.0,0.0,2000000.0
2023-03-05,0.0,0.0,2000000.0
2023-03-06,0.0,0.0,2000000.0
2023-03-07,0.0,0.0,2000000.0
2023-03-08,0.0,0.0,2000000.0
2023-03-09,0.0,0.0,2000000.0
2023-03-10,0.0,0.0,2000000.0
2023-03-11,0.0,0.0,2000000.0
2023-03-12,0.0,0.0,2000000.0
2023-03-13,0.0,0.0,2000000.0
2023-03-14,0.0,0.0,2000000.0
2023-03-15,0.0,0.0,2000000.0
2023-03-16,0.0,0.0,2000000.0
2023-03-17,0.0,0.0,2000000.0
2023-03-18,0.0,0.0,2000000.0
2023-03-19,0.0,0.0,2000000.0
2023-03-20,0.0,0.0,2000000.0
2023-03-21,0.0,0.0,2000000.0
2023-03-22,0.0,0.0,2000000.0
2023-03-23,0.0,0.0,2000000.0
2023-03-24,0.0,0.0,2000000.0
2023-03-25,0.0,0.0,2000000.0
2023-03-26,0.0,0.0,2000000.0
2023-03-27,0.0,0.0,2000000.0
2023-03-28,0.0,0.0,2000000.0
2023-03-29,0.0,0.0,2000000.0
2023-03-30,0.0,0.0,2000000.0
2023-03-31,0.0,0.0,2000000.0
2023-04-01,0.0,0.0,2000000.0
2023-04-02,0.0,0.0,2000000.0
2023-04-03,0.0,0.0,2000000.0
2023-04-04,0.0,0.0,2000000.0
2023-04-05,0.0,0.0,2000000.0
2023-04-06,0.0,0.0,2000000.0
2023-04-07,0.0,0.0,2000000.0
2023-04-08,0.0,0.0,2000000.0
2023-04-09,0.0,0.0,2000000.0
2023-04-10,0.0,0.0,2000000.0
2023-04-11,0.0,0.0,2000000.0
2023-04-12,0.0,0.0,2000000.0
2023-04-13,0.0,0.0,2000000.0
2023-04-14,0.0,0.0,2000000.0
2023-04-15,0.0,0.0,2000000.0
2023-04-16,0.0,0.0,2000000.0
2023-04-17,0.0,0.0,2000000.0
2023-04-18,0.0,0.0,2000000.0
2023-04-19,0.0,0.0,2000000.0
2023-04-20,0.0,0.0,2000000.0
2023-04-21,0.0,0.0,2000000.0
2023-04-22,0.0,0.0,2000000.0
2023-04-23,0.0,0.0,2000000.0
2023-04-24,0.0,0.0,2000000.0
2023-04-25,0.0,0.0,2000000.0
2023-04-26,0.0,0.0,2000000.0
2023-04-27,0.0,0.0,2000000.0
2023-04-28,0.0,0.0,2000000.0
2023-04-29,0.0,0.0,2000000.0
2023-04-30,0.0,0.0,2000000.0
2023-05-01,0.0,0.0,2000000.0
2023-05-02,0.0,0.0,2000000.0
2023-05-03,0.0,0.0,2000000.0
2023-05-04,0.0,0.0,2000000.0
2023-05-05,0.0,0.0,2000000.0
2023-05-06,0.0,0.0,2000000.0
2023-05-07,0.0,0.0,2000000.0
2023-05-08,0.0,0.0,2000000.0
2023-05-09,0.0,0.0,2000000.0
2023-05-10,0.0,0.0,2000000.0
2023-05-11,0.0,0.0,2000000.0
2023-05-12,0.0,0.0,2000000.0
2023-05-13,0.0,0.0,2000000.0
2023-05-14,0.0,0.0,2000000.0
2023-05-15,0.0,0.0,2000000.0
2023-05-16,0.0,0.0,2000000.0
2023-05-17,0.0,0.0,2000000.0
2023-05-18,0.0,0.0,2000000.0
2023-05-19,0.0,0.0,2000000.0
2023-05-20,0.0,0.0,2000000.0
2023-05-21,0.0,0.0,2000000.0
2023-05-22,0.0,0.0,2000000.0
2023-05-23,0.0,0.0,2000000.0
2023-05-24,0.0,0.0,2000000.0
2023-05-25,0.0,0.0,2000000.0
2023-05-26,0.0,0.0,2000000.0
2023-05-27,0.0,0.0,2000000.0
2023-05-28,0.0,0.0,2000000.0
2023-05-29,0.0,0.0,2000000.0
2023-05-30,0.0,0.0,2000000.0
2023-05-31,0.0,0.0,2000000.0
2023-06-01,0.0,0.0,2000000.0
2023-06-02,0.0,0.0,2000000.0
2023-06-03,0.0,0.0,2000000.0
2023-06-04,0.0,0.0,2000000.0
2023-06-05,0.0,0.0,2000000.0
2023-06-06,0.0,0.0,2000000.0
2023-06-07,0.0,0.0,2000000.0
2023-06-08,0.0,0.0,2000000.0
2023-06-09,0.0,0.0,2000000.0
2023-06-10,0.0,0.0,2000000.0
2023-06-11,0.0,0.0,2000000.0
2023-06-12,0.0,0.0,2000000.0
2023-06-13,0.0,0.0,2000000.0
2023-06-14,0.0,0.0,2000000.0
2023-06-15,0.0,0.0,2000000.0
2023-06-16,0.0,0.0,2000000.0
2023-06-17,0.0,0.0,2000000.0
2023-06-18,0.0,0.0,2000000.0
2023-06-19,0.0,0.0,2000000.0
2023-06-20,0.0,0.0,2000000.0
2023-06-21,0.0,0.0,2000000.0
2023-06-22,0.0,0.0,2000000.0
2023-06-23,0.0,0.0,2000000.0
2023-06-24,0.0,0.0,2000000.0
2023-06-25,0.0,0.0,2000000.0
2023-06-26,0.0,0.0,2000000.0
2023-06-27,0.0,0.0,2000000.0
2023-06-28,0.0,0.0,2000000.0
2023-06-29,0.0,0.0,2000000.0
2023-06-30,0.0,0.0,2000000.0
2023-07-01,0.0,0.0,2000000.0
2023-07-02,0.0,0.0,2000000.0
2023-07-03,0.0,0.0,2000000.0
2023-07-04,0.0,0.0,2000000.0
2023-07-05,0.0,0.0,2000000.0
2023-07-06,0.0,0.0,2000000.0
2023-07-07,0.0,0.0,2000000.0
2023-07-08,0.0,0.0,2000000.0
2023-07-09,0.0,0.0,2000000.0
2023-07-10,0.0,0.0,2000000.0
2023-07-11,0.0,0.0,2000000.0
2023-07-12,0.0,0.0,2000000.0
2023-07-13,0.0,0.0,2000000.0
2023-07-14,0.0,0.0,2000000.0
2023-07-15,0.0,0.0,2000000.0
2023-07-16,0.0,0.0,2000000.0
2023-07-17,0.0,0.0,2000000.0
2023-07-18,0.0,0.0,2000000.0
2023-07-19,0.0,0.0,2000000.0
2023-07-20,0.0,0.0,2000000.0
2023-07-21,0.0,0.0,2000000.0
2023-07-22,0.0,0.0,2000000.0
2023-07-23,0.0,0.0,2000000.0
2023-07-24,0.0,0.0,2000000.0
2023-07-25,0.0,0.0,2000000.0
2023-07-26,0.0,0.0,2000000.0
2023-07-27,0.0,0.0,2000000.0
2023-07-28,0.0,0.0,2000000.0
2023-07-29,0.0,0.0,2000000.0
2023-07-30,0.0,0.0,2000000.0
2023-07-31,0.0,0.0,2000000.0
2023-08-01,0.0,0.0,2000000.0
2023-08-02,0.0,0.0,2000000.0
2023-08-03,0.0,0.0,2000000.0
2023-08-04,0.0,0.0,2000000.0
2023-08-05,0.0,0.0,2000000.0
2023-08-06,0.0,0.0,2000000.0
2023-08-07,0.0,0.0,2000000.0
2023-08-08,0.0,0.0,2000000.0
2023-08-09,0.0,0.0,2000000.0
2023-08-10,0.0,0.0,2000000.0
2023-08-11,0.0,0.0,2000000.0
2023-08-12,0.0,0.0,2000000.0
2023-08-13,0.0,0.0,2000000.0
2023-08-14,0.0,0.0,2000000.0
2023-08-15,0.0,0.0,2000000.0
2023-08-16,0.0,0.0,2000000.0
2023-08-17,0.0,0.0,2000000.0
2023-08-18,0.0,0.0,2000000.0
2023-08-19,0.0,0.0,2000000.0
2023-08-20,0.0,0.0,2000000.0
2023-08-21,0.0,0.0,2000000.0
2023-08-22,0.0,0.0,2000000.0
2023-08-23,0.0,0.0,2000000.0
2023-08-24,0.0,0.0,2000000.0
2023-08-25,0.0,0.0,2000000.0
2023-08-26,0.0,0.0,2000000.0
2023-08-27,0.0,0.0,2000000.0
2023-08-28,0.0,0.0,2000000.0
2023-08-29,0.0,0.0,2000000.0
2023-08-30,0.0,0.0,2000000.0
2023-08-31,0.0,0.0,2000000.0
2023-09-01,0.0,0.0,2000000.0
2023-09-02,0.0,0.0,2000000.0
2023-09-03,0.0,0.0,2000000.0
2023-09-04,0.0,0.0,2000000.0
2023-09-05,0.0,0.0,2000000.0
2023-09-06,0.0,0.0,2000000.0
2023-09-07,0.0,0.0,2000000.0
2023-09-08,0.0,0.0,2000000.0
2023-09-09,0.0,0.0,2000000.0
2023-09-10,0.0,0.0,2000000.0
2023-09-11,0.0,0.0,2000000.0
2023-09-12,0.0,0.0,2000000.0
2023-09-13,0.0,0.0,2000000.0
2023-09-14,0.0,0.0,2000000.0
2023-09-15,0.0,0.0,2000000.0
2023-09-16,0.0,0.0,2000000.0
2023-09-17,0.0,0.0,2000000.0
2023-09-18,0.0,0.0,2000000.0
2023-09-19,0.0,0.0,2000000.0
2023-09-20,0.0,0.0,2000000.0
2023-09-21,0.0,0.0,2000000.0
2023-09-22,0.0,0.0,2000000.0
2023-09-23,0.0,0.0,2000000.0
2023-09-24,0.0,0.0,2000000.0
2023-09-25,0.0,0.0,2000000.0
2023-09-26,0.0,0.0,2000000.0
2023-09-27,0.0,0.0,2000000.0
2023-09-28,0.0,0.0,2000000.0
2023-09-29,0.0,0.0,2000000.0
2023-09-30,0.0,0.0,2000000.0
2023-10-01,0.0,0.0,2000000.0
2023-10-02,0.0,0.0,2000000.0
2023-10-03,0.0,0.0,2000000.0
2023-10-04,0.0,0.0,2000000.0
2023-10-05,0.0,0.0,2000000.0
2023-10-06,0.0,0.0,2000000.0
2023-10-07,0.002742592172813602,0.002742592172813602,2000054.8518434563
2023-10-08,-0.001505316423228942,-0.00424779209642899,1999969.8936715354
2023-10-09,-0.03655753139812732,-0.035052742629589975,1999268.8493720375
2023-10-10,-0.058000785290333444,-0.021451095883318907,1998839.9842941933
2023-10-11,-0.11317427755498793,-0.055205511895077185,1997736.5144489002
2023-10-12,-0.11317427755498793,0.0,1997736.5144489002
2023-10-13,-0.11317427755498793,0.0,1997736.5144489002
2023-10-14,-0.11317427755498793,0.0,1997736.5144489002
2023-10-15,-0.11317427755498793,0.0,1997736.5144489002
2023-10-16,-0.11317427755498793,0.0,1997736.5144489002
2023-10-17,-0.11317427755498793,0.0,1997736.5144489002
2023-10-18,-0.11317427755498793,0.0,1997736.5144489002
2023-10-19,-0.11317427755498793,0.0,1997736.5144489002
2023-10-20,-0.11317427755498793,0.0,1997736.5144489002
2023-10-21,-0.11317427755498793,0.0,1997736.5144489002
2023-10-22,-0.11317427755498793,0.0,1997736.5144489002
2023-10-23,-0.11317427755498793,0.0,1997736.5144489002
2023-10-24,-0.11317427755498793,0.0,1997736.5144489002
2023-10-25,-0.11317427755498793,0.0,1997736.5144489002
2023-10-26,-0.11317427755498793,0.0,1997736.5144489002
2023-10-27,-0.11317427755498793,0.0,1997736.5144489002
2023-10-28,-0.11317427755498793,0.0,1997736.5144489002
2023-10-29,-0.11317427755498793,0.0,1997736.5144489002
2023-10-30,-0.11317427755498793,0.0,1997736.5144489002
2023-10-31,-0.11317427755498793,0.0,1997736.5144489002
2023-11-01,-0.11317427755498793,0.0,1997736.5144489002
2023-11-02,-0.11317427755498793,0.0,1997736.5144489002
2023-11-03,-0.11317427755498793,0.0,1997736.5144489002
2023-11-04,-0.11317427755498793,0.0,1997736.5144489002
2023-11-05,-0.11317427755498793,0.0,1997736.5144489002
2023-11-06,-0.11317427755498793,0.0,1997736.5144489002
2023-11-07,-0.11317427755498793,0.0,1997736.5144489002
2023-11-08,-0.11317427755498793,0.0,1997736.5144489002
2023-11-09,-0.11317427755498793,0.0,1997736.5144489002
2023-11-10,-0.11317427755498793,0.0,1997736.5144489002
2023-11-11,-0.11317427755498793,0.0,1997736.5144489002
2023-11-12,-0.11317427755498793,0.0,1997736.5144489002
2023-11-13,-0.11317427755498793,0.0,1997736.5144489002
2023-11-14,-0.11317427755498793,0.0,1997736.5144489002
2023-11-15,0.9307489989022258,0.1338842247502549,2000411.168493823
2023-11-16,-0.06216404694828671,-0.08270546869793476,1998756.7190610343
2023-11-17,-0.010479781934095081,0.05171641403008926,1999790.404361318
2023-11-18,-0.015737598196952602,-0.00525836732828682,1999685.248036061
2023-11-19,0.06899562181009677,0.08474655707968834,2001379.912436202
2023-11-20,0.07726431802357546,0.008262995108623356,2001545.2863604715
2023-11-21,-0.0814821885769721,-0.1586239468897611,1998370.3562284606
2023-11-22,0.07350379086575703,0.15511236839525117,2001470.0758173151
2023-11-23,0.055743694679415784,-0.01774705143077274,2001114.8738935883
2023-11-24,0.9151739424286061,0.07882981583666464,2002692.3490633587
2023-11-25,0.1436767180610914,0.009047085936481009,2002873.5343612218
2023-11-26,0.0986855193577474,-0.04492664956771029,2001973.710387155
2023-11-27,0.07104463557867566,-0.027613633121811934,2001420.8927115735
2023-11-28,0.14883415351442528,0.07773429189135574,2002976.6830702885
2023-11-29,0.15366351126745575,0.004822180701202919,2003073.270225349
2023-11-30,0.13602022160668858,-0.017616219958626163,2002720.4044321338
2023-12-01,0.2654367485214723,0.12924073338283032,2005308.7349704294
2023-12-02,0.36910255124742397,0.10339136405096278,2007382.0510249485
2023-12-03,0.4395663506570622,0.0702046721735507,2008791.3270131412
2023-12-04,0.7121327640236356,0.27137354657126145,2014242.6552804727
2023-12-05,0.9932561998779535,0.27913561965072486,2019865.123997559
2023-12-06,0.951317608912813,-0.04152613010332,2019026.3521782563
2023-12-07,0.8852227783845854,-0.06547198401538468,2017704.4555676917
2023-12-08,1.0064427632477602,0.12015633362822578,2020128.8552649552
2023-12-09,0.9446898993210866,-0.06113754948426194,2018893.7979864217
2023-12-10,0.9549386146420846,0.010152802818275635,2019098.7722928417
2023-12-11,0.6125348547586473,-0.33916494287658006,2012250.697095173
2023-12-12,0.6448012290777988,0.032069934790660344,2012896.024581556
2023-12-13,0.830663321812707,0.1846713297310481,2016613.2664362541
2023-12-14,0.8513511185277369,0.020517366477102793,2017027.0223705547
2023-12-15,0.7052741849390907,-0.14484380424112142,2014105.4836987818
2023-12-16,0.7508715848253108,0.04527806537965766,2015017.4316965062
2023-12-17,0.6289049869240029,-0.1210576107012836,2012578.09973848
2023-12-18,0.8021448639381793,0.17215717197428285,2016042.8972787636
2023-12-19,0.7505961615707376,-0.05113849753596186,2015011.9232314148
2023-12-20,0.9386589401142672,0.18666170296594461,2018773.1788022853
2023-12-21,0.9646985886976239,0.0257974980614769,2019293.9717739525
2023-12-22,0.9791772111587574,0.014340281963417289,2019583.5442231752
2023-12-23,0.9431453689130722,-0.035682447847974426,2018862.9073782614
2023-12-24,0.8471981678852113,-0.09505073442798546,2016943.9633577042
2023-12-25,0.9261298822590615,0.07826862402508082,2018522.5976451812
2023-12-26,0.7820457169241155,-0.14276200375763476,2015640.9143384823
2023-12-27,0.906245403369877,0.12323592517124791,2018124.9080673975
2023-12-28,0.7894483919478371,-0.11574805003907059,2015788.9678389567
2023-12-29,0.7223733786606812,-0.06654963823823702,2014447.4675732136
2023-12-30,0.7322737645714777,0.00982938107859757,2014645.4752914296
2023-12-31,0.7516208980914438,0.01920648943672582,2015032.4179618289
2024-01-01,1.0075984608257889,0.25406793503924063,2020151.9692165158
2024-01-02,1.1112008081940703,0.10256886506262385,2022224.0161638814
2024-01-03,0.8274500505093253,-0.280632368537502,2016549.0010101865
2024-01-04,1.8565240910336491,0.24205338269865764,2021430.1260809076
2024-01-05,1.0704813509311177,-0.0010140871069847914,2021409.6270186224
2024-01-06,1.0402306896506226,-0.029930263392592846,2020804.6137930125
2024-01-07,1.033506039001129,-0.006655418939163561,2020670.1207800226
2024-01-08,1.5506060073415282,0.5118103771839685,2031012.1201468306
2024-01-09,1.4066950612283196,-0.14171352764040113,2028133.9012245664
2024-01-10,1.4997775728521634,0.0917912881073994,2029995.5514570433
2024-01-11,1.4459067900537046,-0.053074779163720526,2028918.135801074
2024-01-12,0.6630373414397938,-0.771711223631812,2013260.7468287959
2024-01-13,0.674204025953426,0.011093132900168548,2013484.0805190685
2024-01-14,0.48330608064556724,-0.18961952285080497,2009666.1216129113
2024-01-15,0.6165585410346743,0.13261154074902917,2012331.1708206935
2024-01-16,0.7238192855546252,0.10660347171008282,2014476.3857110925
2024-01-17,0.6619028774752631,-0.06147146575511339,2013238.0575495053
2024-01-18,0.414031912313588,-0.24624108831260758,2008280.6382462718
2024-01-19,0.470760243861319,0.05649442659295765,2009415.2048772264
2024-01-20,0.4790828479428892,0.00828360814765376,2009581.6569588578
2024-01-21,0.4530626231852803,-0.025896160693450906,2009061.2524637056
2024-01-22,0.18517483143261634,-0.26667956631402245,2003703.4966286523
2024-01-23,0.22967188841452588,0.04441481192878931,2004593.4377682905
2024-01-24,0.2549568232757738,0.025226995544191298,2005099.1364655155
2024-01-25,0.2382437621562043,-0.01667055839346715,2004764.875243124
2024-01-26,0.48969169244398364,0.25085029510733564,2009793.8338488797
2024-01-27,0.5459735419645441,0.056007585029532236,2010919.4708392909
2024-01-28,0.5290067768139066,-0.016874634113076645,2010580.1355362781
2024-01-29,0.7644962653239608,0.23425028860860841,2015289.9253064792
2024-01-30,0.7024933382915333,-0.061532513266544686,2014049.8667658307
2024-01-31,0.6405761453949264,-0.06148526301986132,2012811.5229078985
2024-02-01,0.726814397943858,0.08568934703269551,2014536.2879588772
2024-02-02,0.7468864738244331,0.019927241817929195,2014937.7294764887
2024-02-03,0.7144944026250509,-0.03215193276250591,2014289.888052501
2024-02-04,0.6410699740173063,-0.07290353691715586,2012821.3994803461
2024-02-05,0.6626441119576338,0.021436713605983593,2013252.8822391527
2024-02-06,0.7295596049731364,0.0664750003398269,2014591.1920994627
2024-02-07,0.9440063989253366,0.2128936081853103,2018880.1279785067
2024-02-08,1.1050236794281285,0.1595114819065733,2022100.4735885626
2024-02-09,1.4212317485626786,0.31275208454245096,2028424.6349712536
2024-02-10,1.527254010295798,0.10453655502426087,2030545.080205916
2024-02-11,1.6213729446102398,0.09270312216352994,2032427.4588922048
2024-02-12,1.898685151001322,0.27288767938830544,2037973.7030200264
2024-02-13,1.8613599376262748,-0.03662973012825037,2037227.1987525255
2024-02-14,2.220685418352578,0.3527593593354067,2044413.7083670516
2024-02-15,2.235231071837526,0.014229657554552525,2044704.6214367505
2024-02-16,2.2770881916325774,0.04094197211295948,2045541.7638326515
2024-02-17,2.194531362876203,-0.08071879070480655,2043890.627257524
2024-02-18,2.2794133013962883,0.08305917879175309,2045588.2660279258
2024-02-19,2.2171806068798294,-0.06084576798761265,2044343.6121375966
2024-02-20,2.3001866825079547,0.08120560079558514,2046003.733650159
2024-02-21,2.2299824280420086,-0.06862573446109854,2044599.6485608402
2024-02-22,2.13379387168861,-0.09409035790562141,2042675.8774337722
2024-02-23,2.0404688354719545,-0.09137527617342814,2040809.376709439
2024-02-24,2.1817706940992267,0.13847629302360875,2043635.4138819845
2024-02-25,2.2093136425760456,0.026954855342323208,2044186.272851521
2024-02-26,2.6804432951558614,0.46094591166842847,2053608.8659031172
2024-02-27,3.119551248003065,0.42764516665065805,2062391.0249600613
2024-02-28,4.04458142122624,0.8970463525374274,2080891.6284245248
2024-02-29,3.8214806236033447,-0.21442807936308378,2076429.612472067
2024-03-01,4.037002523618855,0.2075889293053606,2080740.050472377
2024-03-02,3.9683089046262205,-0.06602806436780943,2079366.1780925244
2024-03-03,4.161500491623382,0.18581776411731724,2083230.0098324677
2024-03-04,5.041431080034422,0.8447752617405917,2100828.6216006884
2024-03-05,4.266102996067156,-0.7381164517613236,2085322.059921343
2024-03-06,4.6690585785174745,0.38646844072183056,2093381.1715703495
2024-03-07,4.797510604866501,0.12272206141289448,2095950.21209733
2024-03-08,5.020594255662244,0.21287113549563982,2100411.885113245
2024-03-09,5.05301547646781,0.030871298182373233,2101060.309529356
2024-03-10,5.163202702519554,0.10488725673602996,2103264.054050391
2024-03-11,5.698564369663386,0.5090769902265505,2113971.2873932677
2024-03-12,5.5912097994594605,-0.10156672500155386,2111824.195989189
2024-03-13,4.967403084281646,-0.5907752324862631,2099348.061685633
2024-03-14,4.76091618562449,-0.19671525882312327,2095218.3237124898
2024-03-15,3.8873270887212943,-0.833888370501929,2077746.541774426
2024-03-16,3.5577807609430634,-0.31721513779711935,2071155.6152188613
2024-03-17,3.8005013995066284,0.23438184632777279,2076010.0279901326
2024-03-18,3.7124281558940417,-0.0848485724299258,2074248.5631178808
2024-03-19,3.0747641129779164,-0.6148386015585604,2061495.2822595583
2024-03-20,3.538028296081198,0.4494448152173389,2070760.565921624
2024-03-21,2.9380790472124123,-0.579448207332236,2058761.5809442482
2024-03-22,2.8156698970829255,-0.11891532391365495,2056313.3979416585
2024-03-23,2.8295557593290113,0.013505589430079528,2056591.1151865802
2024-03-24,3.0607818994497067,0.22486350195062263,2061215.6379889941
2024-03-25,3.319174152362766,0.25071831219479507,2066383.4830472553
2024-03-26,3.3281624197043365,0.008699515279047469,2066563.2483940867
2024-03-27,3.285047201947088,-0.041726492320767715,2065700.9440389418
2024-03-28,3.3941324233614028,0.10561569594970195,2067882.648467228
2024-03-29,3.3167212934077255,-0.07486994487918024,2066334.4258681545
2024-03-30,3.294385045386769,-0.021619199429996842,2065887.7009077354
2024-03-31,3.435699518398452,0.1368075069613801,2068713.990367969
2024-04-01,3.30001322056629,-0.13117936888707046,2066000.2644113258
2024-04-02,2.951618190276413,-0.33726523301210365,2059032.3638055283
2024-04-03,2.993175297424954,0.04036566678508572,2059863.505948499
2024-04-04,3.2032963344326246,0.20401452465260952,2064065.9266886525
2024-04-05,3.1253716151949718,-0.07550603711836469,2062507.4323038994
2024-04-06,3.2509748116423256,0.12179660008017593,2065019.4962328465
2024-04-07,3.305215050811914,0.05253242331952523,2066104.3010162383
2024-04-08,4.356532010466395,0.2497321770066892,2071264.028266395
2024-04-09,3.301645300273795,-0.2525569985057585,2066032.906005476
2024-04-10,3.458650859029777,0.15198747154472095,2069173.0171805955
2024-04-11,3.3925904963633275,-0.06385194676128315,2067851.8099272666
2024-04-12,3.087084710013284,-0.29548131532770633,2061741.6942002657
2024-04-13,2.8813256238117115,-0.1995973470201224,2057626.5124762342
2024-04-14,3.1133293354366676,0.22550614527779653,2062266.5867087333
2024-04-15,2.774722260313644,-0.32838341784261943,2055494.4452062729
2024-04-16,2.83331629624418,0.05701210827125902,2056666.3259248836
2024-04-17,2.6141868771320906,-0.21309185291741142,2052283.7375426418
2024-04-18,3.023334449817799,0.3987241775599824,2060466.688996356
2024-04-19,3.081728582211584,0.056680491565945526,2061634.5716442317
2024-04-20,3.270134540716489,0.18277337904228497,2065402.6908143298
2024-04-21,3.270250691885874,0.00011247314618248569,2065405.0138377175
2024-04-22,3.6598071951376046,0.3772204489112745,2073196.143902752
2024-04-23,3.5757386380325538,-0.08110043745961536,2071514.772760651
2024-04-24,3.1351088062958095,-0.4254179960778451,2062702.1761259162
2024-04-25,3.1784062288154966,0.04198126420849234,2063568.12457631
2024-04-26,3.027341262378311,-0.14641141684450296,2060546.8252475662
2024-04-27,2.96345189682747,-0.062012049197828545,2059269.0379365494
2024-04-28,2.8922346369646723,-0.06916751386128708,2057844.6927392934
2024-04-29,3.0472508172892847,0.15065877504901826,2060945.0163457857
2024-04-30,2.5510127170803374,-0.48156364800921847,2051020.2543416067
2024-05-01,2.3550353358887133,-0.0353060180239877,2050296.1207609333
2024-05-02,2.5401668967342235,0.02473872767037015,2050803.3379346845
2024-05-03,2.679483188765496,0.1358650919415554,2053589.66377531
2024-05-04,2.7637065376645302,0.08202548969222848,2055274.1307532906
2024-05-05,2.773709639487171,0.009734080406076488,2055474.1927897434
2024-05-06,2.7389747856864006,-0.03379741173361784,2054779.495713728
2024-05-07,2.681048580162111,-0.056381918979748535,2053620.9716032422
2024-05-08,2.6050650372521136,-0.07399957826752951,2052101.3007450423
2024-05-09,2.7327836597827027,0.12447594325311273,2054655.673195654
2024-05-10,2.578377604424849,-0.1502987165900192,2051567.552088497
2024-05-11,2.5801430055379866,0.0017210265500064953,2051602.8601107597
2024-05-12,2.624821233709017,0.04355446079717204,2052496.4246741803
2024-05-13,2.7236898070487428,0.0963398251526022,2054473.7961409749
2024-05-14,2.56851509002276,-0.15106030295198258,2051370.3018004552
2024-05-15,3.0850936556252537,0.5036424336933226,2061701.873112505
2024-05-16,2.9892194909737912,-0.09300487708896851,2059784.3898194758
2024-05-17,3.165787505662406,0.17144320110522834,2063315.7501132481
2024-05-18,3.1550480672721406,-0.010409883596029061,2063100.9613454428
2024-05-19,3.091757437663188,-0.06135485445916104,2061835.1487532638
2024-05-20,3.60233580541932,0.49526594603343094,2072046.7161083864
2024-05-21,3.474185087833728,-0.12369481497625524,2069483.7017566746
2024-05-22,3.377281397976272,-0.09365011164398107,2067545.6279595254
2024-05-23,3.25913079531088,-0.11429068463364055,2065182.6159062176
2024-05-24,3.316415038651007,0.05547620137698084,2066328.3007730201
2024-05-25,2.970615316363657,-0.3346996913878449,2059412.3063272731
2024-05-26,2.9218788510371,-0.0473304594488637,2058437.577020742
2024-05-27,2.97969527655337,0.05617505836630723,2059593.9055310674
2024-05-28,2.9150760397829347,-0.06274949308880687,2058301.5207956587
2024-05-29,2.868638511312322,-0.045122182538797004,2057372.7702262464
2024-05-30,2.912198789268965,0.042345537558419626,2058243.9757853793
2024-05-31,2.861640853798774,-0.04912725222567411,2057232.8170759755
2024-06-01,2.875761916252051,0.013728210376643925,2057515.238325041
2024-06-02,2.875685969786742,-7.382347784803703e-05,2057513.7193957348
2024-06-03,2.9406930315399076,0.0631899181428133,2058813.8606307982
2024-06-04,3.0482593719363216,0.10449350711429194,2060965.1874387264
2024-06-05,3.0837525167448443,0.034443225945638235,2061675.050334897
2024-06-06,3.0645206306827837,-0.01865656380615067,2061290.4126136557
2024-06-07,2.974663511969976,-0.08718530699308093,2059493.2702393995
2024-06-08,2.9718534927531612,-0.0027288452527819153,2059437.0698550632
2024-06-09,2.992874478334293,0.02041430242159476,2059857.4895666859
2024-06-10,2.986142633449356,-0.006536223907755175,2059722.8526689871
2024-06-11,2.8475864001306475,-0.13453871538024428,2056951.728002613
2024-06-12,2.906709478357609,0.05748611153298446,2058134.1895671522
2024-06-13,2.8138941825694173,-0.09019362902446297,2056277.8836513883
2024-06-14,2.768511811957124,-0.044140309024484875,2055370.2362391425
2024-06-15,2.7799822182683624,0.0111614015898434,2055599.6443653672
2024-06-16,2.8079093520974623,0.027171763631747566,2056158.1870419492
2024-06-17,2.797168529862887,-0.010447466836223569,2055943.3705972577
2024-06-18,2.71443606111384,-0.08048127193796513,2054288.7212222768
2024-06-19,2.701926682256546,-0.012178793300145953,2054038.533645131
2024-06-20,2.695428901887685,-0.0063268339541130295,2053908.5780377537
2024-06-21,2.650207761886192,-0.0440342286750621,2053004.1552377238
2024-06-22,2.6575814166542724,0.007183282848472006,2053151.6283330854
2024-06-23,2.592093153116747,-0.06379291488636314,2051841.863062335
2024-06-24,2.575774477185006,-0.015906368054491006,2051515.4895437001
2024-06-25,2.6961027544170504,0.11730672066122927,2053922.055088341
2024-06-26,2.6212494676397413,-0.07288814742688876,2052424.9893527948
2024-06-27,2.688184860891069,0.0652256658329175,2053763.6972178214
2024-06-28,2.5864764401645517,-0.09904588426049102,2051729.528803291
2024-06-29,2.6309292794056236,0.043332065573964816,2052618.5855881125
2024-06-30,3.768633541595226,0.13766759445821153,2055444.3762182938
2024-07-01,2.786227838437853,0.013631142428614613,2055724.556768757
2024-07-02,2.7025414677391995,-0.08141788297766323,2054050.829354784
2024-07-03,2.4916190185743035,-0.20537218081516564,2049832.380371486
2024-07-04,2.290508791880193,-0.1962211433675017,2045810.1758376039
2024-07-05,2.5598668059079093,0.2633264974522228,2051197.3361181582
2024-07-06,2.5598668059079093,0.0,2051197.3361181582
2024-07-07,2.3852590928902617,-0.17024955126754263,2047705.1818578052
2024-07-08,2.448322100659308,0.06159383521394632,2048966.4420131862
2024-07-09,2.546608861218381,0.09593789194761268,2050932.1772243676
2024-07-10,2.4998186905278126,-0.04562819893331839,2049996.3738105563
2024-07-11,2.444106414483604,-0.05435353618762744,2048882.128289672
2024-07-12,2.523383383926656,0.07738558343444524,2050467.6676785331
2024-07-13,2.7131885088516747,0.1851334970230566,2054263.7701770335
2024-07-14,3.0359776665107345,0.31426262035594615,2060719.5533302147
2024-07-15,5.028447219135821,0.555915617470965,2072175.4151594553
2024-07-16,3.6539482535709746,0.04360392973269062,2073078.9650714195
2024-07-17,3.51891718966011,-0.13027102795981801,2070378.3437932022
2024-07-18,3.5047827141731167,-0.01365400244778172,2070095.6542834623
2024-07-19,3.8822030125569666,0.3646404431629899,2077644.0602511393
2024-07-20,3.9499953864426,0.06525889124380516,2078999.907728852
2024-07-21,4.09482608969881,0.13932728204343772,2081896.5217939762
2024-07-22,4.005370834775502,-0.08593631238331091,2080107.41669551
2024-07-23,3.7799424059033857,-0.21674691130156623,2075598.8481180677
2024-07-24,3.7008432991034583,-0.0762181062796852,2074016.8659820692
2024-07-25,3.7607244910961484,0.057744170719976735,2075214.489821923
2024-07-26,4.058476461772586,0.2869601885846393,2081169.5292354517
2024-07-27,4.056853546579764,-0.0015596184453245678,2081137.0709315953
2024-07-28,4.106767016626662,0.047967498867870606,2082135.3403325332
2024-07-29,3.899814961677312,-0.19878828329795065,2077996.2992335462
2024-07-30,3.815534955898044,-0.08111660815792093,2076310.6991179609
2024-07-31,3.5951913788049947,-0.21224528408648405,2071903.8275761
2024-08-01,3.697738714600564,0.09898850943823813,2073954.7742920113
2024-08-02,3.1531383769326613,-0.5251805337498874,2063062.7675386532
2024-08-03,3.040093647130963,-0.10958922974172683,2060801.8729426193
2024-08-04,2.681754255048069,-0.347766951095809,2053635.0851009614
2024-08-05,2.8350428698779897,0.14928515386401736,2056700.8573975598
2024-08-06,3.0714942936645353,0.22993273225522817,2061429.8858732907
2024-08-07,2.988258619749011,-0.08075528009555712,2059765.1723949802
2024-08-08,3.60249073714494,0.5964098486836095,2072049.8147428988
2024-08-09,3.5229909888987665,-0.07673536387062027,2070459.8197779753
2024-08-10,3.5310084635096253,0.0077446319259832945,2070620.1692701925
2024-08-11,3.323735369886469,-0.2002038777553402,2066474.7073977294
2024-08-12,3.3831773691500184,0.05752985899198675,2067663.5473830004
2024-08-13,3.49947481336802,0.11249165210190665,2069989.4962673604
2024-08-14,3.3209978785553487,-0.17244235792935622,2066419.957571107
2024-08-15,3.2139047801897163,-0.10365085564844265,2064278.0956037943
2024-08-16,3.3389237592890164,0.12112610153210208,2066778.4751857803
2024-08-17,3.439670316134754,0.09749139354345375,2068793.406322695
2024-08-18,3.2659408837172434,-0.16795242278572095,2065318.8176743449
2024-08-19,3.4309417437158993,0.15978245933424937,2068618.834874318
2024-08-20,3.3616386084328758,-0.06700425821776315,2067232.7721686575
2024-08-21,5.118222479701275,0.34379198941509187,2074339.752841937
2024-08-22,3.607551224294631,-0.10551445842204102,2072151.0244858926
2024-08-23,4.121131890723377,0.49569810342966414,2082422.6378144675
2024-08-24,4.137931900669891,0.016135062730729156,2082758.6380133978
2024-08-25,4.1467674406759905,0.008484458875684053,2082935.3488135198
2024-08-26,3.952354701376753,-0.18667189013809668,2079047.094027535
2024-08-27,3.4727752239856287,-0.4613454680933482,2069455.5044797126
2024-08-28,3.419459003056586,-0.051526810616251716,2068389.1800611317
2024-08-29,3.464921566501237,0.04395939012145391,2069298.4313300247
2024-08-30,3.4319555621793727,-0.03186201064355444,2068639.1112435875
2024-08-31,3.4109152224283665,-0.02034220433776624,2068218.3044485673
2024-09-01,3.1763673337094374,-0.22681153939546556,2063527.3466741887
2024-09-02,3.433097351283184,0.24882637779191258,2068661.9470256637
2024-09-03,3.091878209184855,-0.3298935745291165,2061837.564183697
2024-09-04,3.192137788902479,0.09725264633765446,2063842.7557780496
2024-09-05,2.8205193496030874,-0.36012282259294054,2056410.3869920617
2024-09-06,2.8235088233256245,0.002907468024327825,2056470.1764665125
2024-09-07,2.842060952076141,0.018042691756797933,2056841.2190415228
2024-09-08,2.9570808729608777,0.11184132233438518,2059141.6174592176
2024-09-09,4.587074545664503,0.3315442231979728,2065968.582539369
2024-09-10,3.4222893499790454,0.11990523385245257,2068445.786999581
2024-09-11,3.360151758681331,-0.060081430887149054,2067203.0351736266
2024-09-12,3.5257852749724754,0.1602489097325005,2070515.7054994495
2024-09-13,3.998227592434653,0.45635231474683696,2079964.551848693
2024-09-14,3.904412500600063,-0.0902083564368499,2078088.2500120013
2024-09-15,3.744447337278794,-0.15395415793371178,2074888.9467455759
2024-09-16,3.573896230371308,-0.16439540745059317,2071477.9246074262
2024-09-17,3.964041571386904,0.3766830786666804,2079280.831427738
2024-09-18,4.232684506200498,0.25839985705935764,2084653.69012401
2024-09-19,4.453395299117896,0.21174816130181115,2089067.905982358
2024-09-20,4.500409670545231,0.04500990254333253,2090008.1934109046
2024-09-21,4.5278889073974335,0.026295817345439943,2090557.7781479487
2024-09-22,4.570581954714283,0.04084369039029574,2091411.6390942857
2024-09-23,4.526222429440811,-0.04242065449409379,2090524.4485888162
2024-09-24,4.697646718778194,0.16400122892903796,2093952.9343755639
2024-09-25,4.491298847915045,-0.19708931129789925,2089825.976958301
2024-09-26,4.866949360594433,0.3595041087833912,2097338.9872118887
2024-09-27,4.977668892704742,0.10558096024095272,2099553.377854095
2024-09-28,4.994027129503037,0.015582587202440356,2099880.5425900607
2024-09-29,4.946468412433239,-0.04529659293012705,2098929.368248665
2024-09-30,4.52391871409386,-0.40263355664221573,2090478.3742818772
2024-10-01,4.055408036747889,-0.44823298160825353,2081108.1607349578
2024-10-02,4.02633291966744,-0.02794195672192362,2080526.6583933488
2024-10-03,4.045548506629933,0.018471848832094833,2080910.9701325987
2024-10-04,4.293251783640741,0.23807196037322464,2085865.0356728148
2024-10-05,4.288049845760526,-0.004987799106127466,2085760.9969152105
2024-10-06,4.429600148985861,0.1357301276940983,2088592.0029797172
2024-10-07,4.318889906050335,-0.10601423617210061,2086377.7981210067
2024-10-08,4.307090796237043,-0.011310616729067828,2086141.8159247409
2024-10-09,4.023869430514169,-0.2715264739538605,2080477.3886102834
2024-10-10,3.966345286733855,-0.0552989848341864,2079326.905734677
2024-10-11,4.377597490698402,0.39556281682340017,2087551.949813968
2024-10-12,4.501370171218121,0.11858165305131604,2090027.4034243624
2024-10-13,4.4389097599564815,-0.059769944795271215,2088778.1951991296
2024-10-14,5.036012341701192,0.5717242578624173,2100720.246834024
2024-10-15,5.2199658699900375,0.1751337700163357,2104399.3173998008
2024-10-16,5.321379506799649,0.09638250304596907,2106427.590135993
2024-10-17,5.284551644442743,-0.034967128734321395,2105691.032888855
2024-10-18,5.471490713507845,0.17755602901403403,2109429.814270157
2024-10-19,5.462201538721751,-0.008807285004936383,2109244.030774435
2024-10-20,5.583702087088814,0.11520767307560155,2111674.0417417763
2024-10-21,5.276325151252188,-0.29112157441031183,2105526.5030250438
2024-10-22,5.285335650794697,0.008558903941188748,2105706.713015894
2024-10-23,5.144632520309859,-0.1336398175634975,2102892.650406197
2024-10-24,5.42881252887065,0.2702753357437424,2108576.250577413
2024-10-25,5.069688888400933,-0.34063140033126643,2101393.7777680187
2024-10-26,5.164124794604792,0.08987930506215161,2103282.495892096
2024-10-27,5.386535084666428,0.21148874722822414,2107730.7016933286
2024-10-28,5.951383205734054,0.5359775047294538,2119027.664114681
2024-10-29,8.011308923264778,0.6941364018519183,2133736.6064966135
2024-10-30,6.586429542374937,-0.09410794392339271,2131728.5908474987
2024-10-31,6.060245672454662,-0.49366872704098164,2121204.9134490932
2024-11-01,5.856204049612628,-0.19238275524287785,2117124.0809922526
2024-11-02,5.825118462172872,-0.029365862604696022,2116502.3692434574
2024-11-03,5.531052811815403,-0.2778788766133842,2110621.056236308
2024-11-04,5.339356158192456,-0.1816495225957653,2106787.123163849
2024-11-05,5.654441048594122,0.2991141221031293,2113088.8209718824
2024-11-06,6.937962742938707,1.214829856280484,2138759.254858774
2024-11-07,6.997149845544365,0.0553471387405562,2139942.9969108873
2024-11-08,7.132104306256538,0.12612902391043726,2142642.0861251308
2024-11-09,7.166817469477653,0.032402204218710554,2143336.349389553
2024-11-10,7.931250263204752,0.71331108992279,2158625.005264095
2024-11-11,9.644960132486654,1.587779132644893,2192899.202649733
2024-11-12,9.500878146927036,-0.13140775954090314,2190017.5629385407
2024-11-13,10.00252765781558,0.4581237332320186,2200050.5531563116
2024-11-14,9.371196493152132,-0.5739242343842564,2187423.9298630427
2024-11-15,10.138513079601504,0.7015709904000295,2202770.26159203
2024-11-16,10.046357994869375,-0.08367198916651811,2200927.1598973875
2024-11-17,9.895040649967083,-0.13750327376517776,2197900.8129993416
2024-11-18,10.020927621717634,0.11455200435433886,2200418.5524343527
2024-11-19,10.403234072409896,0.3474852093655644,2208064.681448198
2024-11-20,10.81225856249458,0.3704823445809744,2216245.1712498916
2024-11-21,11.64666628644811,0.7529922544471458,2232933.325728962
2024-11-22,11.765678114170907,0.10659684850549188,2235313.562283418
2024-11-23,11.513196161257731,-0.22590294012734383,2230263.9232251546
2024-11-24,11.560322261422664,0.042260559097223656,2231206.4452284533
2024-11-25,10.547986803728318,-0.9074332497194729,2210959.7360745664
2024-11-26,10.331681647528475,-0.19566630063004328,2206633.6329505695
2024-11-27,11.13863641003908,0.7313898877101748,2222772.7282007816
2024-11-28,11.088203371553822,-0.045378493127439676,2221764.0674310764
2024-11-29,11.50616260374461,0.3762408784241919,2230123.252074892
2024-11-30,11.26404121088714,-0.2171372300900423,2225280.824217743
2024-12-01,11.442912443399079,0.16076283996634025,2228858.2488679816
2024-12-02,11.13346030893228,-0.2776777164936066,2222669.2061786456
2024-12-03,10.289201530313818,-0.7596800965897808,2205784.0306062764
2024-12-04,10.797620281821816,0.4609868821729159,2215952.4056364363
2024-12-05,10.511734476956516,-0.2580252212440379,2210234.6895391303
2024-12-06,11.081935380898276,0.51596412511348,2221638.7076179655
2024-12-07,11.099609654399822,0.015911024093108666,2221992.1930879964
2024-12-08,11.347340338169133,0.22298069681786517,2226946.8067633826
2024-12-09,10.60408623784834,-0.6675095229607458,2212081.724756967
2024-12-10,10.471559241577353,-0.1198210669956568,2209431.184831547
2024-12-11,11.35032838594378,0.7954709342381489,2227006.5677188756
2024-12-12,11.10141536236722,-0.22354044858657177,2222028.3072473444
2024-12-13,11.416792700802466,0.28386437509064427,2228335.8540160493
2024-12-14,11.415848763164552,-0.0008472130771596355,2228316.975263291
2024-12-15,12.095731096450915,0.6102204855357528,2241914.6219290183
2024-12-16,12.477251025781873,0.34035188102095204,2249545.0205156375
2024-12-17,12.495213686579513,0.015970038949050636,2249904.2737315902
2024-12-18,11.076543886212214,-1.261093475780956,2221530.8777242443
2024-12-19,10.493022491683625,-0.5253326887145072,2209860.4498336725
2024-12-20,10.566135297595826,0.06616961348641197,2211322.7059519165
2024-12-21,10.445211984200194,-0.10936740537250361,2208904.239684004
2024-12-22,9.949290980239748,-0.4490199213265939,2198985.819604795
2024-12-23,9.877507114385255,-0.06528815712635605,2197550.142287705
2024-12-24,10.851533536767006,0.8864657089168981,2217030.67073534
2024-12-25,11.043440189228578,0.1731204308489997,2220868.8037845716
2024-12-26,10.13203265201645,-0.8207666618208196,2202640.653040329
2024-12-27,9.758107542666071,-0.33952438754296643,2195162.1508533214
2024-12-28,10.008874888054537,0.22847273062810974,2200177.4977610908
2024-12-29,9.798140701690782,-0.19156107775686249,2195962.8140338156
2024-12-30,9.578983537149128,-0.1996000689456852,2191579.6707429825
2024-12-31,9.760570240253745,0.16571307493745638,2195211.404805075
2025-01-01,9.99585815038404,0.214364693637501,2199917.163007681
2025-01-02,10.613790933996416,0.5617782287470782,2212275.8186799283
2025-01-03,11.783001425953023,0.2780934793913719,2218428.0134778293
2025-01-04,10.93295514711938,0.010416811505909968,2218659.1029423876
2025-01-05,10.184023102335422,-0.6751213323315168,2203680.4620467084
2025-01-06,10.967187419051722,0.7107784728362324,2219343.7483810345
2025-01-07,9.273451641349121,-1.5263392874025459,2185469.0328269824
2025-01-08,8.989504333671833,-0.2598502229152994,2179790.0866734367
2025-01-09,8.542102041144553,-0.4105003461228318,2170842.040822891
2025-01-10,8.929835710619344,0.35721960620203796,2178596.714212387
2025-01-11,8.907338231577864,-0.020653183670675725,2178146.7646315573
2025-01-12,8.897539733926836,-0.00899709588916145,2177950.7946785367
2025-01-13,8.895941435384074,-0.0014677085879676356,2177918.8287076815
2025-01-14,9.313415036592259,0.38336929338721265,2186268.300731845
2025-01-15,10.087336580729671,0.7079840510685202,2201746.7316145934
2025-01-16,9.99164261334883,-0.08692549965605323,2199832.8522669766
2025-01-17,10.759029245055023,0.6976772175353095,2215180.5849011005
2025-01-18,10.848850805458078,0.08109637743783576,2216977.0161091615
2025-01-19,10.243850297950416,-0.5457887051706538,2204877.0059590084
2025-01-20,10.418041273492156,0.15800516316416818,2208360.825469843
2025-01-21,11.14670941868059,0.6599176518478626,2222934.188373612
2025-01-22,10.689457169799343,-0.41139521923119926,2213789.143395987
2025-01-23,10.727670967027313,0.03452342996799407,2214553.4193405462
2025-01-24,10.907813148618118,0.16268939824847203,2218156.2629723623
2025-01-25,10.884614326803293,-0.02091721147160041,2217692.286536066
2025-01-26,10.485581458410156,-0.35986315217465015,2209711.629168203
2025-01-27,10.384799322427483,-0.09121745539313557,2207695.9864485497
2025-01-28,10.244591384454003,-0.12701743250349398,2204891.82768908
2025-01-29,10.694444025309547,0.4080496242094835,2213888.880506191
2025-01-30,10.880128408246161,0.16774498898441467,2217602.568164923
2025-01-31,10.449851708095474,-0.3880557376038244,2208997.0341619095
2025-02-01,10.113283989197015,-0.304724464264527,2202265.6797839403
2025-02-02,9.562617317496612,-0.5000910441962914,2191252.3463499323
2025-02-03,10.243278066599554,0.6212527281367205,2204865.561331991
2025-02-04,9.574350874442002,-0.6067736771700901,2191487.01748884
2025-02-05,9.358460180852889,-0.19702666898432863,2187169.2036170578
2025-02-06,9.347563394997643,-0.00996428244986809,2186951.267899953
2025-02-07,9.338642214429145,-0.008158554513253913,2186772.844288583
2025-02-08,9.3269987135652,-0.010649026390059206,2186539.974271304
2025-02-09,9.330377692787861,0.0030907088481552597,2186607.553855757
2025-02-10,9.512003923554206,0.16612604346497747,2190240.078471084
2025-02-11,9.201944587463792,-0.283128173151551,2184038.891749276
2025-02-12,9.594399609574467,0.35938464611895454,2191887.9921914893
2025-02-13,9.357655304624956,-0.2160186157257147,2187153.106092499
2025-02-14,9.525073312374415,0.1530921701668729,2190501.4662474883
2025-02-15,9.53805264511318,0.011850558366436701,2190761.0529022636
2025-02-16,9.26571930247622,-0.24861985041789797,2185314.3860495244
2025-02-17,9.202282297769212,-0.05805755465847281,2184045.6459553842
2025-02-18,9.181970899065863,-0.018599793224068673,2183639.4179813173
2025-02-19,9.364452662605956,0.16713543640715978,2187289.053252119
2025-02-20,9.676014809555538,0.2848842922578915,2193520.2961911107
2025-02-21,9.01574715232111,-0.6020164558139112,2180314.943046422
2025-02-22,9.071720837404788,0.05134458694803912,2181434.416748096
2025-02-23,9.027277704146318,-0.04074670585304373,2180545.5540829264
2025-02-24,8.48366046335646,-0.23783506602669682,2175359.452124631
2025-02-25,9.183596072130953,0.3821193462932942,2183671.921442619
2025-02-26,9.183596072130953,0.0,2183671.921442619
2025-02-27,9.183596072130953,0.0,2183671.921442619
2025-02-28,9.183596072130953,0.0,2183671.921442619
2025-03-01,9.183596072130953,0.0,2183671.921442619
2025-03-02,9.183596072130953,0.0,2183671.921442619
2025-03-03,9.183596072130953,0.0,2183671.921442619
2025-03-04,9.183596072130953,0.0,2183671.921442619
2025-03-05,9.183596072130953,0.0,2183671.921442619
2025-03-06,9.183596072130953,0.0,2183671.921442619
2025-03-07,9.183596072130953,0.0,2183671.921442619
2025-03-08,9.183596072130953,0.0,2183671.921442619
2025-03-09,9.183596072130953,0.0,2183671.921442619
2025-03-10,9.183596072130953,0.0,2183671.921442619
2025-03-11,9.183596072130953,0.0,2183671.921442619
2025-03-12,9.183596072130953,0.0,2183671.921442619
2025-03-13,9.183596072130953,0.0,2183671.921442619
2025-03-14,9.183596072130953,0.0,2183671.921442619
2025-03-15,9.183596072130953,0.0,2183671.921442619
2025-03-16,9.183596072130953,0.0,2183671.921442619
2025-03-17,9.183596072130953,0.0,2183671.921442619
2025-03-18,9.183596072130953,0.0,2183671.921442619
2025-03-19,9.183596072130953,0.0,2183671.921442619
2025-03-20,9.183596072130953,0.0,2183671.921442619
2025-03-21,9.183596072130953,0.0,2183671.921442619
2025-03-22,9.183596072130953,0.0,2183671.921442619
2025-03-23,9.183596072130953,0.0,2183671.921442619
2025-03-24,9.183596072130953,0.0,2183671.921442619
2025-03-25,9.183596072130953,0.0,2183671.921442619
2025-03-26,9.183596072130953,0.0,2183671.921442619
2025-03-27,9.183596072130953,0.0,2183671.921442619
2025-03-28,9.183596072130953,0.0,2183671.921442619
2025-03-29,9.183596072130953,0.0,2183671.921442619
2025-03-30,9.183596072130953,0.0,2183671.921442619
2025-03-31,9.183596072130953,0.0,2183671.921442619
2025-04-01,9.183596072130953,0.0,2183671.921442619
2025-04-02,9.183596072130953,0.0,2183671.921442619
2025-04-03,9.183596072130953,0.0,2183671.921442619
2025-04-04,9.183596072130953,0.0,2183671.921442619
2025-04-05,9.183596072130953,0.0,2183671.921442619
2025-04-06,9.183596072130953,0.0,2183671.921442619
2025-04-07,9.183596072130953,0.0,2183671.921442619
2025-04-08,9.019862394896359,-0.14996179199522328,2180397.247897927
2025-04-09,9.37306686462136,0.32398176072320517,2187461.337292427
2025-04-10,9.256912540297257,-0.10620011640331468,2185138.250805945
2025-04-11,9.404292665086453,0.1348931810011003,2188085.853301729
2025-04-12,9.475850729207858,0.06540699855394215,2189517.014584157
2025-04-13,9.417273873916734,-0.0535066454391072,2188345.4774783347
2025-04-14,9.449386301448545,0.029348590396078657,2188987.726028971
2025-04-15,9.41279401302787,-0.033433068614831536,2188255.8802605574
2025-04-16,9.427714911647374,0.013637252164246048,2188554.2982329475
2025-04-17,9.46314639825509,0.032378896549492144,2189262.927965102
2025-04-18,9.444872458337597,-0.016694148230498862,2188897.449166752
2025-04-19,9.468131744697247,0.021252056708737206,2189362.634893945
2025-04-20,9.472079474881431,0.0036062825968295456,2189441.5894976286
2025-04-21,9.562325058009383,0.08243707761910037,2191246.5011601876
2025-04-22,9.791193778996332,0.20889363279372933,2195823.8755799267
2025-04-23,9.800774062488438,0.008725912491114422,2196015.4812497688
2025-04-24,9.811949193448084,0.010177643149662066,2196238.9838689617
2025-04-25,9.837366737070727,0.023146427879051214,2196747.3347414145
2025-04-26,9.83663928865008,-0.0006622959401303192,2196732.7857730016
2025-04-27,9.776788265502919,-0.0544909454029032,2195535.7653100584
2025-04-28,9.862738884700532,0.0782958042001884,2197254.7776940106
2025-04-29,9.811357050375618,-0.04676911830756332,2196227.1410075123
2025-04-30,9.8055796931623,-0.005261165482788096,2196111.593863246
2025-05-01,9.96345984004184,0.14378153398098326,2199269.196800837
2025-05-02,10.001706579469051,0.034781316887305465,2200034.131589381
2025-05-03,9.902465134305274,-0.09021809592752239,2198049.3026861055
2025-05-04,9.75045256675582,-0.13831588523850621,2195009.0513351164
2025-05-05,9.794363671111409,0.040009952878217535,2195887.273422228
2025-05-06,9.996591993968538,0.18418825529414565,2199931.8398793708
2025-05-07,10.020880065245507,0.02208074890020326,2200417.60130491
2025-05-08,10.68924372288012,0.6074880124920411,2213784.8744576024
2025-05-09,10.66156683858896,-0.025004131711704052,2213231.336771779
2025-05-10,10.83717328159993,0.15868783357017596,2216743.4656319986
2025-05-11,10.771086489728512,-0.05962511485520653,2215421.7297945702
2025-05-12,10.644300919991919,-0.11445727739463024,2212886.0183998384
2025-05-13,10.76972180650737,0.11335503543571272,2215394.4361301474
2025-05-14,10.712773996179296,-0.05141098975363779,2214255.479923586
2025-05-15,10.737228393200365,0.022088144067201294,2214744.5678640073
2025-05-16,10.70857673517978,-0.025873555295110623,2214171.5347035956
2025-05-17,10.676347084176028,-0.02911215368692248,2213526.9416835206
2025-05-18,10.994353634143783,0.2873301824154825,2219887.0726828757
2025-05-19,10.910205814123525,-0.07581270331788496,2218204.1162824705
2025-05-20,11.032171987862744,0.10996839546364603,2220643.439757255
2025-05-21,11.299183536875363,0.24048124451875705,2225983.6707375073
2025-05-22,11.49530609990852,0.17621204109568003,2229906.1219981704
2025-05-23,11.076926525628707,-0.3752441146759239,2221538.530512574
2025-05-24,11.119320581912692,0.03816639297649608,2222386.411638254
2025-05-25,11.238040376868822,0.10683992156756718,2224760.8075373764
2025-05-26,11.27919111881759,0.03699340783903852,2225583.822376352
2025-05-27,11.219570014172978,-0.05357794574634484,2224391.4002834596
2025-05-28,11.080741031852504,-0.12482423938771131,2221614.82063705
2025-05-29,10.8175795602764,-0.23691007921944107,2216351.591205528
2025-05-30,10.66426581019247,-0.1383478602332581,2213285.3162038494
2025-05-31,10.722217064065486,0.05236672691834659,2214444.3412813097
2025-06-01,10.822661762916507,0.09071774528584567,2216453.23525833
2025-06-02,10.6687612372739,-0.13887098829285086,2213375.224745478
2025-06-03,10.797237370468652,0.1160906942107169,2215944.747409373
2025-06-04,10.732249588194117,-0.058654695565412515,2214644.9917638823
2025-06-05,10.42756781284297,-0.27515179767794784,2208551.3562568594
2025-06-06,10.693218501276522,0.24056555233000274,2213864.3700255305
2025-06-07,10.813986276724888,0.10910133166556399,2216279.7255344978
2025-06-08,10.835504269847972,0.019418120262680142,2216710.0853969594
2025-06-09,11.364475642005658,0.47725805520748416,2227289.512840113
2025-06-10,11.365735628200719,0.0011314076484423374,2227314.7125640144
2025-06-11,11.185185258100972,-0.1621238068255751,2223703.7051620195
2025-06-12,10.855683907833159,-0.29635364594925295,2217113.678156663
2025-06-13,10.899441000971525,0.03947212411295424,2217988.8200194305
2025-06-14,10.812825574759673,-0.07810267160056464,2216256.5114951935
2025-06-15,10.83665594365243,0.021505063849020116,2216733.1188730486
2025-06-16,10.996152149612783,0.14390203728398224,2219923.0429922557
2025-06-17,10.698108461374998,-0.2685171354733519,2213962.1692275
2025-06-18,10.742696241405607,0.04027871898657139,2214853.924828112
2025-06-19,10.712379845811961,-0.02737552599185238,2214247.5969162392
2025-06-20,10.531616061926913,-0.16327332511214876,2210632.3212385383
2025-06-21,10.375114428720321,-0.14158992583525573,2207502.2885744064
2025-06-22,10.246994777043746,-0.11607657427101807,2204939.895540875
2025-06-23,10.664624157816148,0.37881248519924615,2213292.483156323
2025-06-24,10.753694270471135,0.08048652704767255,2215073.8854094227
2025-06-25,10.903230084577507,0.13501654738594132,2218064.60169155
2025-06-26,10.856437567547058,-0.04219220395543353,2217128.751350941
2025-06-27,10.868391348135262,0.010783118103467191,2217367.8269627052
2025-06-28,10.898023120965087,0.026726980043192846,2217960.4624193017
2025-06-29,11.024081819391204,0.11367082557334245,2220481.636387824
2025-06-30,10.880152498418559,-0.1296379295500801,2217603.049968371
2025-07-01,10.705910064093187,-0.15714483647364846,2214118.2012818637
2025-07-02,11.083462739241263,0.3410411196019185,2221669.2547848253
2025-07-03,11.18107582010862,0.08787363884802081,2223621.5164021724
2025-07-04,10.968565087428946,-0.1911393023606981,2219371.301748579
2025-07-05,10.996962875366467,0.025590839996126952,2219939.2575073293
2025-07-06,11.130496741480776,0.12030407198100392,2222609.9348296155
2025-07-07,11.005569311751866,-0.11241507362243061,2220111.3862350374
2025-07-08,11.093205724461283,0.07894776203822239,2221864.1144892257
2025-07-09,11.400048682669178,0.2762031721084193,2228000.9736533836
2025-07-10,12.835281546466051,0.5471100189562724,2240190.5902026845
2025-07-11,12.200233290401032,0.17025674610083183,2244004.6658080206
2025-07-12,12.186705116117256,-0.012057171261632246,2243734.102322345
2025-07-13,12.396129195518373,0.18667459676648357,2247922.5839103675
2025-07-14,12.490942019446335,0.08435595122945018,2249818.8403889267
2025-07-15,12.229188308051159,-0.23268870070438716,2244583.766161023
2025-07-16,12.338803462748485,0.09767080770151423,2246776.0692549697
2025-07-17,12.40755388069281,0.06119917234753252,2248151.077613856
2025-07-18,12.250141522446672,-0.1400371708232462,2245002.8304489334
2025-07-19,12.239480828537722,-0.009497265450499793,2244789.6165707544
2025-07-20,12.167243443879904,-0.06436004882111945,2243344.868877598
2025-07-21,12.181724094116433,0.012909874391067182,2243634.4818823286
2025-07-22,12.505171356766553,0.2883243819454604,2250103.427135331
2025-07-23,12.35458088763305,-0.13385204192611322,2247091.617752661
2025-07-24,12.302433457503305,-0.04641326567885845,2246048.669150066
2025-07-25,12.21112142249921,-0.08130904397423389,2244222.428449984
2025-07-26,12.249532088624662,0.03423071228459568,2244990.6417724933
2025-07-27,12.437458861166519,0.16741875805190987,2248749.1772233304
2025-07-28,12.267416772312298,-0.15123259683783966,2245348.335446246
2025-07-29,12.253398537841766,-0.012486467466302675,2245067.9707568353
2025-07-30,12.239518525475171,-0.012364892775977427,2244790.3705095034
2025-07-31,11.978628073947434,-0.2324408149243098,2239572.5614789487
2025-08-01,11.668740399695631,-0.27673823084094523,2233374.8079939126
2025-08-02,11.574299518883764,-0.08457235254363431,2231485.9903776753
2025-08-03,11.783197097725234,0.18722732720909044,2235663.9419545047
2025-08-04,11.911638926605997,0.11490262598990873,2238232.77853212
2025-08-05,11.27153925862608,-0.5719688087131914,2225430.7851725216
2025-08-06,11.369146392150107,0.08771976569602451,2227382.927843002
2025-08-07,11.71471771880798,0.3102935937400983,2234294.3543761596
2025-08-08,11.603611856256054,-0.09945499108862904,2232072.237125121
2025-08-09,12.589791988298668,-0.01600415035567867,2231715.012928244
2025-08-10,11.94989757635407,0.32633819984395135,2238997.9515270814
2025-08-11,11.875663761453074,-0.06630985512994045,2237513.2752290615
2025-08-12,12.052464311907581,0.15803307395922025,2241049.2862381516
2025-08-13,12.439786301186052,0.3456612861278341,2248795.726023721
2025-08-14,11.827936354695051,-0.5441578702863002,2236558.727093901
2025-08-15,11.711576763646793,-0.10405234581025344,2234231.535272936
2025-08-16,11.716290777550057,0.004219807865782564,2234325.815551001
2025-08-17,11.719263744101324,0.0026611754924698106,2234385.2748820265
2025-08-18,11.575442977007386,-0.12873408065359934,2231508.8595401477
2025-08-19,11.165929349110462,-0.3670284580284508,2223318.5869822092
2025-08-20,11.336652105933661,0.15357471288442476,2226733.042118673
2025-08-21,11.21405227618257,-0.11011632506646588,2224281.0455236514
2025-08-22,11.677807938988739,0.4169937641104067,2233556.158779775
2025-08-23,11.36595397373084,-0.27924434676249227,2227319.079474617
2025-08-24,11.150458049227577,-0.19350251743373437,2223009.1609845515
2025-08-25,10.802905061295185,-0.31268695966908416,2216058.1012259037
2025-08-26,10.91399605608573,0.10026000196392965,2218279.9211217146
2025-08-27,10.880275992679456,-0.03040199127729958,2217605.519853589
2025-08-28,11.008690916427085,0.11581403689517072,2220173.8183285417
2025-08-29,10.636121793400427,-0.33562158057259456,2212722.4358680085
2025-08-30,10.65736736803057,0.01920310861024081,2213147.3473606114
2025-08-31,10.62977856656406,-0.024931734888246734,2212595.571331281
2025-09-01,10.67774943127758,0.043361620474233066,2213554.9886255516
2025-09-02,10.774681004190352,0.08757999996463627,2215493.620083807
2025-09-03,10.79274434458979,0.016306379973916863,2215854.886891796
2025-09-04,10.732469253609958,-0.05440346417664546,2214649.385072199
2025-09-05,10.728086689857278,-0.003957794657900796,2214561.7337971455
2025-09-06,10.69890133795922,-0.026357677415488934,2213978.0267591844
2025-09-07,10.757601599667337,0.0530269596162537,2215152.0319933468
2025-09-08,10.814973736807051,0.05179972869680363,2216299.474736141
2025-09-09,10.782893469066732,-0.02894939795456992,2215657.8693813346
2025-09-10,10.932128792134975,0.13470971771459783,2218642.5758426995
2025-09-11,12.274991710246168,0.12012833795134753,2221307.7942941403
2025-09-12,11.110165226669377,0.0403145499037785,2222203.3045333875
2025-09-13,11.10106402014261,-0.00819115560506886,2222021.280402852
2025-09-14,11.047808080430352,-0.047934680177863724,2220956.161608607
2025-09-15,11.054499060122948,0.006025314509359635,2221089.981202459
2025-09-16,11.172369225637615,0.10613722677804685,2223447.3845127523
2025-09-17,11.144412068505957,-0.025147576980134884,2222888.241370119
2025-09-18,11.199407106876606,0.04948070474001984,2223988.142137532
2025-09-19,11.095905771894776,-0.09307723635824071,2221918.1154378955
2025-09-20,11.099730110851722,0.003442376143723798,2221994.6022170344
2025-09-21,11.067171879438845,-0.02930540999549676,2221343.437588777
2025-09-22,10.881786599635495,-0.16691275798809616,2217635.73199271
2025-09-23,10.83494724518815,-0.04224260438413537,2216698.944903763
2025-09-24,10.92890030102774,0.0847684400767094,2218578.006020555
2025-09-25,10.488112407318619,-0.3973607351312014,2209762.2481463724
2025-09-26,10.521441195134912,0.03016504408494623,2210428.8239026982
2025-09-27,10.52105037263881,-0.0003536169017305533,2210421.007452776
2025-09-28,10.650884584510466,0.11747464526793806,2213017.6916902093
2025-09-29,10.828495045607212,0.16051427131709337,2216569.900912144
2025-09-30,10.806746134018223,-0.01962393478323272,2216134.9226803645
2025-10-01,11.147547314724768,0.30756356683766756,2222950.9462944954
2025-10-02,11.287492995015414,0.1259098231779937,2225749.8599003083
2025-10-03,11.410675087566394,0.11068817279988177,2228213.501751328
2025-10-04,11.422178304737038,0.010325058313848596,2228443.5660947408
2025-10-05,11.501131612476032,0.07085959809819718,2230022.6322495206
2025-10-06,11.586228651046055,0.07631943939885674,2231724.573020921
2025-10-07,11.345631267457781,-0.2156156601910729,2226912.6253491556
2025-10-08,11.488376063926612,0.12819972803957577,2229767.521278532
2025-10-09,11.3694660781299,-0.1066568462065761,2227389.321562598
2025-10-10,10.726450707746228,-0.577371332581026,2214529.0141549245
2025-10-11,10.57234377129844,-0.13917806943396133,2211446.875425969
2025-10-12,10.884478866650932,0.2822903853771027,2217689.5773330186
2025-10-13,10.899469222611678,0.013518894721751532,2217989.3844522336
2025-10-14,10.744800871288147,-0.1394671700484516,2214896.017425763
2025-10-15,10.58094441568365,-0.14795859879231663,2211618.888313673
2025-10-16,10.566797176050487,-0.012793560145389883,2211335.9435210098
2025-10-17,10.673969945984007,0.09693033774223699,2213479.39891968
2025-10-18,10.715378056787374,0.037414498480153484,2214307.5611357475
2025-10-19,10.801691455737151,0.07795972019849615,2216033.829114743
2025-10-20,10.951545613471838,0.13524537014360383,2219030.9122694368
2025-10-21,10.923096724718413,-0.025640822393347633,2218461.9344943683
2025-10-22,10.887045262151211,-0.03250131273982726,2217740.905243024
2025-10-23,11.011000521625625,0.11178515865524898,2220220.0104325125
2025-10-24,11.081846167180432,0.06381858124141936,2221636.9233436086
2025-10-25,11.130878744951193,0.044140946034482646,2222617.574899024
2025-10-26,11.340320644474588,0.1884641801529085,2226806.4128894918
2025-10-27,11.309821809829607,-0.027392443697343838,2226196.436196592
2025-10-28,11.228185526813125,-0.07334149106442558,2224563.7105362625
2025-10-29,11.033940862536175,-0.17463618898118646,2220678.8172507235
2025-10-30,11.05225625681514,0.01649531137658173,2221045.125136303
2025-10-31,11.168770225325273,0.10491814613895684,2223375.4045065055
2025-11-01,11.20364189827987,0.031368227681133856,2224072.8379655974
2025-11-02,11.235133063201118,0.02831846546001882,2224702.6612640223
2025-11-03,11.05135204555278,-0.16521849939615357,2221027.0409110556
2025-11-04,11.086723604854871,0.031851534133128315,2221734.4720970974
2025-11-05,11.194803400155855,0.09729317041110425,2223896.068003117
2025-11-06,11.025843981783325,-0.15194902388063727,2220516.8796356665
2025-11-07,11.158465866213058,0.11945136346046986,2223169.317324261
2025-11-08,11.090183934847545,-0.061427558246167434,2221803.678696951
2025-11-09,11.343658701725118,0.22817026482396638,2226873.1740345024
2025-11-10,11.4692752133267,0.11281873890824096,2229385.504266534
2025-11-11,11.235779795316606,-0.20947065239568163,2224715.595906332
2025-11-12,11.124683324944158,-0.0998747620386855,2222493.666498883
2025-11-13,10.969473973920127,-0.13967135507615147,2219389.4794784025
2025-11-14,10.830127843386517,-0.12557158788223005,2216602.5568677303
2025-11-15,10.830127843386517,0.0,2216602.5568677303
2025-11-16,10.830127843386517,0.0,2216602.5568677303
2025-11-17,10.830127843386517,0.0,2216602.5568677303
2025-11-18,10.830127843386517,0.0,2216602.5568677303
2025-11-19,10.763481912876363,-0.060133405786855186,2215269.6382575273
2025-11-20,10.530354602493624,-0.2104730786326396,2210607.0920498725
2025-11-21,10.530354602493624,0.0,2210607.0920498725
2025-11-22,10.530354602493624,0.0,2210607.0920498725
2025-11-23,10.530354602493624,0.0,2210607.0920498725
2025-11-24,10.530354602493624,0.0,2210607.0920498725
2025-11-25,10.530354602493624,0.0,2210607.0920498725
2025-11-26,10.530354602493624,0.0,2210607.0920498725
2025-11-27,10.530354602493624,0.0,2210607.0920498725
2025-11-28,10.530354602493624,0.0,2210607.0920498725
2025-11-29,10.530354602493624,0.0,2210607.0920498725
2025-11-30,10.530354602493624,0.0,2210607.0920498725
2025-12-01,10.530354602493624,0.0,2210607.0920498725
