high_by_point_n,high_by_point_m,low_by_point_n,low_by_point_m,high_by_point_n_on_trend,high_by_point_m_on_trend,low_by_point_n_on_trend,low_by_point_m_on_trend,power_scaling_factor,mintick,debug_mode,Fit Score,Total Pnl%,Avg Pnl% per entry,Trade Count,Winning entry%,Avg Winner%,Avg Loser%,Scale
4,4,4,4,4,4,4,4,1.1,0.01,False,3.32,392.15,6.88,57,56.14,17.54,-6.77,1.341
4,4,4,4,4,4,4,4,1.3,0.01,False,3.32,364.73,6.4,57,56.14,16.32,-6.29,1.247
4,4,4,4,4,4,4,4,1.5,0.01,False,3.32,344.86,6.05,57,56.14,15.43,-5.95,1.179
4,4,4,4,4,4,4,4,2,0.01,False,3.32,315.94,5.54,57,56.14,14.13,-5.45,1.08
4,4,4,4,4,4,4,14,1.1,0.01,False,4.31,625.08,8.45,74,62.16,17.7,-6.75,1.341
4,4,4,4,4,4,4,14,1.3,0.01,False,4.3,584.09,7.89,74,62.16,16.55,-6.33,1.247
4,4,4,4,4,4,4,14,1.5,0.01,False,4.29,553.66,7.48,74,62.16,15.69,-6.01,1.179
4,4,4,4,4,4,4,14,2,0.01,False,4.29,506.87,6.85,74,62.16,14.37,-5.5,1.08
4,4,4,4,4,4,14,4,1.1,0.01,False,5.76,575.16,10.46,55,67.27,18.81,-6.71,1.341
4,4,4,4,4,4,14,4,1.3,0.01,False,5.75,537.23,9.77,55,67.27,17.58,-6.29,1.247
4,4,4,4,4,4,14,4,1.5,0.01,False,5.74,509.12,9.26,55,67.27,16.66,-5.97,1.179
4,4,4,4,4,4,14,4,2,0.01,False,5.74,466.13,8.48,55,67.27,15.25,-5.46,1.08
4,4,4,4,4,4,14,14,1.1,0.01,False,5.17,504.33,11.21,45,64.44,21.56,-7.56,1.341
4,4,4,4,4,4,14,14,1.3,0.01,False,5.16,473.43,10.52,45,64.44,20.25,-7.12,1.247
4,4,4,4,4,4,14,14,1.5,0.01,False,5.15,449.86,10.0,45,64.44,19.25,-6.77,1.179
4,4,4,4,4,4,14,14,2,0.01,False,5.15,411.57,9.15,45,64.44,17.61,-6.19,1.08
4,4,4,4,4,14,4,4,1.1,0.01,False,3.3,441.93,8.18,54,51.85,22.64,-7.39,1.341
4,4,4,4,4,14,4,4,1.3,0.01,False,3.3,412.69,7.64,54,51.85,21.15,-6.91,1.247
4,4,4,4,4,14,4,4,1.5,0.01,False,3.3,391.05,7.24,54,51.85,20.04,-6.55,1.179
4,4,4,4,4,14,4,4,2,0.01,False,3.3,358.03,6.63,54,51.85,18.35,-5.99,1.08
4,4,4,4,4,14,4,14,1.1,0.01,False,3.07,519.8,7.53,69,57.97,19.26,-8.65,1.341
4,4,4,4,4,14,4,14,1.3,0.01,False,3.06,486.68,7.05,69,57.97,18.07,-8.15,1.247
4,4,4,4,4,14,4,14,1.5,0.01,False,3.05,461.81,6.69,69,57.97,17.17,-7.76,1.179
4,4,4,4,4,14,4,14,2,0.01,False,3.05,422.66,6.13,69,57.97,15.71,-7.09,1.08
4,4,4,4,4,14,14,4,1.1,0.01,False,3.98,557.1,9.61,58,60.34,21.27,-8.14,1.341
4,4,4,4,4,14,14,4,1.3,0.01,False,3.95,521.4,8.99,58,60.34,19.94,-7.68,1.247
4,4,4,4,4,14,14,4,1.5,0.01,False,3.94,494.65,8.53,58,60.34,18.94,-7.32,1.179
4,4,4,4,4,14,14,4,2,0.01,False,3.94,452.74,7.81,58,60.34,17.33,-6.69,1.08
4,4,4,4,4,14,14,14,1.1,0.01,False,4.58,508.58,12.4,41,58.54,27.11,-8.36,1.341
4,4,4,4,4,14,14,14,1.3,0.01,False,4.56,478.35,11.67,41,58.54,25.53,-7.9,1.247
4,4,4,4,4,14,14,14,1.5,0.01,False,4.55,455.01,11.1,41,58.54,24.29,-7.53,1.179
4,4,4,4,4,14,14,14,2,0.01,False,4.56,416.15,10.15,41,58.54,22.22,-6.88,1.08
4,4,4,4,14,4,4,4,1.1,0.01,False,4.09,555.88,10.29,54,55.56,24.53,-7.5,1.341
4,4,4,4,14,4,4,4,1.3,0.01,False,4.09,519.44,9.62,54,55.56,22.92,-7.01,1.247
4,4,4,4,14,4,4,4,1.5,0.01,False,4.09,492.37,9.12,54,55.56,21.73,-6.64,1.179
4,4,4,4,14,4,4,4,2,0.01,False,4.09,450.76,8.35,54,55.56,19.89,-6.08,1.08
4,4,4,4,14,4,4,14,1.1,0.01,False,3.85,709.43,8.87,80,61.25,19.55,-8.02,1.341
4,4,4,4,14,4,4,14,1.3,0.01,False,3.84,664.79,8.31,80,61.25,18.34,-7.55,1.247
4,4,4,4,14,4,4,14,1.5,0.01,False,3.83,631.1,7.89,80,61.25,17.43,-7.19,1.179
4,4,4,4,14,4,4,14,2,0.01,False,3.83,577.53,7.22,80,61.25,15.94,-6.57,1.08
4,4,4,4,14,4,14,4,1.1,0.01,False,5.1,700.11,12.5,56,62.5,24.88,-8.13,1.341
4,4,4,4,14,4,14,4,1.3,0.01,False,5.07,655.64,11.71,56,62.5,23.33,-7.66,1.247
4,4,4,4,14,4,14,4,1.5,0.01,False,5.06,622.21,11.11,56,62.5,22.16,-7.3,1.179
4,4,4,4,14,4,14,4,2,0.01,False,5.06,569.44,10.17,56,62.5,20.27,-6.67,1.08
4,4,4,4,14,4,14,14,1.1,0.01,False,6.67,714.61,14.89,48,66.67,26.27,-7.88,1.341
4,4,4,4,14,4,14,14,1.3,0.01,False,6.66,672.61,14.01,48,66.67,24.74,-7.43,1.247
4,4,4,4,14,4,14,14,1.5,0.01,False,6.65,640.03,13.33,48,66.67,23.54,-7.08,1.179
4,4,4,4,14,4,14,14,2,0.01,False,6.65,585.32,12.19,48,66.67,21.53,-6.47,1.08
4,4,4,4,14,14,4,4,1.1,0.01,False,4.04,464.61,10.32,45,55.56,24.7,-7.65,1.341
4,4,4,4,14,14,4,4,1.3,0.01,False,4.05,436.69,9.7,45,55.56,23.19,-7.15,1.247
4,4,4,4,14,14,4,4,1.5,0.01,False,4.06,415.23,9.23,45,55.56,22.03,-6.78,1.179
4,4,4,4,14,14,4,4,2,0.01,False,4.06,379.82,8.44,45,55.56,20.16,-6.21,1.08
4,4,4,4,14,14,4,14,1.1,0.01,False,3.49,553.14,8.78,63,60.32,20.41,-8.89,1.341
4,4,4,4,14,14,4,14,1.3,0.01,False,3.48,520.41,8.26,63,60.32,19.22,-8.4,1.247
4,4,4,4,14,14,4,14,1.5,0.01,False,3.47,495.09,7.86,63,60.32,18.3,-8.01,1.179
4,4,4,4,14,14,4,14,2,0.01,False,3.47,452.79,7.19,63,60.32,16.73,-7.32,1.08
4,4,4,4,14,14,14,4,1.1,0.01,False,4.98,587.28,11.99,49,65.31,22.96,-8.68,1.341
4,4,4,4,14,14,14,4,1.3,0.01,False,4.96,552.96,11.28,49,65.31,21.64,-8.21,1.247
4,4,4,4,14,14,14,4,1.5,0.01,False,4.95,526.27,10.74,49,65.31,20.61,-7.83,1.179
4,4,4,4,14,14,14,4,2,0.01,False,4.96,481.26,9.82,49,65.31,18.84,-7.16,1.08
4,4,4,4,14,14,14,14,1.1,0.01,False,7.35,550.8,17.21,32,65.62,30.36,-7.88,1.341
4,4,4,4,14,14,14,14,1.3,0.01,False,7.41,521.91,16.31,32,65.62,28.73,-7.4,1.247
4,4,4,4,14,14,14,14,1.5,0.01,False,7.44,498.39,15.57,32,65.62,27.42,-7.03,1.179
4,4,4,4,14,14,14,14,2,0.01,False,7.43,455.34,14.23,32,65.62,25.05,-6.44,1.08
4,4,4,14,4,4,4,4,1.1,0.01,False,3.54,421.37,7.8,54,55.56,19.59,-6.92,1.593
4,4,4,14,4,4,4,4,1.3,0.01,False,3.54,394.91,7.31,54,55.56,18.35,-6.49,1.5
4,4,4,14,4,4,4,4,1.5,0.01,False,3.54,374.92,6.94,54,55.56,17.42,-6.16,1.427
4,4,4,14,4,4,4,4,2,0.01,False,3.54,343.09,6.35,54,55.56,15.95,-5.64,1.305
4,4,4,14,4,4,4,14,1.1,0.01,False,4.35,636.26,8.84,72,59.72,19.21,-6.55,1.593
4,4,4,14,4,4,4,14,1.3,0.01,False,4.35,598.9,8.32,72,59.72,18.09,-6.17,1.5
4,4,4,14,4,4,4,14,1.5,0.01,False,4.35,569.9,7.92,72,59.72,17.21,-5.87,1.427
4,4,4,14,4,4,4,14,2,0.01,False,4.35,521.18,7.24,72,59.72,15.74,-5.37,1.305
4,4,4,14,4,4,14,4,1.1,0.01,False,5.81,610.31,11.52,53,64.15,21.68,-6.68,1.593
4,4,4,14,4,4,14,4,1.3,0.01,False,5.81,574.47,10.84,53,64.15,20.41,-6.29,1.5
4,4,4,14,4,4,14,4,1.5,0.01,False,5.81,546.66,10.31,53,64.15,19.42,-5.99,1.427
4,4,4,14,4,4,14,4,2,0.01,False,5.81,499.93,9.43,53,64.15,17.76,-5.47,1.305
4,4,4,14,4,4,14,14,1.1,0.01,False,5.95,535.54,13.06,41,63.41,24.76,-7.21,1.593
4,4,4,14,4,4,14,14,1.3,0.01,False,5.94,505.92,12.34,41,63.41,23.39,-6.82,1.5
4,4,4,14,4,4,14,14,1.5,0.01,False,5.94,482.34,11.76,41,63.41,22.31,-6.51,1.427
4,4,4,14,4,4,14,14,2,0.01,False,5.94,440.88,10.75,41,63.41,20.39,-5.95,1.305
4,4,4,14,4,14,4,4,1.1,0.01,False,3.47,442.16,9.61,46,50.0,27.0,-7.77,1.593
4,4,4,14,4,14,4,4,1.3,0.01,False,3.47,416.2,9.05,46,50.0,25.41,-7.31,1.5
4,4,4,14,4,14,4,4,1.5,0.01,False,3.47,396.05,8.61,46,50.0,24.18,-6.96,1.427
4,4,4,14,4,14,4,4,2,0.01,False,3.47,362.19,7.87,46,50.0,22.11,-6.37,1.305
4,4,4,14,4,14,4,14,1.1,0.01,False,2.95,477.59,7.7,62,54.84,21.23,-8.73,1.593
4,4,4,14,4,14,4,14,1.3,0.01,False,2.95,450.91,7.27,62,54.84,20.06,-8.26,1.5
4,4,4,14,4,14,4,14,1.5,0.01,False,2.95,429.76,6.93,62,54.84,19.13,-7.88,1.427
4,4,4,14,4,14,4,14,2,0.01,False,2.95,392.85,6.34,62,54.84,17.49,-7.2,1.305
4,4,4,14,4,14,14,4,1.1,0.01,False,3.86,512.79,10.26,50,56.0,24.71,-8.14,1.593
4,4,4,14,4,14,14,4,1.3,0.01,False,3.85,484.05,9.68,50,56.0,23.35,-7.71,1.5
4,4,4,14,4,14,14,4,1.5,0.01,False,3.85,461.31,9.23,50,56.0,22.26,-7.36,1.427
4,4,4,14,4,14,14,4,2,0.01,False,3.85,421.7,8.43,50,56.0,20.34,-6.73,1.305
4,4,4,14,4,14,14,14,1.1,0.01,False,4.86,457.5,14.76,31,54.84,33.88,-8.46,1.593
4,4,4,14,4,14,14,14,1.3,0.01,False,4.85,433.62,13.99,31,54.84,32.14,-8.05,1.5
4,4,4,14,4,14,14,14,1.5,0.01,False,4.84,414.14,13.36,31,54.84,30.7,-7.7,1.427
4,4,4,14,4,14,14,14,2,0.01,False,4.84,378.35,12.2,31,54.84,28.05,-7.03,1.305
4,4,4,14,14,4,4,4,1.1,0.01,False,3.85,513.82,10.7,48,52.08,27.77,-7.84,1.593
4,4,4,14,14,4,4,4,1.3,0.01,False,3.85,483.65,10.08,48,52.08,26.14,-7.38,1.5
4,4,4,14,14,4,4,4,1.5,0.01,False,3.85,460.24,9.59,48,52.08,24.87,-7.03,1.427
4,4,4,14,14,4,4,4,2,0.01,False,3.85,420.89,8.77,48,52.08,22.75,-6.43,1.305
4,4,4,14,14,4,4,14,1.1,0.01,False,3.7,684.61,9.13,75,58.67,21.33,-8.19,1.593
4,4,4,14,14,4,4,14,1.3,0.01,False,3.69,646.5,8.62,75,58.67,20.15,-7.75,1.5
4,4,4,14,14,4,4,14,1.5,0.01,False,3.69,616.25,8.22,75,58.67,19.21,-7.39,1.427
4,4,4,14,14,4,4,14,2,0.01,False,3.69,563.31,7.51,75,58.67,17.56,-6.76,1.305
4,4,4,14,14,4,14,4,1.1,0.01,False,4.93,679.73,13.33,51,58.82,28.43,-8.24,1.593
4,4,4,14,14,4,14,4,1.3,0.01,False,4.92,641.7,12.58,51,58.82,26.85,-7.8,1.5
4,4,4,14,14,4,14,4,1.5,0.01,False,4.91,611.59,11.99,51,58.82,25.6,-7.45,1.427
4,4,4,14,14,4,14,4,2,0.01,False,4.91,559.06,10.96,51,58.82,23.4,-6.81,1.305
4,4,4,14,14,4,14,14,1.1,0.01,False,6.97,674.34,17.29,39,64.1,31.49,-8.06,1.593
4,4,4,14,14,4,14,14,1.3,0.01,False,6.96,639.21,16.39,39,64.1,29.86,-7.66,1.5
4,4,4,14,14,4,14,14,1.5,0.01,False,6.95,610.52,15.65,39,64.1,28.52,-7.32,1.427
4,4,4,14,14,4,14,14,2,0.01,False,6.96,557.76,14.3,39,64.1,26.06,-6.69,1.305
4,4,4,14,14,14,4,4,1.1,0.01,False,3.98,424.84,11.48,37,51.35,29.86,-7.92,1.593
4,4,4,14,14,14,4,4,1.3,0.01,False,3.99,401.59,10.85,37,51.35,28.22,-7.47,1.5
4,4,4,14,14,14,4,4,1.5,0.01,False,3.99,383.01,10.35,37,51.35,26.9,-7.12,1.427
4,4,4,14,14,14,4,4,2,0.01,False,3.99,350.05,9.46,37,51.35,24.59,-6.51,1.305
4,4,4,14,14,14,4,14,1.1,0.01,False,3.37,512.42,9.15,56,57.14,22.76,-9.0,1.593
4,4,4,14,14,14,4,14,1.3,0.01,False,3.37,485.67,8.67,56,57.14,21.59,-8.54,1.5
4,4,4,14,14,14,4,14,1.5,0.01,False,3.37,463.83,8.28,56,57.14,20.62,-8.17,1.427
4,4,4,14,14,14,4,14,2,0.01,False,3.37,423.76,7.57,56,57.14,18.84,-7.46,1.305
4,4,4,14,14,14,14,4,1.1,0.01,False,4.94,549.51,13.4,41,60.98,27.56,-8.72,1.593
4,4,4,14,14,14,14,4,1.3,0.01,False,4.93,520.62,12.7,41,60.98,26.13,-8.29,1.5
4,4,4,14,14,14,14,4,1.5,0.01,False,4.92,497.12,12.12,41,60.98,24.96,-7.92,1.427
4,4,4,14,14,14,14,4,2,0.01,False,4.92,454.19,11.08,41,60.98,22.8,-7.24,1.305
4,4,4,14,14,14,14,14,1.1,0.01,False,8.48,499.15,21.7,23,60.87,40.42,-7.42,1.593
4,4,4,14,14,14,14,14,1.3,0.01,False,8.5,475.24,20.66,23,60.87,38.47,-7.04,1.5
4,4,4,14,14,14,14,14,1.5,0.01,False,8.51,454.96,19.78,23,60.87,36.83,-6.73,1.427
4,4,4,14,14,14,14,14,2,0.01,False,8.5,415.38,18.06,23,60.87,33.62,-6.15,1.305
4,4,14,4,4,4,4,4,1.1,0.01,False,4.99,641.74,9.72,66,63.64,19.11,-6.71,1.593
4,4,14,4,4,4,4,4,1.3,0.01,False,4.99,602.19,9.12,66,63.64,17.93,-6.29,1.5
4,4,14,4,4,4,4,4,1.5,0.01,False,4.99,572.09,8.67,66,63.64,17.04,-5.98,1.427
4,4,14,4,4,4,4,4,2,0.01,False,4.99,523.42,7.93,66,63.64,15.59,-5.47,1.305
4,4,14,4,4,4,4,14,1.1,0.01,False,4.5,825.22,9.6,86,62.79,19.65,-7.37,1.593
4,4,14,4,4,4,4,14,1.3,0.01,False,4.5,776.77,9.03,86,62.79,18.5,-6.94,1.5
4,4,14,4,4,4,4,14,1.5,0.01,False,4.5,739.16,8.59,86,62.79,17.6,-6.6,1.427
4,4,14,4,4,4,4,14,2,0.01,False,4.5,675.97,7.86,86,62.79,16.1,-6.04,1.305
4,4,14,4,4,4,14,4,1.1,0.01,False,6.3,798.47,11.92,67,70.15,20.19,-7.53,1.593
4,4,14,4,4,4,14,4,1.3,0.01,False,6.3,751.58,11.22,67,70.15,19.01,-7.08,1.5
4,4,14,4,4,4,14,4,1.5,0.01,False,6.3,715.2,10.67,67,70.15,18.09,-6.74,1.427
4,4,14,4,4,4,14,4,2,0.01,False,6.3,654.05,9.76,67,70.15,16.54,-6.17,1.305
4,4,14,4,4,4,14,14,1.1,0.01,False,5.57,701.2,12.09,58,65.52,22.49,-7.68,1.593
4,4,14,4,4,4,14,14,1.3,0.01,False,5.56,661.86,11.41,58,65.52,21.24,-7.26,1.5
4,4,14,4,4,4,14,14,1.5,0.01,False,5.56,630.74,10.87,58,65.52,20.24,-6.92,1.427
4,4,14,4,4,4,14,14,2,0.01,False,5.56,576.59,9.94,58,65.52,18.5,-6.32,1.305
4,4,14,4,4,14,4,4,1.1,0.01,False,4.56,613.63,10.58,58,58.62,23.12,-7.18,1.593
4,4,14,4,4,14,4,4,1.3,0.01,False,4.56,577.6,9.96,58,58.62,21.76,-6.76,1.5
4,4,14,4,4,14,4,4,1.5,0.01,False,4.56,549.63,9.48,58,58.62,20.71,-6.43,1.427
4,4,14,4,4,14,4,4,2,0.01,False,4.56,502.65,8.67,58,58.62,18.94,-5.88,1.305
4,4,14,4,4,14,4,14,1.1,0.01,False,2.98,576.56,7.69,75,57.33,20.17,-9.09,1.593
4,4,14,4,4,14,4,14,1.3,0.01,False,2.98,544.06,7.25,75,57.33,19.05,-8.6,1.5
4,4,14,4,4,14,4,14,1.5,0.01,False,2.98,518.4,6.91,75,57.33,18.16,-8.2,1.427
4,4,14,4,4,14,4,14,2,0.01,False,2.98,473.91,6.32,75,57.33,16.6,-7.5,1.305
4,4,14,4,4,14,14,4,1.1,0.01,False,4.11,645.8,10.09,64,62.5,21.34,-8.65,1.593
4,4,14,4,4,14,14,4,1.3,0.01,False,4.1,609.25,9.52,64,62.5,20.14,-8.19,1.5
4,4,14,4,4,14,14,4,1.5,0.01,False,4.1,580.44,9.07,64,62.5,19.2,-7.81,1.427
4,4,14,4,4,14,14,4,2,0.01,False,4.1,530.65,8.29,64,62.5,17.55,-7.14,1.305
4,4,14,4,4,14,14,14,1.1,0.01,False,4.45,571.48,11.91,48,58.33,26.32,-8.27,1.593
4,4,14,4,4,14,14,14,1.3,0.01,False,4.45,540.91,11.27,48,58.33,24.92,-7.85,1.5
4,4,14,4,4,14,14,14,1.5,0.01,False,4.44,516.23,10.75,48,58.33,23.79,-7.5,1.427
4,4,14,4,4,14,14,14,2,0.01,False,4.44,471.72,9.83,48,58.33,21.74,-6.85,1.305
4,4,14,4,14,4,4,4,1.1,0.01,False,4.9,733.76,11.83,62,61.29,24.26,-7.84,1.593
4,4,14,4,14,4,4,4,1.3,0.01,False,4.9,690.67,11.14,62,61.29,22.84,-7.38,1.5
4,4,14,4,14,4,4,4,1.5,0.01,False,4.9,657.24,10.6,62,61.29,21.73,-7.02,1.427
4,4,14,4,14,4,4,4,2,0.01,False,4.9,601.05,9.69,62,61.29,19.87,-6.42,1.305
4,4,14,4,14,4,4,14,1.1,0.01,False,3.93,844.34,9.82,86,61.63,21.37,-8.73,1.593
4,4,14,4,14,4,4,14,1.3,0.01,False,3.92,796.85,9.27,86,61.63,20.18,-8.26,1.5
4,4,14,4,14,4,4,14,1.5,0.01,False,3.92,759.33,8.83,86,61.63,19.23,-7.88,1.427
4,4,14,4,14,4,4,14,2,0.01,False,3.92,694.15,8.07,86,61.63,17.58,-7.2,1.305
4,4,14,4,14,4,14,4,1.1,0.01,False,5.3,868.22,13.15,66,65.15,24.88,-8.77,1.593
4,4,14,4,14,4,14,4,1.3,0.01,False,5.29,819.12,12.41,66,65.15,23.49,-8.29,1.5
4,4,14,4,14,4,14,4,1.5,0.01,False,5.29,780.42,11.82,66,65.15,22.38,-7.91,1.427
4,4,14,4,14,4,14,4,2,0.01,False,5.29,713.46,10.81,66,65.15,20.46,-7.23,1.305
4,4,14,4,14,4,14,14,1.1,0.01,False,6.9,886.25,15.02,59,67.8,25.91,-7.91,1.593
4,4,14,4,14,4,14,14,1.3,0.01,False,6.89,838.68,14.21,59,67.8,24.53,-7.5,1.5
4,4,14,4,14,4,14,14,1.5,0.01,False,6.88,800.33,13.56,59,67.8,23.41,-7.16,1.427
4,4,14,4,14,4,14,14,2,0.01,False,6.88,731.35,12.4,59,67.8,21.39,-6.54,1.305
4,4,14,4,14,14,4,4,1.1,0.01,False,5.97,650.22,13.0,50,64.0,24.41,-7.27,1.593
4,4,14,4,14,14,4,4,1.3,0.01,False,5.98,614.1,12.28,50,64.0,23.05,-6.85,1.5
4,4,14,4,14,14,4,4,1.5,0.01,False,5.98,585.41,11.71,50,64.0,21.97,-6.53,1.427
4,4,14,4,14,14,4,4,2,0.01,False,5.98,535.1,10.7,50,64.0,20.08,-5.97,1.305
4,4,14,4,14,14,4,14,1.1,0.01,False,3.48,650.68,9.3,70,60.0,21.74,-9.37,1.593
4,4,14,4,14,14,4,14,1.3,0.01,False,3.47,615.8,8.8,70,60.0,20.59,-8.89,1.5
4,4,14,4,14,14,4,14,1.5,0.01,False,3.47,587.67,8.4,70,60.0,19.65,-8.49,1.427
4,4,14,4,14,14,4,14,2,0.01,False,3.47,537.01,7.67,70,60.0,17.96,-7.76,1.305
4,4,14,4,14,14,14,4,1.1,0.01,False,5.37,734.53,12.89,57,68.42,23.14,-9.34,1.593
4,4,14,4,14,14,14,4,1.3,0.01,False,5.36,695.18,12.2,57,68.42,21.91,-8.86,1.5
4,4,14,4,14,14,14,4,1.5,0.01,False,5.35,663.43,11.64,57,68.42,20.92,-8.47,1.427
4,4,14,4,14,14,14,4,2,0.01,False,5.35,606.23,10.64,57,68.42,19.11,-7.73,1.305
4,4,14,4,14,14,14,14,1.1,0.01,False,7.11,672.25,16.4,41,65.85,28.97,-7.86,1.593
4,4,14,4,14,14,14,14,1.3,0.01,False,7.14,638.85,15.58,41,65.85,27.52,-7.43,1.5
4,4,14,4,14,14,14,14,1.5,0.01,False,7.15,610.98,14.9,41,65.85,26.31,-7.09,1.427
4,4,14,4,14,14,14,14,2,0.01,False,7.15,557.98,13.61,41,65.85,24.03,-6.48,1.305
4,4,14,14,4,4,4,4,1.1,0.01,False,3.68,476.51,9.34,51,56.86,22.55,-8.07,1.846
4,4,14,14,4,4,4,4,1.3,0.01,False,3.69,449.41,8.81,51,56.86,21.27,-7.61,1.752
4,4,14,14,4,4,4,4,1.5,0.01,False,3.69,428.1,8.39,51,56.86,20.26,-7.24,1.675
4,4,14,14,4,4,4,4,2,0.01,False,3.69,391.39,7.67,51,56.86,18.52,-6.62,1.53
4,4,14,14,4,4,4,14,1.1,0.01,False,4.97,747.81,11.16,67,62.69,22.28,-7.53,1.846
4,4,14,14,4,4,4,14,1.3,0.01,False,4.98,708.0,10.57,67,62.69,21.09,-7.11,1.752
4,4,14,14,4,4,4,14,1.5,0.01,False,4.99,675.8,10.09,67,62.69,20.12,-6.77,1.675
4,4,14,14,4,4,4,14,2,0.01,False,4.99,617.5,9.22,67,62.69,18.39,-6.19,1.53
4,4,14,14,4,4,14,4,1.1,0.01,False,6.51,681.93,13.92,49,67.35,24.41,-7.73,1.846
4,4,14,14,4,4,14,4,1.3,0.01,False,6.53,645.78,13.18,49,67.35,23.11,-7.3,1.752
4,4,14,14,4,4,14,4,1.5,0.01,False,6.53,616.47,12.58,49,67.35,22.06,-6.96,1.675
4,4,14,14,4,4,14,4,2,0.01,False,6.53,563.28,11.5,49,67.35,20.15,-6.36,1.53
4,4,14,14,4,4,14,14,1.1,0.01,False,6.31,577.1,15.6,37,64.86,28.58,-8.36,1.846
4,4,14,14,4,4,14,14,1.3,0.01,False,6.31,547.91,14.81,37,64.86,27.13,-7.94,1.752
4,4,14,14,4,4,14,14,1.5,0.01,False,6.31,523.75,14.16,37,64.86,25.93,-7.59,1.675
4,4,14,14,4,4,14,14,2,0.01,False,6.31,478.38,12.93,37,64.86,23.69,-6.93,1.53
4,4,14,14,4,14,4,4,1.1,0.01,False,3.69,547.65,11.41,48,52.08,30.06,-8.87,1.846
4,4,14,14,4,14,4,4,1.3,0.01,False,3.69,518.74,10.81,48,52.08,28.47,-8.39,1.752
4,4,14,14,4,14,4,4,1.5,0.01,False,3.69,495.27,10.32,48,52.08,27.18,-8.01,1.675
4,4,14,14,4,14,4,4,2,0.01,False,3.69,452.52,9.43,48,52.08,24.83,-7.32,1.53
4,4,14,14,4,14,4,14,1.1,0.01,False,3.44,631.55,10.19,62,58.06,24.72,-9.94,1.846
4,4,14,14,4,14,4,14,1.3,0.01,False,3.44,599.6,9.67,62,58.06,23.47,-9.44,1.752
4,4,14,14,4,14,4,14,1.5,0.01,False,3.44,573.17,9.24,62,58.06,22.44,-9.02,1.675
4,4,14,14,4,14,4,14,2,0.01,False,3.44,523.52,8.44,62,58.06,20.49,-8.24,1.53
4,4,14,14,4,14,14,4,1.1,0.01,False,4.46,670.46,12.89,52,59.62,27.87,-9.22,1.846
4,4,14,14,4,14,14,4,1.3,0.01,False,4.46,636.55,12.24,52,59.62,26.46,-8.75,1.752
4,4,14,14,4,14,14,4,1.5,0.01,False,4.46,608.48,11.7,52,59.62,25.3,-8.37,1.675
4,4,14,14,4,14,14,4,2,0.01,False,4.46,555.77,10.69,52,59.62,23.1,-7.64,1.53
4,4,14,14,4,14,14,14,1.1,0.01,False,5.42,589.23,17.86,33,57.58,38.03,-9.53,1.846
4,4,14,14,4,14,14,14,1.3,0.01,False,5.41,560.71,16.99,33,57.58,36.2,-9.08,1.752
4,4,14,14,4,14,14,14,1.5,0.01,False,5.41,536.63,16.26,33,57.58,34.65,-8.7,1.675
4,4,14,14,4,14,14,14,2,0.01,False,5.41,489.99,14.85,33,57.58,31.64,-7.94,1.53
4,4,14,14,14,4,4,4,1.1,0.01,False,4.25,666.07,13.59,49,55.1,32.26,-9.32,1.846
4,4,14,14,14,4,4,4,1.3,0.01,False,4.25,630.62,12.87,49,55.1,30.55,-8.82,1.752
4,4,14,14,14,4,4,4,1.5,0.01,False,4.25,601.94,12.28,49,55.1,29.16,-8.42,1.675
4,4,14,14,14,4,4,4,2,0.01,False,4.25,550.01,11.22,49,55.1,26.64,-7.7,1.53
4,4,14,14,14,4,4,14,1.1,0.01,False,4.13,846.0,11.43,74,60.81,24.81,-9.32,1.846
4,4,14,14,14,4,4,14,1.3,0.01,False,4.13,803.21,10.85,74,60.81,23.55,-8.85,1.752
4,4,14,14,14,4,4,14,1.5,0.01,False,4.13,767.79,10.38,74,60.81,22.52,-8.46,1.675
4,4,14,14,14,4,4,14,2,0.01,False,4.13,701.28,9.48,74,60.81,20.57,-7.73,1.53
4,4,14,14,14,4,14,4,1.1,0.01,False,5.46,842.66,16.2,52,61.54,32.24,-9.45,1.846
4,4,14,14,14,4,14,4,1.3,0.01,False,5.46,800.03,15.39,52,61.54,30.61,-8.97,1.752
4,4,14,14,14,4,14,4,1.5,0.01,False,5.46,764.76,14.71,52,61.54,29.26,-8.57,1.675
4,4,14,14,14,4,14,4,2,0.01,False,5.46,698.51,13.43,52,61.54,26.72,-7.83,1.53
4,4,14,14,14,4,14,14,1.1,0.01,False,7.36,821.17,20.03,41,65.85,35.2,-9.22,1.846
4,4,14,14,14,4,14,14,1.3,0.01,False,7.35,781.56,19.06,41,65.85,33.5,-8.79,1.752
4,4,14,14,14,4,14,14,1.5,0.01,False,7.35,748.06,18.25,41,65.85,32.07,-8.41,1.675
4,4,14,14,14,4,14,14,2,0.01,False,7.35,683.02,16.66,41,65.85,29.28,-7.68,1.53
4,4,14,14,14,14,4,4,1.1,0.01,False,4.31,545.47,13.99,39,56.41,32.29,-9.7,1.846
4,4,14,14,14,14,4,4,1.3,0.01,False,4.31,517.87,13.28,39,56.41,30.65,-9.21,1.752
4,4,14,14,14,14,4,4,1.5,0.01,False,4.31,495.04,12.69,39,56.41,29.3,-8.8,1.675
4,4,14,14,14,14,4,4,2,0.01,False,4.31,452.16,11.59,39,56.41,26.76,-8.04,1.53
4,4,14,14,14,14,4,14,1.1,0.01,False,3.84,652.49,11.65,56,60.71,25.95,-10.45,1.846
4,4,14,14,14,14,4,14,1.3,0.01,False,3.83,620.92,11.09,56,60.71,24.71,-9.96,1.752
4,4,14,14,14,14,4,14,1.5,0.01,False,3.83,594.26,10.61,56,60.71,23.65,-9.54,1.675
4,4,14,14,14,14,4,14,2,0.01,False,3.83,542.61,9.69,56,60.71,21.59,-8.71,1.53
4,4,14,14,14,14,14,4,1.1,0.01,False,5.39,675.78,15.72,43,65.12,29.63,-10.27,1.846
4,4,14,14,14,14,14,4,1.3,0.01,False,5.38,643.23,14.96,43,65.12,28.21,-9.78,1.752
4,4,14,14,14,14,14,4,1.5,0.01,False,5.38,615.68,14.32,43,65.12,27.01,-9.37,1.675
4,4,14,14,14,14,14,4,2,0.01,False,5.38,562.14,13.07,43,65.12,24.66,-8.55,1.53
4,4,14,14,14,14,14,14,1.1,0.01,False,8.79,606.59,25.27,24,66.67,42.78,-9.74,1.846
4,4,14,14,14,14,14,14,1.3,0.01,False,8.8,579.4,24.14,24,66.67,40.85,-9.28,1.752
4,4,14,14,14,14,14,14,1.5,0.01,False,8.81,555.6,23.15,24,66.67,39.17,-8.89,1.675
4,4,14,14,14,14,14,14,2,0.01,False,8.81,507.04,21.13,24,66.67,35.75,-8.12,1.53
4,14,4,4,4,4,4,4,1.1,0.01,False,3.53,435.12,8.06,54,59.26,18.97,-7.82,1.593
4,14,4,4,4,4,4,4,1.3,0.01,False,3.54,408.97,7.57,54,59.26,17.82,-7.32,1.5
4,14,4,4,4,4,4,4,1.5,0.01,False,3.54,388.87,7.2,54,59.26,16.93,-6.95,1.427
4,14,4,4,4,4,4,4,2,0.01,False,3.54,355.7,6.59,54,59.26,15.49,-6.36,1.305
4,14,4,4,4,4,4,14,1.1,0.01,False,4.89,690.7,9.87,70,65.71,18.88,-7.41,1.593
4,14,4,4,4,4,4,14,1.3,0.01,False,4.89,650.14,9.29,70,65.71,17.77,-6.97,1.5
4,14,4,4,4,4,4,14,1.5,0.01,False,4.89,618.67,8.84,70,65.71,16.91,-6.64,1.427
4,14,4,4,4,4,4,14,2,0.01,False,4.89,565.78,8.08,70,65.71,15.47,-6.07,1.305
4,14,4,4,4,4,14,4,1.1,0.01,False,6.46,633.68,11.32,56,69.64,19.22,-6.82,1.593
4,14,4,4,4,4,14,4,1.3,0.01,False,6.46,596.47,10.65,56,69.64,18.09,-6.42,1.5
4,14,4,4,4,4,14,4,1.5,0.01,False,6.46,567.59,10.14,56,69.64,17.22,-6.11,1.427
4,14,4,4,4,4,14,4,2,0.01,False,6.46,519.07,9.27,56,69.64,15.75,-5.59,1.305
4,14,4,4,4,4,14,14,1.1,0.01,False,5.42,517.02,12.31,42,69.05,21.86,-8.99,1.593
4,14,4,4,4,4,14,14,1.3,0.01,False,5.4,487.37,11.6,42,69.05,20.62,-8.51,1.5
4,14,4,4,4,4,14,14,1.5,0.01,False,5.39,464.13,11.05,42,69.05,19.65,-8.13,1.427
4,14,4,4,4,4,14,14,2,0.01,False,5.4,424.36,10.1,42,69.05,17.96,-7.43,1.305
4,14,4,4,4,14,4,4,1.1,0.01,False,3.42,454.35,9.09,50,54.0,23.79,-8.17,1.593
4,14,4,4,4,14,4,4,1.3,0.01,False,3.42,427.67,8.55,50,54.0,22.39,-7.69,1.5
4,14,4,4,4,14,4,4,1.5,0.01,False,3.42,406.97,8.14,50,54.0,21.3,-7.32,1.427
4,14,4,4,4,14,4,4,2,0.01,False,3.42,372.18,7.44,50,54.0,19.48,-6.69,1.305
4,14,4,4,4,14,4,14,1.1,0.01,False,3.71,633.17,9.59,66,62.12,21.13,-9.33,1.593
4,14,4,4,4,14,4,14,1.3,0.01,False,3.7,596.8,9.04,66,62.12,19.94,-8.83,1.5
4,14,4,4,4,14,4,14,1.5,0.01,False,3.7,568.32,8.61,66,62.12,19.0,-8.43,1.427
4,14,4,4,4,14,4,14,2,0.01,False,3.7,519.63,7.87,66,62.12,17.37,-7.7,1.305
4,14,4,4,4,14,14,4,1.1,0.01,False,4.07,560.98,9.67,58,60.34,21.26,-7.96,1.593
4,14,4,4,4,14,14,4,1.3,0.01,False,4.05,528.12,9.11,58,60.34,20.04,-7.53,1.5
4,14,4,4,4,14,14,4,1.5,0.01,False,4.04,502.59,8.67,58,60.34,19.09,-7.19,1.427
4,14,4,4,4,14,14,4,2,0.01,False,4.04,459.62,7.92,58,60.34,17.45,-6.57,1.305
4,14,4,4,4,14,14,14,1.1,0.01,False,4.74,476.95,12.89,37,62.16,26.28,-9.11,1.593
4,14,4,4,4,14,14,14,1.3,0.01,False,4.7,449.25,12.14,37,62.16,24.81,-8.66,1.5
4,14,4,4,4,14,14,14,1.5,0.01,False,4.69,427.66,11.56,37,62.16,23.64,-8.28,1.427
4,14,4,4,4,14,14,14,2,0.01,False,4.69,391.06,10.57,37,62.16,21.61,-7.57,1.305
4,14,4,4,14,4,4,4,1.1,0.01,False,5.4,702.91,14.35,49,63.27,27.82,-8.87,1.593
4,14,4,4,14,4,4,4,1.3,0.01,False,5.4,661.64,13.5,49,63.27,26.19,-8.35,1.5
4,14,4,4,14,4,4,4,1.5,0.01,False,5.4,629.61,12.85,49,63.27,24.92,-7.94,1.427
4,14,4,4,14,4,4,4,2,0.01,False,5.4,575.78,11.75,49,63.27,22.79,-7.26,1.305
4,14,4,4,14,4,4,14,1.1,0.01,False,4.87,906.06,11.77,77,66.23,22.36,-9.0,1.593
4,14,4,4,14,4,4,14,1.3,0.01,False,4.86,854.93,11.1,77,66.23,21.11,-8.52,1.5
4,14,4,4,14,4,4,14,1.5,0.01,False,4.85,814.58,10.58,77,66.23,20.12,-8.14,1.427
4,14,4,4,14,4,4,14,2,0.01,False,4.85,744.68,9.67,77,66.23,18.39,-7.43,1.305
4,14,4,4,14,4,14,4,1.1,0.01,False,6.95,879.89,15.44,57,68.42,26.35,-8.22,1.593
4,14,4,4,14,4,14,4,1.3,0.01,False,6.93,830.0,14.56,57,68.42,24.87,-7.78,1.5
4,14,4,4,14,4,14,4,1.5,0.01,False,6.91,790.72,13.87,57,68.42,23.7,-7.43,1.427
4,14,4,4,14,4,14,4,2,0.01,False,6.92,722.9,12.68,57,68.42,21.67,-6.79,1.305
4,14,4,4,14,4,14,14,1.1,0.01,False,10.71,868.26,20.19,43,76.74,29.02,-8.94,1.593
4,14,4,4,14,4,14,14,1.3,0.01,False,10.69,821.44,19.1,43,76.74,27.46,-8.48,1.5
4,14,4,4,14,4,14,14,1.5,0.01,False,10.67,783.77,18.23,43,76.74,26.21,-8.1,1.427
4,14,4,4,14,4,14,14,2,0.01,False,10.68,716.24,16.66,43,76.74,23.95,-7.4,1.305
4,14,4,4,14,14,4,4,1.1,0.01,False,3.97,423.4,10.86,39,58.97,24.62,-8.92,1.593
4,14,4,4,14,14,4,4,1.3,0.01,False,3.96,398.97,10.23,39,58.97,23.2,-8.41,1.5
4,14,4,4,14,14,4,4,1.5,0.01,False,3.96,379.87,9.74,39,58.97,22.09,-8.02,1.427
4,14,4,4,14,14,4,4,2,0.01,False,3.96,347.34,8.91,39,58.97,20.2,-7.33,1.305
4,14,4,4,14,14,4,14,1.1,0.01,False,4.32,657.98,11.15,59,66.1,21.95,-9.9,1.593
4,14,4,4,14,14,4,14,1.3,0.01,False,4.31,621.68,10.54,59,66.1,20.76,-9.4,1.5
4,14,4,4,14,14,4,14,1.5,0.01,False,4.3,592.77,10.05,59,66.1,19.81,-8.99,1.427
4,14,4,4,14,14,4,14,2,0.01,False,4.3,541.79,9.18,59,66.1,18.1,-8.21,1.305
4,14,4,4,14,14,14,4,1.1,0.01,False,4.91,540.46,11.26,48,66.67,21.21,-8.64,1.593
4,14,4,4,14,14,14,4,1.3,0.01,False,4.88,509.63,10.62,48,66.67,20.03,-8.22,1.5
4,14,4,4,14,14,14,4,1.5,0.01,False,4.86,485.41,10.11,48,66.67,19.1,-7.86,1.427
4,14,4,4,14,14,14,4,2,0.01,False,4.86,443.8,9.25,48,66.67,17.46,-7.18,1.305
4,14,4,4,14,14,14,14,1.1,0.01,False,8.14,460.44,17.71,26,73.08,27.63,-9.21,1.593
4,14,4,4,14,14,14,14,1.3,0.01,False,8.12,435.0,16.73,26,73.08,26.11,-8.72,1.5
4,14,4,4,14,14,14,14,1.5,0.01,False,8.12,414.74,15.95,26,73.08,24.9,-8.33,1.427
4,14,4,4,14,14,14,14,2,0.01,False,8.12,379.08,14.58,26,73.08,22.75,-7.61,1.305
4,14,4,14,4,4,4,4,1.1,0.01,False,3.53,483.76,8.64,56,58.93,20.46,-8.32,1.846
4,14,4,14,4,4,4,4,1.3,0.01,False,3.54,458.02,8.18,56,58.93,19.35,-7.84,1.752
4,14,4,14,4,4,4,4,1.5,0.01,False,3.54,437.19,7.81,56,58.93,18.46,-7.47,1.675
4,14,4,14,4,4,4,4,2,0.01,False,3.54,399.48,7.13,56,58.93,16.87,-6.83,1.53
4,14,4,14,4,4,4,14,1.1,0.01,False,4.15,671.3,9.45,71,61.97,20.09,-7.88,1.846
4,14,4,14,4,4,4,14,1.3,0.01,False,4.16,636.23,8.96,71,61.97,19.03,-7.45,1.752
4,14,4,14,4,4,4,14,1.5,0.01,False,4.17,607.61,8.56,71,61.97,18.17,-7.1,1.675
4,14,4,14,4,4,4,14,2,0.01,False,4.17,555.12,7.82,71,61.97,16.6,-6.49,1.53
4,14,4,14,4,4,14,4,1.1,0.01,False,5.18,636.95,11.17,57,63.16,21.92,-7.25,1.846
4,14,4,14,4,4,14,4,1.3,0.01,False,5.2,603.97,10.6,57,63.16,20.77,-6.85,1.752
4,14,4,14,4,4,14,4,1.5,0.01,False,5.21,576.96,10.12,57,63.16,19.84,-6.53,1.675
4,14,4,14,4,4,14,4,2,0.01,False,5.2,527.07,9.25,57,63.16,18.12,-5.97,1.53
4,14,4,14,4,4,14,14,1.1,0.01,False,5.96,612.21,13.91,44,68.18,24.52,-8.81,1.846
4,14,4,14,4,4,14,14,1.3,0.01,False,5.96,581.24,13.21,44,68.18,23.28,-8.36,1.752
4,14,4,14,4,4,14,14,1.5,0.01,False,5.96,555.61,12.63,44,68.18,22.25,-7.99,1.675
4,14,4,14,4,4,14,14,2,0.01,False,5.96,507.48,11.53,44,68.18,20.32,-7.3,1.53
4,14,4,14,4,14,4,4,1.1,0.01,False,3.49,492.39,10.48,47,53.19,27.61,-8.99,1.846
4,14,4,14,4,14,4,4,1.3,0.01,False,3.49,467.13,9.94,47,53.19,26.17,-8.51,1.752
4,14,4,14,4,14,4,4,1.5,0.01,False,3.5,446.36,9.5,47,53.19,25.0,-8.12,1.675
4,14,4,14,4,14,4,4,2,0.01,False,3.5,407.74,8.68,47,53.19,22.84,-7.42,1.53
4,14,4,14,4,14,4,14,1.1,0.01,False,3.07,543.19,8.9,61,57.38,23.03,-10.11,1.846
4,14,4,14,4,14,4,14,1.3,0.01,False,3.07,515.72,8.45,61,57.38,21.86,-9.59,1.752
4,14,4,14,4,14,4,14,1.5,0.01,False,3.07,492.98,8.08,61,57.38,20.9,-9.17,1.675
4,14,4,14,4,14,4,14,2,0.01,False,3.07,450.27,7.38,61,57.38,19.09,-8.38,1.53
4,14,4,14,4,14,14,4,1.1,0.01,False,3.96,526.8,10.98,48,58.33,25.18,-8.91,1.846
4,14,4,14,4,14,14,4,1.3,0.01,False,3.96,500.15,10.42,48,58.33,23.91,-8.46,1.752
4,14,4,14,4,14,14,4,1.5,0.01,False,3.96,478.1,9.96,48,58.33,22.85,-8.09,1.675
4,14,4,14,4,14,14,4,2,0.01,False,3.96,436.68,9.1,48,58.33,20.87,-7.39,1.53
4,14,4,14,4,14,14,14,1.1,0.01,False,5.04,507.88,15.39,33,60.61,31.67,-9.66,1.846
4,14,4,14,4,14,14,14,1.3,0.01,False,5.03,482.63,14.63,33,60.61,30.12,-9.21,1.752
4,14,4,14,4,14,14,14,1.5,0.01,False,5.03,461.57,13.99,33,60.61,28.81,-8.82,1.675
4,14,4,14,4,14,14,14,2,0.01,False,5.03,421.53,12.77,33,60.61,26.31,-8.05,1.53
4,14,4,14,14,4,4,4,1.1,0.01,False,4.61,685.81,14.0,49,59.18,30.21,-9.51,1.846
4,14,4,14,14,4,4,4,1.3,0.01,False,4.6,649.25,13.25,49,59.18,28.6,-9.01,1.752
4,14,4,14,14,4,4,4,1.5,0.01,False,4.6,619.68,12.65,49,59.18,27.3,-8.6,1.675
4,14,4,14,14,4,4,4,2,0.01,False,4.6,566.24,11.56,49,59.18,24.95,-7.86,1.53
4,14,4,14,14,4,4,14,1.1,0.01,False,3.89,825.2,10.86,76,60.53,24.14,-9.51,1.846
4,14,4,14,14,4,4,14,1.3,0.01,False,3.89,783.45,10.31,76,60.53,22.92,-9.03,1.752
4,14,4,14,14,4,4,14,1.5,0.01,False,3.89,748.91,9.85,76,60.53,21.91,-8.63,1.675
4,14,4,14,14,4,4,14,2,0.01,False,3.89,684.04,9.0,76,60.53,20.01,-7.88,1.53
4,14,4,14,14,4,14,4,1.1,0.01,False,5.64,837.18,15.5,54,61.11,30.84,-8.59,1.846
4,14,4,14,14,4,14,4,1.3,0.01,False,5.64,794.83,14.72,54,61.11,29.28,-8.16,1.752
4,14,4,14,14,4,14,4,1.5,0.01,False,5.64,759.78,14.07,54,61.11,27.99,-7.8,1.675
4,14,4,14,14,4,14,4,2,0.01,False,5.64,693.96,12.85,54,61.11,25.56,-7.12,1.53
4,14,4,14,14,4,14,14,1.1,0.01,False,9.46,901.82,22.0,41,73.17,33.61,-9.69,1.846
4,14,4,14,14,4,14,14,1.3,0.01,False,9.46,858.26,20.93,41,73.17,31.99,-9.22,1.752
4,14,4,14,14,4,14,14,1.5,0.01,False,9.46,821.45,20.04,41,73.17,30.62,-8.83,1.675
4,14,4,14,14,4,14,14,2,0.01,False,9.46,750.04,18.29,41,73.17,27.96,-8.06,1.53
4,14,4,14,14,14,4,4,1.1,0.01,False,3.95,473.89,12.15,39,56.41,28.85,-9.46,1.846
4,14,4,14,14,14,4,4,1.3,0.01,False,3.95,449.92,11.54,39,56.41,27.39,-8.98,1.752
4,14,4,14,14,14,4,4,1.5,0.01,False,3.95,430.08,11.03,39,56.41,26.18,-8.59,1.675
4,14,4,14,14,14,4,4,2,0.01,False,3.95,392.82,10.07,39,56.41,23.92,-7.84,1.53
4,14,4,14,14,14,4,14,1.1,0.01,False,3.54,592.51,10.58,56,60.71,24.29,-10.61,1.846
4,14,4,14,14,14,4,14,1.3,0.01,False,3.53,563.55,10.06,56,60.71,23.12,-10.11,1.752
4,14,4,14,14,14,4,14,1.5,0.01,False,3.53,539.21,9.63,56,60.71,22.12,-9.68,1.675
4,14,4,14,14,14,4,14,2,0.01,False,3.53,492.37,8.79,56,60.71,20.2,-8.84,1.53
4,14,4,14,14,14,14,4,1.1,0.01,False,4.51,556.99,12.38,45,60.0,26.5,-8.81,1.846
4,14,4,14,14,14,14,4,1.3,0.01,False,4.5,529.43,11.77,45,60.0,25.2,-8.39,1.752
4,14,4,14,14,14,14,4,1.5,0.01,False,4.5,506.39,11.25,45,60.0,24.11,-8.04,1.675
4,14,4,14,14,14,14,4,2,0.01,False,4.5,462.45,10.28,45,60.0,22.02,-7.34,1.53
4,14,4,14,14,14,14,14,1.1,0.01,False,8.61,555.8,21.38,26,69.23,34.94,-9.13,1.846
4,14,4,14,14,14,14,14,1.3,0.01,False,8.6,529.1,20.35,26,69.23,33.26,-8.7,1.752
4,14,4,14,14,14,14,14,1.5,0.01,False,8.6,506.47,19.48,26,69.23,31.84,-8.33,1.675
4,14,4,14,14,14,14,14,2,0.01,False,8.6,462.42,17.79,26,69.23,29.07,-7.61,1.53
4,14,14,4,4,4,4,4,1.1,0.01,False,3.63,550.26,8.47,65,61.54,18.99,-8.38,1.846
4,14,14,4,4,4,4,4,1.3,0.01,False,3.64,521.71,8.03,65,61.54,17.99,-7.91,1.752
4,14,14,4,4,4,4,4,1.5,0.01,False,3.64,498.34,7.67,65,61.54,17.17,-7.54,1.675
4,14,14,4,4,4,4,4,2,0.01,False,3.64,455.27,7.0,65,61.54,15.69,-6.89,1.53
4,14,14,4,4,4,4,14,1.1,0.01,False,3.69,723.5,8.82,82,60.98,19.86,-8.42,1.846
4,14,14,4,4,4,4,14,1.3,0.01,False,3.69,686.18,8.37,82,60.98,18.82,-7.96,1.752
4,14,14,4,4,4,4,14,1.5,0.01,False,3.7,655.57,7.99,82,60.98,17.97,-7.59,1.675
4,14,14,4,4,4,4,14,2,0.01,False,3.7,598.87,7.3,82,60.98,16.42,-6.94,1.53
4,14,14,4,4,4,14,4,1.1,0.01,False,4.6,686.28,10.09,68,66.18,19.49,-8.29,1.846
4,14,14,4,4,4,14,4,1.3,0.01,False,4.61,651.04,9.57,68,66.18,18.48,-7.84,1.752
4,14,14,4,4,4,14,4,1.5,0.01,False,4.61,622.08,9.15,68,66.18,17.65,-7.48,1.675
4,14,14,4,4,4,14,4,2,0.01,False,4.61,568.25,8.36,68,66.18,16.12,-6.84,1.53
4,14,14,4,4,4,14,14,1.1,0.01,False,3.94,567.98,9.96,57,64.91,20.58,-9.67,1.846
4,14,14,4,4,4,14,14,1.3,0.01,False,3.94,539.25,9.46,57,64.91,19.54,-9.18,1.752
4,14,14,4,4,4,14,14,1.5,0.01,False,3.94,515.47,9.04,57,64.91,18.68,-8.78,1.675
4,14,14,4,4,4,14,14,2,0.01,False,3.94,470.82,8.26,57,64.91,17.06,-8.02,1.53
4,14,14,4,4,14,4,4,1.1,0.01,False,3.23,471.73,8.42,56,55.36,22.05,-8.48,1.846
4,14,14,4,4,14,4,4,1.3,0.01,False,3.23,447.98,8.0,56,55.36,20.93,-8.03,1.752
4,14,14,4,4,14,4,4,1.5,0.01,False,3.23,428.29,7.65,56,55.36,20.0,-7.67,1.675
4,14,14,4,4,14,4,4,2,0.01,False,3.23,391.17,6.99,56,55.36,18.27,-7.0,1.53
4,14,14,4,4,14,4,14,1.1,0.01,False,2.57,495.25,6.88,72,55.56,20.29,-9.88,1.846
4,14,14,4,4,14,4,14,1.3,0.01,False,2.57,470.2,6.53,72,55.56,19.26,-9.38,1.752
4,14,14,4,4,14,4,14,1.5,0.01,False,2.57,449.47,6.24,72,55.56,18.41,-8.97,1.675
4,14,14,4,4,14,4,14,2,0.01,False,2.57,410.53,5.7,72,55.56,16.82,-8.19,1.53
4,14,14,4,4,14,14,4,1.1,0.01,False,2.82,450.84,7.04,64,56.25,19.4,-8.84,1.846
4,14,14,4,4,14,14,4,1.3,0.01,False,2.82,428.04,6.69,64,56.25,18.42,-8.39,1.752
4,14,14,4,4,14,14,4,1.5,0.01,False,2.82,409.16,6.39,64,56.25,17.6,-8.02,1.675
4,14,14,4,4,14,14,4,2,0.01,False,2.82,373.72,5.84,64,56.25,16.08,-7.33,1.53
4,14,14,4,4,14,14,14,1.1,0.01,False,2.9,366.63,7.97,46,56.52,21.53,-9.65,1.846
4,14,14,4,4,14,14,14,1.3,0.01,False,2.89,347.93,7.56,46,56.52,20.45,-9.19,1.752
4,14,14,4,4,14,14,14,1.5,0.01,False,2.89,332.52,7.23,46,56.52,19.56,-8.8,1.675
4,14,14,4,4,14,14,14,2,0.01,False,2.89,303.73,6.6,46,56.52,17.86,-8.03,1.53
4,14,14,4,14,4,4,4,1.1,0.01,False,4.41,728.43,12.35,59,62.71,25.46,-9.71,1.846
4,14,14,4,14,4,4,4,1.3,0.01,False,4.41,690.23,11.7,59,62.71,24.12,-9.2,1.752
4,14,14,4,14,4,4,4,1.5,0.01,False,4.41,659.13,11.17,59,62.71,23.04,-8.78,1.675
4,14,14,4,14,4,4,4,2,0.01,False,4.41,602.2,10.21,59,62.71,21.05,-8.03,1.53
4,14,14,4,14,4,4,14,1.1,0.01,False,3.7,855.72,10.31,83,61.45,22.98,-9.89,1.846
4,14,14,4,14,4,4,14,1.3,0.01,False,3.7,812.43,9.79,83,61.45,21.82,-9.39,1.752
4,14,14,4,14,4,4,14,1.5,0.01,False,3.7,776.61,9.36,83,61.45,20.86,-8.98,1.675
4,14,14,4,14,4,4,14,2,0.01,False,3.7,709.34,8.55,83,61.45,19.05,-8.2,1.53
4,14,14,4,14,4,14,4,1.1,0.01,False,4.8,849.84,12.88,66,63.64,25.56,-9.33,1.846
4,14,14,4,14,4,14,4,1.3,0.01,False,4.8,806.85,12.23,66,63.64,24.27,-8.86,1.752
4,14,14,4,14,4,14,4,1.5,0.01,False,4.8,771.28,11.69,66,63.64,23.2,-8.47,1.675
4,14,14,4,14,4,14,4,2,0.01,False,4.8,704.47,10.67,66,63.64,21.19,-7.73,1.53
4,14,14,4,14,4,14,14,1.1,0.01,False,6.4,843.02,15.91,53,69.81,27.0,-9.75,1.846
4,14,14,4,14,4,14,14,1.3,0.01,False,6.4,801.89,15.13,53,69.81,25.69,-9.28,1.752
4,14,14,4,14,4,14,14,1.5,0.01,False,6.4,767.29,14.48,53,69.81,24.58,-8.88,1.675
4,14,14,4,14,4,14,14,2,0.01,False,6.4,700.63,13.22,53,69.81,22.44,-8.11,1.53
4,14,14,4,14,14,4,4,1.1,0.01,False,3.75,453.03,9.85,46,60.87,22.06,-9.14,1.846
4,14,14,4,14,14,4,4,1.3,0.01,False,3.75,430.11,9.35,46,60.87,20.94,-8.68,1.752
4,14,14,4,14,14,4,4,1.5,0.01,False,3.75,411.15,8.94,46,60.87,20.02,-8.3,1.675
4,14,14,4,14,14,4,4,2,0.01,False,3.75,375.53,8.16,46,60.87,18.28,-7.58,1.53
4,14,14,4,14,14,4,14,1.1,0.01,False,3.1,590.63,8.82,67,59.7,21.79,-10.41,1.846
4,14,14,4,14,14,4,14,1.3,0.01,False,3.1,561.49,8.38,67,59.7,20.73,-9.91,1.752
4,14,14,4,14,14,4,14,1.5,0.01,False,3.1,537.09,8.02,67,59.7,19.83,-9.49,1.675
4,14,14,4,14,14,4,14,2,0.01,False,3.1,490.48,7.32,67,59.7,18.11,-8.66,1.53
4,14,14,4,14,14,14,4,1.1,0.01,False,3.45,495.48,8.85,56,62.5,19.93,-9.62,1.846
4,14,14,4,14,14,14,4,1.3,0.01,False,3.45,470.53,8.4,56,62.5,18.94,-9.16,1.752
4,14,14,4,14,14,14,4,1.5,0.01,False,3.44,449.83,8.03,56,62.5,18.11,-8.77,1.675
4,14,14,4,14,14,14,4,2,0.01,False,3.44,410.85,7.34,56,62.5,16.54,-8.0,1.53
4,14,14,4,14,14,14,14,1.1,0.01,False,4.19,414.45,11.2,37,64.86,22.69,-10.0,1.846
4,14,14,4,14,14,14,14,1.3,0.01,False,4.19,393.84,10.64,37,64.86,21.56,-9.51,1.752
4,14,14,4,14,14,14,14,1.5,0.01,False,4.18,376.66,10.18,37,64.86,20.62,-9.1,1.675
4,14,14,4,14,14,14,14,2,0.01,False,4.18,343.98,9.3,37,64.86,18.83,-8.31,1.53
4,14,14,14,4,4,4,4,1.1,0.01,False,3.7,503.64,10.07,50,60.0,23.01,-9.33,2.098
4,14,14,14,4,4,4,4,1.3,0.01,False,3.72,479.91,9.6,50,60.0,21.88,-8.83,2.005
4,14,14,14,4,4,4,4,1.5,0.01,False,3.73,459.62,9.19,50,60.0,20.93,-8.42,1.923
4,14,14,14,4,4,4,4,2,0.01,False,3.73,419.59,8.39,50,60.0,19.12,-7.69,1.755
4,14,14,14,4,4,4,14,1.1,0.01,False,5.16,770.87,12.04,64,64.06,23.32,-8.05,2.098
4,14,14,14,4,4,4,14,1.3,0.01,False,5.2,734.88,11.48,64,64.06,22.19,-7.61,2.005
4,14,14,14,4,4,4,14,1.5,0.01,False,5.21,703.98,11.0,64,64.06,21.24,-7.26,1.923
4,14,14,14,4,4,4,14,2,0.01,False,5.21,642.62,10.04,64,64.06,19.4,-6.64,1.755
4,14,14,14,4,4,14,4,1.1,0.01,False,6.13,685.14,13.43,51,66.67,24.08,-7.86,2.098
4,14,14,14,4,4,14,4,1.3,0.01,False,6.16,653.3,12.81,51,66.67,22.94,-7.44,2.005
4,14,14,14,4,4,14,4,1.5,0.01,False,6.18,625.9,12.27,51,66.67,21.96,-7.11,1.923
4,14,14,14,4,4,14,4,2,0.01,False,6.18,571.33,11.2,51,66.67,20.05,-6.49,1.755
4,14,14,14,4,4,14,14,1.1,0.01,False,6.42,574.95,16.43,35,71.43,27.24,-10.62,2.098
4,14,14,14,4,4,14,14,1.3,0.01,False,6.44,548.88,15.68,35,71.43,25.99,-10.09,2.005
4,14,14,14,4,4,14,14,1.5,0.01,False,6.45,526.18,15.03,35,71.43,24.91,-9.66,1.923
4,14,14,14,4,4,14,14,2,0.01,False,6.45,480.23,13.72,35,71.43,22.74,-8.82,1.755
4,14,14,14,4,14,4,4,1.1,0.01,False,3.64,544.24,11.83,46,54.35,30.01,-9.81,2.098
4,14,14,14,4,14,4,4,1.3,0.01,False,3.66,519.99,11.3,46,54.35,28.63,-9.32,2.005
4,14,14,14,4,14,4,4,1.5,0.01,False,3.66,498.71,10.84,46,54.35,27.43,-8.91,1.923
4,14,14,14,4,14,4,4,2,0.01,False,3.66,455.1,9.89,46,54.35,25.04,-8.14,1.755
4,14,14,14,4,14,4,14,1.1,0.01,False,3.82,702.36,11.71,60,60.0,26.43,-10.39,2.098
4,14,14,14,4,14,4,14,1.3,0.01,False,3.83,670.55,11.18,60,60.0,25.22,-9.88,2.005
4,14,14,14,4,14,4,14,1.5,0.01,False,3.83,642.84,10.71,60,60.0,24.16,-9.46,1.923
4,14,14,14,4,14,4,14,2,0.01,False,3.83,586.69,9.78,60,60.0,22.05,-8.64,1.755
4,14,14,14,4,14,14,4,1.1,0.01,False,4.0,617.42,11.65,53,56.6,27.44,-8.94,2.098
4,14,14,14,4,14,14,4,1.3,0.01,False,4.01,589.93,11.13,53,56.6,26.19,-8.51,2.005
4,14,14,14,4,14,14,4,1.5,0.01,False,4.02,565.8,10.68,53,56.6,25.1,-8.15,1.923
4,14,14,14,4,14,14,4,2,0.01,False,4.02,516.32,9.74,53,56.6,22.91,-7.44,1.755
4,14,14,14,4,14,14,14,1.1,0.01,False,5.51,542.75,18.09,30,63.33,34.9,-10.94,2.098
4,14,14,14,4,14,14,14,1.3,0.01,False,5.51,518.65,17.29,30,63.33,33.35,-10.46,2.005
4,14,14,14,4,14,14,14,1.5,0.01,False,5.51,497.46,16.58,30,63.33,31.99,-10.03,1.923
4,14,14,14,4,14,14,14,2,0.01,False,5.51,453.95,15.13,30,63.33,29.19,-9.15,1.755
4,14,14,14,14,4,4,4,1.1,0.01,False,5.13,795.53,17.29,46,63.04,34.07,-11.33,2.098
4,14,14,14,14,4,4,4,1.3,0.01,False,5.13,757.34,16.46,46,63.04,32.44,-10.78,2.005
4,14,14,14,14,4,4,4,1.5,0.01,False,5.13,724.97,15.76,46,63.04,31.05,-10.32,1.923
4,14,14,14,14,4,4,4,2,0.01,False,5.13,661.92,14.39,46,63.04,28.35,-9.42,1.755
4,14,14,14,14,4,4,14,1.1,0.01,False,4.75,998.33,13.87,72,63.89,27.49,-10.24,2.098
4,14,14,14,14,4,4,14,1.3,0.01,False,4.76,952.42,13.23,72,63.89,26.21,-9.74,2.005
4,14,14,14,14,4,4,14,1.5,0.01,False,4.76,912.72,12.68,72,63.89,25.11,-9.33,1.923
4,14,14,14,14,4,4,14,2,0.01,False,4.76,833.08,11.57,72,63.89,22.92,-8.52,1.755
4,14,14,14,14,4,14,4,1.1,0.01,False,6.24,956.68,18.05,53,64.15,33.51,-9.61,2.098
4,14,14,14,14,4,14,4,1.3,0.01,False,6.25,912.84,17.22,53,64.15,31.96,-9.15,2.005
4,14,14,14,14,4,14,4,1.5,0.01,False,6.26,874.87,16.51,53,64.15,30.63,-8.76,1.923
4,14,14,14,14,4,14,4,2,0.01,False,6.25,798.51,15.07,53,64.15,27.96,-8.0,1.755
4,14,14,14,14,4,14,14,1.1,0.01,False,11.0,958.23,25.9,37,78.38,36.34,-11.97,2.098
4,14,14,14,14,4,14,14,1.3,0.01,False,11.0,915.67,24.75,37,78.38,34.73,-11.44,2.005
4,14,14,14,14,4,14,14,1.5,0.01,False,11.0,878.25,23.74,37,78.38,33.31,-10.97,1.923
4,14,14,14,14,4,14,14,2,0.01,False,11.0,801.44,21.66,37,78.38,30.4,-10.01,1.755
4,14,14,14,14,14,4,4,1.1,0.01,False,4.04,488.43,13.96,35,60.0,30.92,-11.49,2.098
4,14,14,14,14,14,4,4,1.3,0.01,False,4.04,466.41,13.33,35,60.0,29.52,-10.96,2.005
4,14,14,14,14,14,4,4,1.5,0.01,False,4.04,447.19,12.78,35,60.0,28.3,-10.51,1.923
4,14,14,14,14,14,4,4,2,0.01,False,4.04,408.12,11.66,35,60.0,25.83,-9.59,1.755
4,14,14,14,14,14,4,14,1.1,0.01,False,4.34,714.77,13.49,53,64.15,27.32,-11.26,2.098
4,14,14,14,14,14,4,14,1.3,0.01,False,4.34,683.03,12.89,53,64.15,26.1,-10.76,2.005
4,14,14,14,14,14,4,14,1.5,0.01,False,4.34,655.11,12.36,53,64.15,25.04,-10.32,1.923
4,14,14,14,14,14,4,14,2,0.01,False,4.34,597.81,11.28,53,64.15,22.85,-9.42,1.755
4,14,14,14,14,14,14,4,1.1,0.01,False,4.6,573.66,13.34,43,62.79,27.15,-9.96,2.098
4,14,14,14,14,14,14,4,1.3,0.01,False,4.6,548.18,12.75,43,62.79,25.94,-9.52,2.005
4,14,14,14,14,14,14,4,1.5,0.01,False,4.6,525.78,12.23,43,62.79,24.88,-9.13,1.923
4,14,14,14,14,14,14,4,2,0.01,False,4.6,479.8,11.16,43,62.79,22.71,-8.33,1.755
4,14,14,14,14,14,14,14,1.1,0.01,False,9.76,501.38,26.39,19,78.95,37.24,-14.32,2.098
4,14,14,14,14,14,14,14,1.3,0.01,False,9.75,479.52,25.24,19,78.95,35.62,-13.7,2.005
4,14,14,14,14,14,14,14,1.5,0.01,False,9.75,460.12,24.22,19,78.95,34.18,-13.15,1.923
4,14,14,14,14,14,14,14,2,0.01,False,9.75,419.83,22.1,19,78.95,31.19,-12.0,1.755
14,4,4,4,4,4,4,4,1.1,0.01,False,2.97,402.73,6.94,58,56.9,18.39,-8.16,1.593
14,4,4,4,4,4,4,4,1.3,0.01,False,2.98,378.52,6.53,58,56.9,17.26,-7.65,1.5
14,4,4,4,4,4,4,4,1.5,0.01,False,2.98,359.91,6.21,58,56.9,16.41,-7.26,1.427
14,4,4,4,4,4,4,4,2,0.01,False,2.98,329.21,5.68,58,56.9,15.01,-6.64,1.305
14,4,4,4,4,4,4,14,1.1,0.01,False,4.7,751.4,9.89,76,64.47,19.48,-7.52,1.593
14,4,4,4,4,4,4,14,1.3,0.01,False,4.7,707.28,9.31,76,64.47,18.33,-7.08,1.5
14,4,4,4,4,4,4,14,1.5,0.01,False,4.7,673.04,8.86,76,64.47,17.45,-6.73,1.427
14,4,4,4,4,4,4,14,2,0.01,False,4.7,615.5,8.1,76,64.47,15.95,-6.16,1.305
14,4,4,4,4,4,14,4,1.1,0.01,False,6.35,690.59,11.91,58,67.24,21.01,-6.79,1.593
14,4,4,4,4,4,14,4,1.3,0.01,False,6.35,650.04,11.21,58,67.24,19.78,-6.39,1.5
14,4,4,4,4,4,14,4,1.5,0.01,False,6.35,618.57,10.67,58,67.24,18.82,-6.08,1.427
14,4,4,4,4,4,14,4,2,0.01,False,6.35,565.69,9.75,58,67.24,17.21,-5.56,1.305
14,4,4,4,4,4,14,14,1.1,0.01,False,5.48,595.06,12.66,47,65.96,23.48,-8.3,1.593
14,4,4,4,4,4,14,14,1.3,0.01,False,5.47,561.58,11.95,47,65.96,22.17,-7.85,1.5
14,4,4,4,4,4,14,14,1.5,0.01,False,5.46,535.13,11.39,47,65.96,21.13,-7.5,1.427
14,4,4,4,4,4,14,14,2,0.01,False,5.46,489.2,10.41,47,65.96,19.32,-6.85,1.305
14,4,4,4,4,14,4,4,1.1,0.01,False,3.05,445.6,8.41,53,50.94,24.57,-8.38,1.593
14,4,4,4,4,14,4,4,1.3,0.01,False,3.05,419.44,7.91,53,50.94,23.13,-7.89,1.5
14,4,4,4,4,14,4,4,1.5,0.01,False,3.05,399.13,7.53,53,50.94,22.01,-7.5,1.427
14,4,4,4,4,14,4,4,2,0.01,False,3.05,365.01,6.89,53,50.94,20.13,-6.86,1.305
14,4,4,4,4,14,4,14,1.1,0.01,False,3.71,700.01,9.86,71,60.56,22.29,-9.23,1.593
14,4,4,4,4,14,4,14,1.3,0.01,False,3.7,660.45,9.3,71,60.56,21.05,-8.73,1.5
14,4,4,4,4,14,4,14,1.5,0.01,False,3.7,629.25,8.86,71,60.56,20.06,-8.33,1.427
14,4,4,4,4,14,4,14,2,0.01,False,3.7,575.26,8.1,71,60.56,18.34,-7.62,1.305
14,4,4,4,4,14,14,4,1.1,0.01,False,4.41,667.72,10.95,61,59.02,23.99,-7.84,1.593
14,4,4,4,4,14,14,4,1.3,0.01,False,4.39,629.58,10.32,61,59.02,22.64,-7.42,1.5
14,4,4,4,4,14,14,4,1.5,0.01,False,4.39,599.65,9.83,61,59.02,21.57,-7.08,1.427
14,4,4,4,4,14,14,4,2,0.01,False,4.39,548.25,8.99,61,59.02,19.72,-6.47,1.305
14,4,4,4,4,14,14,14,1.1,0.01,False,5.27,600.49,15.01,40,60.0,30.88,-8.79,1.593
14,4,4,4,4,14,14,14,1.3,0.01,False,5.25,567.52,14.19,40,60.0,29.21,-8.34,1.5
14,4,4,4,4,14,14,14,1.5,0.01,False,5.24,541.2,13.53,40,60.0,27.87,-7.97,1.427
14,4,4,4,4,14,14,14,2,0.01,False,5.24,494.64,12.37,40,60.0,25.47,-7.28,1.305
14,4,4,4,14,4,4,4,1.1,0.01,False,4.52,625.25,12.26,51,60.78,25.91,-8.89,1.593
14,4,4,4,14,4,4,4,1.3,0.01,False,4.52,588.54,11.54,51,60.78,24.39,-8.37,1.5
14,4,4,4,14,4,4,4,1.5,0.01,False,4.52,560.04,10.98,51,60.78,23.21,-7.97,1.427
14,4,4,4,14,4,4,4,2,0.01,False,4.52,512.17,10.04,51,60.78,21.22,-7.29,1.305
14,4,4,4,14,4,4,14,1.1,0.01,False,4.25,848.98,10.35,82,63.41,21.35,-8.71,1.593
14,4,4,4,14,4,4,14,1.3,0.01,False,4.24,800.92,9.77,82,63.41,20.16,-8.24,1.5
14,4,4,4,14,4,4,14,1.5,0.01,False,4.23,763.04,9.31,82,63.41,19.21,-7.87,1.427
14,4,4,4,14,4,4,14,2,0.01,False,4.23,697.58,8.51,82,63.41,17.56,-7.19,1.305
14,4,4,4,14,4,14,4,1.1,0.01,False,6.02,817.31,14.09,58,63.79,26.49,-7.76,1.593
14,4,4,4,14,4,14,4,1.3,0.01,False,6.0,770.72,13.29,58,63.79,25.0,-7.34,1.5
14,4,4,4,14,4,14,4,1.5,0.01,False,5.99,734.11,12.66,58,63.79,23.82,-7.01,1.427
14,4,4,4,14,4,14,4,2,0.01,False,5.99,671.17,11.57,58,63.79,21.77,-6.4,1.305
14,4,4,4,14,4,14,14,1.1,0.01,False,8.97,815.87,18.13,45,73.33,27.83,-8.53,1.593
14,4,4,4,14,4,14,14,1.3,0.01,False,8.95,771.59,17.15,45,73.33,26.32,-8.08,1.5
14,4,4,4,14,4,14,14,1.5,0.01,False,8.95,736.07,16.36,45,73.33,25.11,-7.72,1.427
14,4,4,4,14,4,14,14,2,0.01,False,8.95,672.68,14.95,45,73.33,22.95,-7.05,1.305
14,4,4,4,14,14,4,4,1.1,0.01,False,3.45,427.51,9.72,44,56.82,24.09,-9.19,1.593
14,4,4,4,14,14,4,4,1.3,0.01,False,3.45,403.11,9.16,44,56.82,22.71,-8.67,1.5
14,4,4,4,14,14,4,4,1.5,0.01,False,3.45,383.94,8.73,44,56.82,21.63,-8.26,1.427
14,4,4,4,14,14,4,4,2,0.01,False,3.45,351.03,7.98,44,56.82,19.78,-7.55,1.305
14,4,4,4,14,14,4,14,1.1,0.01,False,4.34,744.94,11.46,65,64.62,23.05,-9.7,1.593
14,4,4,4,14,14,4,14,1.3,0.01,False,4.33,705.1,10.85,65,64.62,21.83,-9.21,1.5
14,4,4,4,14,14,4,14,1.5,0.01,False,4.32,672.93,10.35,65,64.62,20.84,-8.8,1.427
14,4,4,4,14,14,4,14,2,0.01,False,4.33,614.91,9.46,65,64.62,19.04,-8.04,1.305
14,4,4,4,14,14,14,4,1.1,0.01,False,5.38,663.31,13.01,51,64.71,24.68,-8.4,1.593
14,4,4,4,14,14,14,4,1.3,0.01,False,5.37,627.24,12.3,51,64.71,23.36,-7.98,1.5
14,4,4,4,14,14,14,4,1.5,0.01,False,5.36,598.32,11.73,51,64.71,22.29,-7.63,1.427
14,4,4,4,14,14,14,4,2,0.01,False,5.36,546.8,10.72,51,64.71,20.37,-6.97,1.305
14,4,4,4,14,14,14,14,1.1,0.01,False,8.54,612.21,19.13,32,68.75,31.52,-8.12,1.593
14,4,4,4,14,14,14,14,1.3,0.01,False,8.56,581.05,18.16,32,68.75,29.9,-7.68,1.5
14,4,4,4,14,14,14,14,1.5,0.01,False,8.57,555.34,17.35,32,68.75,28.58,-7.33,1.427
14,4,4,4,14,14,14,14,2,0.01,False,8.57,507.26,15.85,32,68.75,26.1,-6.7,1.305
14,4,4,14,4,4,4,4,1.1,0.01,False,2.79,384.3,7.12,54,53.7,20.64,-8.57,1.846
14,4,4,14,4,4,4,4,1.3,0.01,False,2.8,362.92,6.72,54,53.7,19.48,-8.08,1.752
14,4,4,14,4,4,4,4,1.5,0.01,False,2.8,345.94,6.41,54,53.7,18.56,-7.7,1.675
14,4,4,14,4,4,4,4,2,0.01,False,2.8,316.22,5.86,54,53.7,16.97,-7.04,1.53
14,4,4,14,4,4,4,14,1.1,0.01,False,3.79,636.78,9.1,70,58.57,21.11,-7.88,1.846
14,4,4,14,4,4,4,14,1.3,0.01,False,3.79,602.66,8.61,70,58.57,19.97,-7.45,1.752
14,4,4,14,4,4,4,14,1.5,0.01,False,3.79,575.14,8.22,70,58.57,19.05,-7.1,1.675
14,4,4,14,4,4,4,14,2,0.01,False,3.79,525.56,7.51,70,58.57,17.41,-6.49,1.53
14,4,4,14,4,4,14,4,1.1,0.01,False,4.99,625.38,11.58,54,61.11,23.7,-7.46,1.846
14,4,4,14,4,4,14,4,1.3,0.01,False,5.0,592.08,10.96,54,61.11,22.43,-7.05,1.752
14,4,4,14,4,4,14,4,1.5,0.01,False,5.0,565.14,10.47,54,61.11,21.41,-6.73,1.675
14,4,4,14,4,4,14,4,2,0.01,False,5.0,516.39,9.56,54,61.11,19.56,-6.15,1.53
14,4,4,14,4,4,14,14,1.1,0.01,False,5.21,610.64,13.88,44,63.64,26.99,-9.07,1.846
14,4,4,14,4,4,14,14,1.3,0.01,False,5.21,579.75,13.18,44,63.64,25.62,-8.61,1.752
14,4,4,14,4,4,14,14,1.5,0.01,False,5.21,554.19,12.6,44,63.64,24.5,-8.23,1.675
14,4,4,14,4,4,14,14,2,0.01,False,5.21,506.18,11.5,44,63.64,22.37,-7.52,1.53
14,4,4,14,4,14,4,4,1.1,0.01,False,2.98,414.19,9.41,44,47.73,29.7,-9.11,1.846
14,4,4,14,4,14,4,4,1.3,0.01,False,2.98,392.44,8.92,44,47.73,28.13,-8.62,1.752
14,4,4,14,4,14,4,4,1.5,0.01,False,2.98,374.74,8.52,44,47.73,26.86,-8.23,1.675
14,4,4,14,4,14,4,4,2,0.01,False,2.98,342.38,7.78,44,47.73,24.54,-7.52,1.53
14,4,4,14,4,14,4,14,1.1,0.01,False,3.5,655.87,10.58,62,56.45,26.24,-9.73,1.846
14,4,4,14,4,14,4,14,1.3,0.01,False,3.5,622.69,10.04,62,56.45,24.91,-9.23,1.752
14,4,4,14,4,14,4,14,1.5,0.01,False,3.5,595.23,9.6,62,56.45,23.82,-8.83,1.675
14,4,4,14,4,14,4,14,2,0.01,False,3.5,543.67,8.77,62,56.45,21.75,-8.06,1.53
14,4,4,14,4,14,14,4,1.1,0.01,False,3.88,571.19,11.66,49,53.06,29.6,-8.63,1.846
14,4,4,14,4,14,14,4,1.3,0.01,False,3.88,542.3,11.07,49,53.06,28.1,-8.19,1.752
14,4,4,14,4,14,14,4,1.5,0.01,False,3.88,518.38,10.58,49,53.06,26.86,-7.83,1.675
14,4,4,14,4,14,14,4,2,0.01,False,3.88,473.48,9.66,49,53.06,24.54,-7.15,1.53
14,4,4,14,4,14,14,14,1.1,0.01,False,5.68,599.05,18.72,32,59.38,38.27,-9.85,1.846
14,4,4,14,4,14,14,14,1.3,0.01,False,5.67,570.05,17.81,32,59.38,36.42,-9.38,1.752
14,4,4,14,4,14,14,14,1.5,0.01,False,5.67,545.57,17.05,32,59.38,34.86,-8.99,1.675
14,4,4,14,4,14,14,14,2,0.01,False,5.67,498.15,15.57,32,59.38,31.83,-8.21,1.53
14,4,4,14,14,4,4,4,1.1,0.01,False,4.01,567.23,12.61,45,55.56,30.22,-9.42,1.846
14,4,4,14,14,4,4,4,1.3,0.01,False,4.01,536.66,11.93,45,55.56,28.6,-8.92,1.752
14,4,4,14,14,4,4,4,1.5,0.01,False,4.01,512.06,11.38,45,55.56,27.3,-8.52,1.675
14,4,4,14,14,4,4,4,2,0.01,False,4.01,467.94,10.4,45,55.56,24.94,-7.78,1.53
14,4,4,14,14,4,4,14,1.1,0.01,False,3.38,694.39,9.38,74,56.76,23.49,-9.13,1.846
14,4,4,14,14,4,4,14,1.3,0.01,False,3.38,659.26,8.91,74,56.76,22.3,-8.67,1.752
14,4,4,14,14,4,4,14,1.5,0.01,False,3.38,630.19,8.52,74,56.76,21.32,-8.28,1.675
14,4,4,14,14,4,4,14,2,0.01,False,3.38,575.6,7.78,74,56.76,19.47,-7.57,1.53
14,4,4,14,14,4,14,4,1.1,0.01,False,4.76,714.14,14.0,51,56.86,31.17,-8.63,1.846
14,4,4,14,14,4,14,4,1.3,0.01,False,4.76,678.01,13.29,51,56.86,29.6,-8.19,1.752
14,4,4,14,14,4,14,4,1.5,0.01,False,4.76,648.11,12.71,51,56.86,28.29,-7.83,1.675
14,4,4,14,14,4,14,4,2,0.01,False,4.76,591.97,11.61,51,56.86,25.84,-7.15,1.53
14,4,4,14,14,4,14,14,1.1,0.01,False,7.82,790.76,20.28,39,69.23,33.58,-9.66,1.846
14,4,4,14,14,4,14,14,1.3,0.01,False,7.82,752.82,19.3,39,69.23,31.97,-9.2,1.752
14,4,4,14,14,4,14,14,1.5,0.01,False,7.82,720.65,18.48,39,69.23,30.6,-8.8,1.675
14,4,4,14,14,4,14,14,2,0.01,False,7.82,657.97,16.87,39,69.23,27.94,-8.04,1.53
14,4,4,14,14,14,4,4,1.1,0.01,False,3.33,406.95,11.0,37,51.35,30.62,-9.71,1.846
14,4,4,14,14,14,4,4,1.3,0.01,False,3.33,386.36,10.44,37,51.35,29.07,-9.22,1.752
14,4,4,14,14,14,4,4,1.5,0.01,False,3.33,369.33,9.98,37,51.35,27.79,-8.81,1.675
14,4,4,14,14,14,4,4,2,0.01,False,3.33,337.33,9.12,37,51.35,25.38,-8.05,1.53
14,4,4,14,14,14,4,14,1.1,0.01,False,3.53,608.18,10.86,56,57.14,26.52,-10.01,1.846
14,4,4,14,14,14,4,14,1.3,0.01,False,3.53,579.33,10.35,56,57.14,25.26,-9.54,1.752
14,4,4,14,14,14,4,14,1.5,0.01,False,3.53,554.75,9.91,56,57.14,24.19,-9.13,1.675
14,4,4,14,14,14,4,14,2,0.01,False,3.53,506.45,9.04,56,57.14,22.08,-8.34,1.53
14,4,4,14,14,14,14,4,1.1,0.01,False,4.46,580.43,13.19,44,56.82,29.93,-8.84,1.846
14,4,4,14,14,14,14,4,1.3,0.01,False,4.45,552.59,12.56,44,56.82,28.5,-8.42,1.752
14,4,4,14,14,14,14,4,1.5,0.01,False,4.45,528.99,12.02,44,56.82,27.29,-8.06,1.675
14,4,4,14,14,14,14,4,2,0.01,False,4.45,482.97,10.98,44,56.82,24.91,-7.36,1.53
14,4,4,14,14,14,14,14,1.1,0.01,False,8.38,608.86,23.42,26,65.38,40.67,-9.17,1.846
14,4,4,14,14,14,14,14,1.3,0.01,False,8.4,581.28,22.36,26,65.38,38.81,-8.73,1.752
14,4,4,14,14,14,14,14,1.5,0.01,False,8.41,557.25,21.43,26,65.38,37.2,-8.36,1.675
14,4,4,14,14,14,14,14,2,0.01,False,8.41,508.58,19.56,26,65.38,33.96,-7.63,1.53
14,4,14,4,4,4,4,4,1.1,0.01,False,3.88,629.18,9.68,65,61.54,21.19,-8.74,1.846
14,4,14,4,4,4,4,4,1.3,0.01,False,3.9,596.39,9.18,65,61.54,20.06,-8.24,1.752
14,4,14,4,4,4,4,4,1.5,0.01,False,3.9,569.61,8.76,65,61.54,19.15,-7.85,1.675
14,4,14,4,4,4,4,4,2,0.01,False,3.9,520.38,8.01,65,61.54,17.49,-7.18,1.53
14,4,14,4,4,4,4,14,1.1,0.01,False,4.22,875.19,10.42,84,61.9,22.06,-8.49,1.846
14,4,14,4,4,4,4,14,1.3,0.01,False,4.23,829.52,9.88,84,61.9,20.89,-8.03,1.752
14,4,14,4,4,4,4,14,1.5,0.01,False,4.23,792.25,9.43,84,61.9,19.95,-7.66,1.675
14,4,14,4,4,4,4,14,2,0.01,False,4.23,723.8,8.62,84,61.9,18.23,-7.0,1.53
14,4,14,4,4,4,14,4,1.1,0.01,False,5.46,798.5,12.1,66,66.67,22.21,-8.13,1.846
14,4,14,4,4,4,14,4,1.3,0.01,False,5.47,756.99,11.47,66,66.67,21.05,-7.69,1.752
14,4,14,4,4,4,14,4,1.5,0.01,False,5.48,723.06,10.96,66,66.67,20.1,-7.34,1.675
14,4,14,4,4,4,14,4,2,0.01,False,5.48,660.57,10.01,66,66.67,18.37,-6.7,1.53
14,4,14,4,4,4,14,14,1.1,0.01,False,4.98,750.28,12.5,60,65.0,24.08,-8.98,1.846
14,4,14,4,4,4,14,14,1.3,0.01,False,4.98,712.33,11.87,60,65.0,22.86,-8.53,1.752
14,4,14,4,4,4,14,14,1.5,0.01,False,4.98,680.92,11.35,60,65.0,21.85,-8.15,1.675
14,4,14,4,4,4,14,14,2,0.01,False,4.98,621.93,10.37,60,65.0,19.96,-7.45,1.53
14,4,14,4,4,14,4,4,1.1,0.01,False,3.68,581.45,10.57,55,54.55,26.62,-8.69,1.846
14,4,14,4,4,14,4,4,1.3,0.01,False,3.68,551.85,10.03,55,54.55,25.25,-8.22,1.752
14,4,14,4,4,14,4,4,1.5,0.01,False,3.69,527.42,9.59,55,54.55,24.12,-7.85,1.675
14,4,14,4,4,14,4,4,2,0.01,False,3.69,481.76,8.76,55,54.55,22.04,-7.17,1.53
14,4,14,4,4,14,4,14,1.1,0.01,False,3.22,707.55,9.56,74,56.76,24.43,-9.96,1.846
14,4,14,4,4,14,4,14,1.3,0.01,False,3.22,671.76,9.08,74,56.76,23.2,-9.45,1.752
14,4,14,4,4,14,4,14,1.5,0.01,False,3.22,642.14,8.68,74,56.76,22.18,-9.04,1.675
14,4,14,4,4,14,4,14,2,0.01,False,3.22,586.52,7.93,74,56.76,20.25,-8.26,1.53
14,4,14,4,4,14,14,4,1.1,0.01,False,3.83,667.35,10.43,64,57.81,24.41,-8.73,1.846
14,4,14,4,4,14,14,4,1.3,0.01,False,3.83,633.59,9.9,64,57.81,23.17,-8.29,1.752
14,4,14,4,4,14,14,4,1.5,0.01,False,3.83,605.66,9.46,64,57.81,22.15,-7.92,1.675
14,4,14,4,4,14,14,4,2,0.01,False,3.83,553.19,8.64,64,57.81,20.23,-7.23,1.53
14,4,14,4,4,14,14,14,1.1,0.01,False,4.5,648.89,13.52,48,58.33,29.8,-9.27,1.846
14,4,14,4,4,14,14,14,1.3,0.01,False,4.49,616.77,12.85,48,58.33,28.33,-8.83,1.752
14,4,14,4,4,14,14,14,1.5,0.01,False,4.49,589.93,12.29,48,58.33,27.11,-8.45,1.675
14,4,14,4,4,14,14,14,2,0.01,False,4.49,538.74,11.22,48,58.33,24.75,-7.72,1.53
14,4,14,4,14,4,4,4,1.1,0.01,False,4.73,770.07,13.51,57,63.16,27.12,-9.82,1.846
14,4,14,4,14,4,4,4,1.3,0.01,False,4.73,730.0,12.81,57,63.16,25.71,-9.31,1.752
14,4,14,4,14,4,4,4,1.5,0.01,False,4.74,697.25,12.23,57,63.16,24.55,-8.89,1.675
14,4,14,4,14,4,4,4,2,0.01,False,4.73,636.99,11.18,57,63.16,22.43,-8.12,1.53
14,4,14,4,14,4,4,14,1.1,0.01,False,3.77,889.67,10.59,84,60.71,23.74,-9.73,1.846
14,4,14,4,14,4,4,14,1.3,0.01,False,3.77,844.66,10.06,84,60.71,22.54,-9.23,1.752
14,4,14,4,14,4,4,14,1.5,0.01,False,3.77,807.42,9.61,84,60.71,21.54,-8.83,1.675
14,4,14,4,14,4,4,14,2,0.01,False,3.77,737.48,8.78,84,60.71,19.68,-8.06,1.53
14,4,14,4,14,4,14,4,1.1,0.01,False,4.94,842.6,13.37,63,61.9,27.1,-8.92,1.846
14,4,14,4,14,4,14,4,1.3,0.01,False,4.94,799.98,12.7,63,61.9,25.72,-8.47,1.752
14,4,14,4,14,4,14,4,1.5,0.01,False,4.94,764.71,12.14,63,61.9,24.59,-8.1,1.675
14,4,14,4,14,4,14,4,2,0.01,False,4.94,698.46,11.09,63,61.9,22.46,-7.4,1.53
14,4,14,4,14,4,14,14,1.1,0.01,False,7.03,894.92,16.89,53,69.81,28.2,-9.27,1.846
14,4,14,4,14,4,14,14,1.3,0.01,False,7.03,850.93,16.06,53,69.81,26.81,-8.82,1.752
14,4,14,4,14,4,14,14,1.5,0.01,False,7.03,814.05,15.36,53,69.81,25.65,-8.44,1.675
14,4,14,4,14,4,14,14,2,0.01,False,7.03,743.38,14.03,53,69.81,23.43,-7.71,1.53
14,4,14,4,14,14,4,4,1.1,0.01,False,4.23,574.68,12.23,47,61.7,25.96,-9.9,1.846
14,4,14,4,14,14,4,4,1.3,0.01,False,4.23,545.61,11.61,47,61.7,24.65,-9.4,1.752
14,4,14,4,14,14,4,4,1.5,0.01,False,4.23,521.56,11.1,47,61.7,23.56,-8.98,1.675
14,4,14,4,14,14,4,4,2,0.01,False,4.23,476.38,10.14,47,61.7,21.52,-8.2,1.53
14,4,14,4,14,14,4,14,1.1,0.01,False,3.71,768.65,11.14,69,60.87,25.05,-10.5,1.846
14,4,14,4,14,14,4,14,1.3,0.01,False,3.71,731.17,10.6,69,60.87,23.83,-9.99,1.752
14,4,14,4,14,14,4,14,1.5,0.01,False,3.71,699.64,10.14,69,60.87,22.81,-9.57,1.675
14,4,14,4,14,14,4,14,2,0.01,False,3.71,638.86,9.26,69,60.87,20.83,-8.73,1.53
14,4,14,4,14,14,14,4,1.1,0.01,False,4.54,673.7,12.25,55,63.64,24.68,-9.51,1.846
14,4,14,4,14,14,14,4,1.3,0.01,False,4.54,640.58,11.65,55,63.64,23.48,-9.05,1.752
14,4,14,4,14,14,14,4,1.5,0.01,False,4.53,612.81,11.14,55,63.64,22.46,-8.67,1.675
14,4,14,4,14,14,14,4,2,0.01,False,4.54,559.61,10.17,55,63.64,20.51,-7.91,1.53
14,4,14,4,14,14,14,14,1.1,0.01,False,6.32,670.56,16.36,41,65.85,29.5,-9.0,1.846
14,4,14,4,14,14,14,14,1.3,0.01,False,6.33,638.83,15.58,41,65.85,28.1,-8.57,1.752
14,4,14,4,14,14,14,14,1.5,0.01,False,6.33,611.76,14.92,41,65.85,26.91,-8.2,1.675
14,4,14,4,14,14,14,14,2,0.01,False,6.33,558.5,13.62,41,65.85,24.57,-7.48,1.53
14,4,14,14,4,4,4,4,1.1,0.01,False,3.41,524.2,9.71,54,57.41,23.94,-9.47,2.098
14,4,14,14,4,4,4,4,1.3,0.01,False,3.42,499.64,9.25,54,57.41,22.77,-8.97,2.005
14,4,14,14,4,4,4,4,1.5,0.01,False,3.43,478.59,8.86,54,57.41,21.79,-8.57,1.923
14,4,14,14,4,4,4,4,2,0.01,False,3.43,436.89,8.09,54,57.41,19.9,-7.83,1.755
14,4,14,14,4,4,4,14,1.1,0.01,False,4.86,844.63,12.42,68,61.76,25.32,-8.42,2.098
14,4,14,14,4,4,4,14,1.3,0.01,False,4.88,804.17,11.83,68,61.76,24.08,-7.97,2.005
14,4,14,14,4,4,4,14,1.5,0.01,False,4.89,769.85,11.32,68,61.76,23.04,-7.61,1.923
14,4,14,14,4,4,4,14,2,0.01,False,4.89,702.88,10.34,68,61.76,21.04,-6.95,1.755
14,4,14,14,4,4,14,4,1.1,0.01,False,6.14,775.96,14.92,52,63.46,28.09,-7.95,2.098
14,4,14,14,4,4,14,4,1.3,0.01,False,6.16,739.06,14.21,52,63.46,26.74,-7.54,2.005
14,4,14,14,4,4,14,4,1.5,0.01,False,6.17,707.64,13.61,52,63.46,25.59,-7.2,1.923
14,4,14,14,4,4,14,4,2,0.01,False,6.17,646.05,12.42,52,63.46,23.37,-6.58,1.755
14,4,14,14,4,4,14,14,1.1,0.01,False,5.91,687.11,16.36,42,64.29,30.63,-9.32,2.098
14,4,14,14,4,4,14,14,1.3,0.01,False,5.92,655.49,15.61,42,64.29,29.21,-8.87,2.005
14,4,14,14,4,4,14,14,1.5,0.01,False,5.93,628.15,14.96,42,64.29,27.98,-8.49,1.923
14,4,14,14,4,4,14,14,2,0.01,False,5.93,573.35,13.65,42,64.29,25.54,-7.76,1.755
14,4,14,14,4,14,4,4,1.1,0.01,False,3.51,589.07,12.02,49,51.02,32.94,-9.77,2.098
14,4,14,14,4,14,4,4,1.3,0.01,False,3.52,562.57,11.48,49,51.02,31.42,-9.29,2.005
14,4,14,14,4,14,4,4,1.5,0.01,False,3.53,539.41,11.01,49,51.02,30.11,-8.89,1.923
14,4,14,14,4,14,4,4,2,0.01,False,3.53,492.28,10.05,49,51.02,27.49,-8.12,1.755
14,4,14,14,4,14,4,14,1.1,0.01,False,3.98,842.72,13.17,64,57.81,30.42,-10.48,2.098
14,4,14,14,4,14,4,14,1.3,0.01,False,3.99,804.13,12.56,64,57.81,29.01,-9.98,2.005
14,4,14,14,4,14,4,14,1.5,0.01,False,3.99,770.69,12.04,64,57.81,27.8,-9.55,1.923
14,4,14,14,4,14,4,14,2,0.01,False,3.99,703.43,10.99,64,57.81,25.37,-8.72,1.755
14,4,14,14,4,14,14,4,1.1,0.01,False,4.4,758.06,13.78,55,54.55,32.71,-8.93,2.098
14,4,14,14,4,14,14,4,1.3,0.01,False,4.41,723.58,13.16,55,54.55,31.2,-8.5,2.005
14,4,14,14,4,14,14,4,1.5,0.01,False,4.41,693.61,12.61,55,54.55,29.9,-8.14,1.923
14,4,14,14,4,14,14,4,2,0.01,False,4.41,633.04,11.51,55,54.55,27.29,-7.43,1.755
14,4,14,14,4,14,14,14,1.1,0.01,False,5.63,700.42,20.01,35,57.14,42.58,-10.07,2.098
14,4,14,14,4,14,14,14,1.3,0.01,False,5.63,669.31,19.12,35,57.14,40.69,-9.63,2.005
14,4,14,14,4,14,14,14,1.5,0.01,False,5.63,641.96,18.34,35,57.14,39.02,-9.23,1.923
14,4,14,14,4,14,14,14,2,0.01,False,5.63,585.81,16.74,35,57.14,35.61,-8.43,1.755
14,4,14,14,14,4,4,4,1.1,0.01,False,4.77,775.14,16.15,48,60.42,33.82,-10.83,2.098
14,4,14,14,14,4,4,4,1.3,0.01,False,4.77,738.75,15.39,48,60.42,32.23,-10.31,2.005
14,4,14,14,14,4,4,4,1.5,0.01,False,4.77,707.59,14.74,48,60.42,30.87,-9.88,1.923
14,4,14,14,14,4,4,4,2,0.01,False,4.77,645.94,13.46,48,60.42,28.18,-9.02,1.755
14,4,14,14,14,4,4,14,1.1,0.01,False,4.16,954.31,12.72,75,60.0,27.91,-10.06,2.098
14,4,14,14,14,4,4,14,1.3,0.01,False,4.17,910.57,12.14,75,60.0,26.62,-9.58,2.005
14,4,14,14,14,4,4,14,1.5,0.01,False,4.17,872.69,11.64,75,60.0,25.51,-9.17,1.923
14,4,14,14,14,4,4,14,2,0.01,False,4.17,796.53,10.62,75,60.0,23.28,-8.38,1.755
14,4,14,14,14,4,14,4,1.1,0.01,False,5.59,928.01,17.51,53,58.49,36.46,-9.19,2.098
14,4,14,14,14,4,14,4,1.3,0.01,False,5.6,885.74,16.71,53,58.49,34.78,-8.75,2.005
14,4,14,14,14,4,14,4,1.5,0.01,False,5.61,849.02,16.02,53,58.49,33.33,-8.38,1.923
14,4,14,14,14,4,14,4,2,0.01,False,5.6,774.89,14.62,53,58.49,30.43,-7.65,1.755
14,4,14,14,14,4,14,14,1.1,0.01,False,8.43,939.96,22.93,41,70.73,36.78,-10.54,2.098
14,4,14,14,14,4,14,14,1.3,0.01,False,8.43,898.21,21.91,41,70.73,35.14,-10.08,2.005
14,4,14,14,14,4,14,14,1.5,0.01,False,8.43,861.51,21.01,41,70.73,33.71,-9.66,1.923
14,4,14,14,14,4,14,14,2,0.01,False,8.43,786.16,19.17,41,70.73,30.76,-8.82,1.755
14,4,14,14,14,14,4,4,1.1,0.01,False,3.84,545.49,13.64,40,57.5,32.07,-11.3,2.098
14,4,14,14,14,14,4,4,1.3,0.01,False,3.84,520.73,13.02,40,57.5,30.61,-10.79,2.005
14,4,14,14,14,14,4,4,1.5,0.01,False,3.84,499.19,12.48,40,57.5,29.35,-10.34,1.923
14,4,14,14,14,14,4,4,2,0.01,False,3.84,455.6,11.39,40,57.5,26.78,-9.44,1.755
14,4,14,14,14,14,4,14,1.1,0.01,False,4.29,814.79,14.29,57,61.4,30.35,-11.25,2.098
14,4,14,14,14,14,4,14,1.3,0.01,False,4.29,778.6,13.66,57,61.4,29.01,-10.75,2.005
14,4,14,14,14,14,4,14,1.5,0.01,False,4.29,746.78,13.1,57,61.4,27.82,-10.31,1.923
14,4,14,14,14,14,4,14,2,0.01,False,4.29,681.47,11.96,57,61.4,25.39,-9.41,1.755
14,4,14,14,14,14,14,4,1.1,0.01,False,5.13,730.41,16.23,45,60.0,33.6,-9.83,2.098
14,4,14,14,14,14,14,4,1.3,0.01,False,5.13,697.97,15.51,45,60.0,32.11,-9.39,2.005
14,4,14,14,14,14,14,4,1.5,0.01,False,5.13,669.45,14.88,45,60.0,30.8,-9.01,1.923
14,4,14,14,14,14,14,4,2,0.01,False,5.13,610.9,13.58,45,60.0,28.1,-8.22,1.755
14,4,14,14,14,14,14,14,1.1,0.01,False,8.49,687.28,25.45,27,66.67,43.28,-10.19,2.098
14,4,14,14,14,14,14,14,1.3,0.01,False,8.5,657.97,24.37,27,66.67,41.43,-9.75,2.005
14,4,14,14,14,14,14,14,1.5,0.01,False,8.5,631.68,23.4,27,66.67,39.77,-9.36,1.923
14,4,14,14,14,14,14,14,2,0.01,False,8.5,576.28,21.34,27,66.67,36.29,-8.54,1.755
14,14,4,4,4,4,4,4,1.1,0.01,False,2.93,367.21,7.2,51,56.86,19.23,-8.65,1.846
14,14,4,4,4,4,4,4,1.3,0.01,False,2.94,347.04,6.8,51,56.86,18.15,-8.15,1.752
14,14,4,4,4,4,4,4,1.5,0.01,False,2.94,330.95,6.49,51,56.86,17.3,-7.76,1.675
14,14,4,4,4,4,4,4,2,0.01,False,2.94,302.48,5.93,51,56.86,15.81,-7.1,1.53
14,14,4,4,4,4,4,14,1.1,0.01,False,4.17,629.08,9.39,67,62.69,19.7,-7.94,1.846
14,14,4,4,4,4,4,14,1.3,0.01,False,4.18,595.98,8.9,67,62.69,18.65,-7.49,1.752
14,14,4,4,4,4,4,14,1.5,0.01,False,4.19,569.07,8.49,67,62.69,17.8,-7.14,1.675
14,14,4,4,4,4,4,14,2,0.01,False,4.19,519.93,7.76,67,62.69,16.27,-6.53,1.53
14,14,4,4,4,4,14,4,1.1,0.01,False,6.06,611.4,11.32,54,68.52,19.79,-7.1,1.846
14,14,4,4,4,4,14,4,1.3,0.01,False,6.08,579.39,10.73,54,68.52,18.74,-6.71,1.752
14,14,4,4,4,4,14,4,1.5,0.01,False,6.09,553.3,10.25,54,68.52,17.89,-6.39,1.675
14,14,4,4,4,4,14,4,2,0.01,False,6.09,505.51,9.36,54,68.52,16.35,-5.84,1.53
14,14,4,4,4,4,14,14,1.1,0.01,False,4.74,467.69,11.99,39,66.67,22.79,-9.61,1.846
14,14,4,4,4,4,14,14,1.3,0.01,False,4.74,444.03,11.39,39,66.67,21.64,-9.12,1.752
14,14,4,4,4,4,14,14,1.5,0.01,False,4.74,424.45,10.88,39,66.67,20.68,-8.72,1.675
14,14,4,4,4,4,14,14,2,0.01,False,4.74,387.68,9.94,39,66.67,18.89,-7.96,1.53
14,14,4,4,4,14,4,4,1.1,0.01,False,3.18,440.82,9.38,47,53.19,25.73,-9.2,1.846
14,14,4,4,4,14,4,4,1.3,0.01,False,3.18,417.89,8.89,47,53.19,24.38,-8.71,1.752
14,14,4,4,4,14,4,4,1.5,0.01,False,3.18,399.15,8.49,47,53.19,23.28,-8.31,1.675
14,14,4,4,4,14,4,4,2,0.01,False,3.18,364.65,7.76,47,53.19,21.27,-7.59,1.53
14,14,4,4,4,14,4,14,1.1,0.01,False,3.3,577.92,9.32,62,59.68,22.42,-10.07,1.846
14,14,4,4,4,14,4,14,1.3,0.01,False,3.3,548.69,8.85,62,59.68,21.29,-9.56,1.752
14,14,4,4,4,14,4,14,1.5,0.01,False,3.3,524.5,8.46,62,59.68,20.35,-9.14,1.675
14,14,4,4,4,14,4,14,2,0.01,False,3.3,479.06,7.73,62,59.68,18.59,-8.35,1.53
14,14,4,4,4,14,14,4,1.1,0.01,False,4.21,590.96,10.55,56,60.71,22.79,-8.36,1.846
14,14,4,4,4,14,14,4,1.3,0.01,False,4.21,561.06,10.02,56,60.71,21.63,-7.93,1.752
14,14,4,4,4,14,14,4,1.5,0.01,False,4.21,536.32,9.58,56,60.71,20.68,-7.58,1.675
14,14,4,4,4,14,14,4,2,0.01,False,4.21,489.86,8.75,56,60.71,18.89,-6.93,1.53
14,14,4,4,4,14,14,14,1.1,0.01,False,4.75,487.4,14.34,34,61.76,29.4,-10.0,1.846
14,14,4,4,4,14,14,14,1.3,0.01,False,4.74,463.47,13.63,34,61.76,27.97,-9.53,1.752
14,14,4,4,4,14,14,14,1.5,0.01,False,4.74,443.39,13.04,34,61.76,26.76,-9.13,1.675
14,14,4,4,4,14,14,14,2,0.01,False,4.74,404.89,11.91,34,61.76,24.44,-8.33,1.53
14,14,4,4,14,4,4,4,1.1,0.01,False,5.01,698.0,15.17,46,63.04,30.08,-10.25,1.846
14,14,4,4,14,4,4,4,1.3,0.01,False,5.0,660.48,14.36,46,63.04,28.47,-9.71,1.752
14,14,4,4,14,4,4,4,1.5,0.01,False,5.0,630.25,13.7,46,63.04,27.17,-9.27,1.675
14,14,4,4,14,4,4,4,2,0.01,False,5.0,575.93,12.52,46,63.04,24.83,-8.47,1.53
14,14,4,4,14,4,4,14,1.1,0.01,False,4.43,869.61,11.91,73,64.38,23.89,-9.74,1.846
14,14,4,4,14,4,4,14,1.3,0.01,False,4.43,825.62,11.31,73,64.38,22.68,-9.25,1.752
14,14,4,4,14,4,4,14,1.5,0.01,False,4.43,789.22,10.81,73,64.38,21.68,-8.84,1.675
14,14,4,4,14,4,4,14,2,0.01,False,4.43,720.85,9.87,73,64.38,19.8,-8.08,1.53
14,14,4,4,14,4,14,4,1.1,0.01,False,7.29,927.3,16.86,55,69.09,28.28,-8.68,1.846
14,14,4,4,14,4,14,4,1.3,0.01,False,7.29,880.39,16.01,55,69.09,26.85,-8.24,1.752
14,14,4,4,14,4,14,4,1.5,0.01,False,7.29,841.57,15.3,55,69.09,25.67,-7.87,1.675
14,14,4,4,14,4,14,4,2,0.01,False,7.29,768.67,13.98,55,69.09,23.45,-7.19,1.53
14,14,4,4,14,4,14,14,1.1,0.01,False,10.83,898.05,22.45,40,77.5,31.92,-10.15,1.846
14,14,4,4,14,4,14,14,1.3,0.01,False,10.83,855.0,21.38,40,77.5,30.39,-9.66,1.752
14,14,4,4,14,4,14,14,1.5,0.01,False,10.83,818.49,20.46,40,77.5,29.09,-9.25,1.675
14,14,4,4,14,4,14,14,2,0.01,False,10.83,747.29,18.68,40,77.5,26.56,-8.44,1.53
14,14,4,4,14,14,4,4,1.1,0.01,False,3.62,427.05,11.24,38,57.89,26.81,-10.18,1.846
14,14,4,4,14,14,4,4,1.3,0.01,False,3.62,405.45,10.67,38,57.89,25.46,-9.66,1.752
14,14,4,4,14,14,4,4,1.5,0.01,False,3.62,387.57,10.2,38,57.89,24.33,-9.24,1.675
14,14,4,4,14,14,4,4,2,0.01,False,3.62,354.0,9.32,38,57.89,22.23,-8.44,1.53
14,14,4,4,14,14,4,14,1.1,0.01,False,3.8,623.45,10.94,57,63.16,23.51,-10.61,1.846
14,14,4,4,14,14,4,14,1.3,0.01,False,3.79,593.37,10.41,57,63.16,22.38,-10.11,1.752
14,14,4,4,14,14,4,14,1.5,0.01,False,3.79,567.94,9.96,57,63.16,21.43,-9.68,1.675
14,14,4,4,14,14,4,14,2,0.01,False,3.79,518.56,9.1,57,63.16,19.56,-8.84,1.53
14,14,4,4,14,14,14,4,1.1,0.01,False,5.08,590.92,12.31,48,66.67,22.99,-9.05,1.846
14,14,4,4,14,14,14,4,1.3,0.01,False,5.07,562.14,11.71,48,66.67,21.88,-8.63,1.752
14,14,4,4,14,14,14,4,1.5,0.01,False,5.07,537.9,11.21,48,66.67,20.94,-8.26,1.675
14,14,4,4,14,14,14,4,2,0.01,False,5.07,491.17,10.23,48,66.67,19.12,-7.54,1.53
14,14,4,4,14,14,14,14,1.1,0.01,False,7.64,493.04,19.72,25,72.0,31.52,-10.61,1.846
14,14,4,4,14,14,14,14,1.3,0.01,False,7.65,470.45,18.82,25,72.0,30.06,-10.1,1.752
14,14,4,4,14,14,14,14,1.5,0.01,False,7.66,450.88,18.04,25,72.0,28.81,-9.67,1.675
14,14,4,4,14,14,14,14,2,0.01,False,7.66,411.53,16.46,25,72.0,26.3,-8.83,1.53
14,14,4,14,4,4,4,4,1.1,0.01,False,2.87,394.66,7.59,52,55.77,20.9,-9.19,2.098
14,14,4,14,4,4,4,4,1.3,0.01,False,2.87,375.46,7.22,52,55.77,19.86,-8.71,2.005
14,14,4,14,4,4,4,4,1.5,0.01,False,2.88,359.29,6.91,52,55.77,18.99,-8.32,1.923
14,14,4,14,4,4,4,4,2,0.01,False,2.88,328.07,6.31,52,55.77,17.34,-7.6,1.755
14,14,4,14,4,4,4,14,1.1,0.01,False,4.08,693.46,9.77,71,60.56,21.37,-8.05,2.098
14,14,4,14,4,4,4,14,1.3,0.01,False,4.09,660.69,9.31,71,60.56,20.33,-7.63,2.005
14,14,4,14,4,4,4,14,1.5,0.01,False,4.1,632.72,8.91,71,60.56,19.46,-7.29,1.923
14,14,4,14,4,4,4,14,2,0.01,False,4.1,577.62,8.14,71,60.56,17.77,-6.66,1.755
14,14,4,14,4,4,14,4,1.1,0.01,False,4.61,593.31,10.99,54,61.11,22.96,-7.83,2.098
14,14,4,14,4,4,14,4,1.3,0.01,False,4.63,565.62,10.47,54,61.11,21.87,-7.43,2.005
14,14,4,14,4,4,14,4,1.5,0.01,False,4.64,541.85,10.03,54,61.11,20.93,-7.1,1.923
14,14,4,14,4,4,14,4,2,0.01,False,4.63,494.62,9.16,54,61.11,19.11,-6.48,1.755
14,14,4,14,4,4,14,14,1.1,0.01,False,4.68,489.57,12.55,39,64.1,24.9,-9.5,2.098
14,14,4,14,4,4,14,14,1.3,0.01,False,4.69,467.19,11.98,39,64.1,23.76,-9.05,2.005
14,14,4,14,4,4,14,14,1.5,0.01,False,4.69,447.79,11.48,39,64.1,22.76,-8.66,1.923
14,14,4,14,4,4,14,14,2,0.01,False,4.69,408.7,10.48,39,64.1,20.78,-7.91,1.755
14,14,4,14,4,14,4,4,1.1,0.01,False,2.95,413.11,9.84,42,50.0,29.78,-10.11,2.098
14,14,4,14,4,14,4,4,1.3,0.01,False,2.95,394.06,9.38,42,50.0,28.38,-9.61,2.005
14,14,4,14,4,14,4,4,1.5,0.01,False,2.95,377.61,8.99,42,50.0,27.18,-9.2,1.923
14,14,4,14,4,14,4,4,2,0.01,False,2.95,344.67,8.21,42,50.0,24.81,-8.4,1.755
14,14,4,14,4,14,4,14,1.1,0.01,False,3.06,558.66,9.31,60,56.67,24.41,-10.44,2.098
14,14,4,14,4,14,4,14,1.3,0.01,False,3.06,533.16,8.89,60,56.67,23.28,-9.94,2.005
14,14,4,14,4,14,4,14,1.5,0.01,False,3.07,511.02,8.52,60,56.67,22.31,-9.51,1.923
14,14,4,14,4,14,4,14,2,0.01,False,3.07,466.41,7.77,60,56.67,20.36,-8.69,1.755
14,14,4,14,4,14,14,4,1.1,0.01,False,3.64,480.94,10.93,44,56.82,26.52,-9.58,2.098
14,14,4,14,4,14,14,4,1.3,0.01,False,3.65,459.25,10.44,44,56.82,25.3,-9.12,2.005
14,14,4,14,4,14,14,4,1.5,0.01,False,3.66,440.31,10.01,44,56.82,24.24,-8.73,1.923
14,14,4,14,4,14,14,4,2,0.01,False,3.65,401.84,9.13,44,56.82,22.13,-7.97,1.755
14,14,4,14,4,14,14,14,1.1,0.01,False,3.99,382.64,14.17,27,55.56,34.04,-10.67,2.098
14,14,4,14,4,14,14,14,1.3,0.01,False,3.99,365.65,13.54,27,55.56,32.53,-10.19,2.005
14,14,4,14,4,14,14,14,1.5,0.01,False,3.99,350.7,12.99,27,55.56,31.2,-9.78,1.923
14,14,4,14,4,14,14,14,2,0.01,False,3.99,320.03,11.85,27,55.56,28.47,-8.92,1.755
14,14,4,14,14,4,4,4,1.1,0.01,False,3.94,607.47,13.81,44,56.82,32.56,-10.87,2.098
14,14,4,14,14,4,4,4,1.3,0.01,False,3.93,577.12,13.12,44,56.82,30.96,-10.36,2.005
14,14,4,14,14,4,4,4,1.5,0.01,False,3.93,551.86,12.54,44,56.82,29.61,-9.92,1.923
14,14,4,14,14,4,4,4,2,0.01,False,3.93,504.01,11.45,44,56.82,27.04,-9.05,1.755
14,14,4,14,14,4,4,14,1.1,0.01,False,3.9,859.23,11.46,75,60.0,25.68,-9.88,2.098
14,14,4,14,14,4,4,14,1.3,0.01,False,3.9,819.48,10.93,75,60.0,24.48,-9.41,2.005
14,14,4,14,14,4,4,14,1.5,0.01,False,3.91,785.2,10.47,75,60.0,23.45,-9.01,1.923
14,14,4,14,14,4,4,14,2,0.01,False,3.91,716.72,9.56,75,60.0,21.41,-8.22,1.755
14,14,4,14,14,4,14,4,1.1,0.01,False,5.26,798.82,16.3,49,59.18,34.01,-9.37,2.098
14,14,4,14,14,4,14,4,1.3,0.01,False,5.27,761.8,15.55,49,59.18,32.43,-8.93,2.005
14,14,4,14,14,4,14,4,1.5,0.01,False,5.27,729.9,14.9,49,59.18,31.06,-8.55,1.923
14,14,4,14,14,4,14,4,2,0.01,False,5.27,666.25,13.6,49,59.18,28.36,-7.8,1.755
14,14,4,14,14,4,14,14,1.1,0.01,False,8.21,794.56,22.7,35,71.43,36.19,-11.02,2.098
14,14,4,14,14,4,14,14,1.3,0.01,False,8.21,759.28,21.69,35,71.43,34.58,-10.53,2.005
14,14,4,14,14,4,14,14,1.5,0.01,False,8.21,728.25,20.81,35,71.43,33.17,-10.1,1.923
14,14,4,14,14,4,14,14,2,0.01,False,8.21,664.55,18.99,35,71.43,30.27,-9.22,1.755
14,14,4,14,14,14,4,4,1.1,0.01,False,3.24,405.03,11.25,36,52.78,30.84,-10.64,2.098
14,14,4,14,14,14,4,4,1.3,0.01,False,3.24,386.34,10.73,36,52.78,29.42,-10.16,2.005
14,14,4,14,14,14,4,4,1.5,0.01,False,3.24,370.21,10.28,36,52.78,28.19,-9.73,1.923
14,14,4,14,14,14,4,4,2,0.01,False,3.24,337.92,9.39,36,52.78,25.73,-8.88,1.755
14,14,4,14,14,14,4,14,1.1,0.01,False,3.53,628.34,11.02,57,59.65,25.79,-10.81,2.098
14,14,4,14,14,14,4,14,1.3,0.01,False,3.53,600.43,10.53,57,59.65,24.64,-10.33,2.005
14,14,4,14,14,14,4,14,1.5,0.01,False,3.53,575.9,10.1,57,59.65,23.64,-9.9,1.923
14,14,4,14,14,14,4,14,2,0.01,False,3.53,525.53,9.22,57,59.65,21.57,-9.04,1.755
14,14,4,14,14,14,14,4,1.1,0.01,False,4.1,529.58,12.32,43,58.14,28.01,-9.48,2.098
14,14,4,14,14,14,14,4,1.3,0.01,False,4.1,506.06,11.77,43,58.14,26.77,-9.06,2.005
14,14,4,14,14,14,14,4,1.5,0.01,False,4.1,485.38,11.29,43,58.14,25.67,-8.69,1.923
14,14,4,14,14,14,14,4,2,0.01,False,4.1,442.93,10.3,43,58.14,23.43,-7.93,1.755
14,14,4,14,14,14,14,14,1.1,0.01,False,6.47,453.41,20.61,22,63.64,38.3,-10.35,2.098
14,14,4,14,14,14,14,14,1.3,0.01,False,6.48,434.04,19.73,22,63.64,36.66,-9.91,2.005
14,14,4,14,14,14,14,14,1.5,0.01,False,6.48,416.69,18.94,22,63.64,35.2,-9.51,1.923
14,14,4,14,14,14,14,14,2,0.01,False,6.48,380.15,17.28,22,63.64,32.11,-8.67,1.755
14,14,14,4,4,4,4,4,1.1,0.01,False,4.18,639.55,10.32,62,62.9,21.56,-8.75,2.098
14,14,14,4,4,4,4,4,1.3,0.01,False,4.19,609.46,9.83,62,62.9,20.52,-8.29,2.005
14,14,14,4,4,4,4,4,1.5,0.01,False,4.2,583.72,9.41,62,62.9,19.64,-7.92,1.923
14,14,14,4,4,4,4,4,2,0.01,False,4.2,532.87,8.59,62,62.9,17.93,-7.24,1.755
14,14,14,4,4,4,4,14,1.1,0.01,False,3.9,810.67,10.13,80,61.25,22.26,-9.03,2.098
14,14,14,4,4,4,4,14,1.3,0.01,False,3.91,772.91,9.66,80,61.25,21.19,-8.57,2.005
14,14,14,4,4,4,4,14,1.5,0.01,False,3.92,740.46,9.26,80,61.25,20.29,-8.19,1.923
14,14,14,4,4,4,4,14,2,0.01,False,3.91,675.91,8.45,80,61.25,18.53,-7.48,1.755
14,14,14,4,4,4,14,4,1.1,0.01,False,5.56,827.03,12.34,67,68.66,21.92,-8.64,2.098
14,14,14,4,4,4,14,4,1.3,0.01,False,5.58,788.89,11.77,67,68.66,20.89,-8.2,2.005
14,14,14,4,4,4,14,4,1.5,0.01,False,5.59,755.96,11.28,67,68.66,20.01,-7.84,1.923
14,14,14,4,4,4,14,4,2,0.01,False,5.59,690.01,10.3,67,68.66,18.27,-7.16,1.755
14,14,14,4,4,4,14,14,1.1,0.01,False,4.5,661.3,12.25,54,64.81,24.29,-9.93,2.098
14,14,14,4,4,4,14,14,1.3,0.01,False,4.51,631.4,11.69,54,64.81,23.18,-9.46,2.005
14,14,14,4,4,4,14,14,1.5,0.01,False,4.51,605.33,11.21,54,64.81,22.22,-9.06,1.923
14,14,14,4,4,4,14,14,2,0.01,False,4.51,552.45,10.23,54,64.81,20.28,-8.28,1.755
14,14,14,4,4,14,4,4,1.1,0.01,False,4.03,601.06,11.34,53,58.49,25.78,-9.0,2.098
14,14,14,4,4,14,4,4,1.3,0.01,False,4.04,573.53,10.82,53,58.49,24.58,-8.57,2.005
14,14,14,4,4,14,4,4,1.5,0.01,False,4.05,549.68,10.37,53,58.49,23.55,-8.2,1.923
14,14,14,4,4,14,4,4,2,0.01,False,4.05,501.7,9.47,53,58.49,21.5,-7.49,1.755
14,14,14,4,4,14,4,14,1.1,0.01,False,2.76,567.01,8.22,69,56.52,22.82,-10.77,2.098
14,14,14,4,4,14,4,14,1.3,0.01,False,2.76,541.18,7.84,69,56.52,21.77,-10.26,2.005
14,14,14,4,4,14,4,14,1.5,0.01,False,2.76,518.74,7.52,69,56.52,20.86,-9.82,1.923
14,14,14,4,4,14,4,14,2,0.01,False,2.76,473.45,6.86,69,56.52,19.04,-8.97,1.755
14,14,14,4,4,14,14,4,1.1,0.01,False,3.68,622.07,9.87,63,60.32,22.49,-9.3,2.098
14,14,14,4,4,14,14,4,1.3,0.01,False,3.68,594.11,9.43,63,60.32,21.46,-8.86,2.005
14,14,14,4,4,14,14,4,1.5,0.01,False,3.69,569.66,9.04,63,60.32,20.57,-8.48,1.923
14,14,14,4,4,14,14,4,2,0.01,False,3.69,519.88,8.25,63,60.32,18.77,-7.74,1.755
14,14,14,4,4,14,14,14,1.1,0.01,False,3.75,497.94,11.58,43,58.14,27.16,-10.06,2.098
14,14,14,4,4,14,14,14,1.3,0.01,False,3.75,475.83,11.07,43,58.14,25.95,-9.61,2.005
14,14,14,4,4,14,14,14,1.5,0.01,False,3.75,456.38,10.61,43,58.14,24.89,-9.22,1.923
14,14,14,4,4,14,14,14,2,0.01,False,3.75,416.47,9.69,43,58.14,22.72,-8.41,1.755
14,14,14,4,14,4,4,4,1.1,0.01,False,5.3,868.34,15.51,56,66.07,28.92,-10.63,2.098
14,14,14,4,14,4,4,4,1.3,0.01,False,5.3,826.37,14.76,56,66.07,27.53,-10.12,2.005
14,14,14,4,14,4,4,4,1.5,0.01,False,5.29,790.91,14.12,56,66.07,26.35,-9.69,1.923
14,14,14,4,14,4,4,4,2,0.01,False,5.3,722.15,12.9,56,66.07,24.06,-8.85,1.755
14,14,14,4,14,4,4,14,1.1,0.01,False,3.95,955.69,11.95,80,62.5,25.59,-10.79,2.098
14,14,14,4,14,4,4,14,1.3,0.01,False,3.96,911.64,11.4,80,62.5,24.4,-10.28,2.005
14,14,14,4,14,4,4,14,1.5,0.01,False,3.96,873.58,10.92,80,62.5,23.38,-9.85,1.923
14,14,14,4,14,4,4,14,2,0.01,False,3.96,797.38,9.97,80,62.5,21.34,-8.99,1.755
14,14,14,4,14,4,14,4,1.1,0.01,False,6.0,1047.08,16.11,65,67.69,28.56,-9.97,2.098
14,14,14,4,14,4,14,4,1.3,0.01,False,6.01,998.95,15.37,65,67.69,27.24,-9.5,2.005
14,14,14,4,14,4,14,4,1.5,0.01,False,6.01,957.32,14.73,65,67.69,26.1,-9.1,1.923
14,14,14,4,14,4,14,4,2,0.01,False,6.01,873.79,13.44,65,67.69,23.82,-8.31,1.755
14,14,14,4,14,4,14,14,1.1,0.01,False,8.27,1045.68,19.73,53,73.58,30.5,-10.27,2.098
14,14,14,4,14,4,14,14,1.3,0.01,False,8.27,999.24,18.85,53,73.58,29.14,-9.81,2.005
14,14,14,4,14,4,14,14,1.5,0.01,False,8.27,958.4,18.08,53,73.58,27.95,-9.41,1.923
14,14,14,4,14,4,14,14,2,0.01,False,8.27,874.58,16.5,53,73.58,25.51,-8.59,1.755
14,14,14,4,14,14,4,4,1.1,0.01,False,4.86,603.44,13.41,45,64.44,26.19,-9.76,2.098
14,14,14,4,14,14,4,4,1.3,0.01,False,4.86,575.82,12.8,45,64.44,25.0,-9.32,2.005
14,14,14,4,14,14,4,4,1.5,0.01,False,4.86,551.88,12.26,45,64.44,23.96,-8.94,1.923
14,14,14,4,14,14,4,4,2,0.01,False,4.86,503.71,11.19,45,64.44,21.87,-8.16,1.755
14,14,14,4,14,14,4,14,1.1,0.01,False,3.36,694.45,10.52,66,60.61,24.72,-11.31,2.098
14,14,14,4,14,14,4,14,1.3,0.01,False,3.36,663.61,10.05,66,60.61,23.62,-10.81,2.005
14,14,14,4,14,14,4,14,1.5,0.01,False,3.36,636.49,9.64,66,60.61,22.65,-10.37,1.923
14,14,14,4,14,14,4,14,2,0.01,False,3.36,580.82,8.8,66,60.61,20.67,-9.46,1.755
14,14,14,4,14,14,14,4,1.1,0.01,False,4.63,698.53,12.25,57,66.67,23.45,-10.14,2.098
14,14,14,4,14,14,14,4,1.3,0.01,False,4.63,667.5,11.71,57,66.67,22.41,-9.69,2.005
14,14,14,4,14,14,14,4,1.5,0.01,False,4.63,640.23,11.23,57,66.67,21.5,-9.29,1.923
14,14,14,4,14,14,14,4,2,0.01,False,4.63,584.23,10.25,57,66.67,19.62,-8.48,1.755
14,14,14,4,14,14,14,14,1.1,0.01,False,5.62,579.26,16.09,36,66.67,29.36,-10.44,2.098
14,14,14,4,14,14,14,14,1.3,0.01,False,5.63,554.33,15.4,36,66.67,28.09,-9.99,2.005
14,14,14,4,14,14,14,14,1.5,0.01,False,5.63,532.07,14.78,36,66.67,26.96,-9.58,1.923
14,14,14,4,14,14,14,14,2,0.01,False,5.63,485.43,13.48,36,66.67,24.6,-8.74,1.755
14,14,14,14,4,4,4,4,1.1,0.01,False,3.02,369.09,8.39,44,56.82,22.06,-9.6,1.341
14,14,14,14,4,4,4,4,1.3,0.01,False,3.04,352.85,8.02,44,56.82,21.03,-9.1,1.247
14,14,14,14,4,4,4,4,1.5,0.01,False,3.05,338.51,7.69,44,56.82,20.15,-8.7,1.179
14,14,14,14,4,4,4,4,2,0.01,False,3.05,308.89,7.02,44,56.82,18.39,-7.95,1.08
14,14,14,14,4,4,4,14,1.1,0.01,False,5.05,739.23,12.12,61,63.93,23.63,-8.29,2.351
14,14,14,14,4,4,4,14,1.3,0.01,False,5.1,707.63,11.6,61,63.93,22.57,-7.85,2.258
14,14,14,14,4,4,4,14,1.5,0.01,False,5.12,679.33,11.14,61,63.93,21.64,-7.49,2.171
14,14,14,14,4,4,4,14,2,0.01,False,5.12,619.76,10.16,61,63.93,19.75,-6.84,1.98
14,14,14,14,4,4,14,4,1.1,0.01,False,6.26,592.19,13.16,45,66.67,23.49,-7.51,1.593
14,14,14,14,4,4,14,4,1.3,0.01,False,6.32,566.88,12.6,45,66.67,22.45,-7.11,1.5
14,14,14,14,4,4,14,4,1.5,0.01,False,6.35,544.2,12.09,45,66.67,21.53,-6.79,1.427
14,14,14,14,4,4,14,4,2,0.01,False,6.34,496.48,11.03,45,66.67,19.65,-6.2,1.305
14,14,14,14,4,4,14,14,1.1,0.01,False,6.27,507.51,16.37,31,67.74,28.75,-9.63,2.351
14,14,14,14,4,4,14,14,1.3,0.01,False,6.31,486.48,15.69,31,67.74,27.53,-9.16,2.258
14,14,14,14,4,4,14,14,1.5,0.01,False,6.33,467.35,15.08,31,67.74,26.43,-8.76,2.171
14,14,14,14,4,4,14,14,2,0.01,False,6.33,426.29,13.75,31,67.74,24.11,-8.0,1.98
14,14,14,14,4,14,4,4,1.1,0.01,False,3.32,458.68,11.47,40,52.5,31.26,-10.41,1.593
14,14,14,14,4,14,4,4,1.3,0.01,False,3.33,439.7,10.99,40,52.5,29.92,-9.93,1.5
14,14,14,14,4,14,4,4,1.5,0.01,False,3.34,422.42,10.56,40,52.5,28.72,-9.51,1.427
14,14,14,14,4,14,4,4,2,0.01,False,3.34,385.3,9.63,40,52.5,26.2,-8.68,1.305
14,14,14,14,4,14,4,14,1.1,0.01,False,3.75,671.72,11.99,56,60.71,26.94,-11.1,2.351
14,14,14,14,4,14,4,14,1.3,0.01,False,3.77,643.97,11.5,56,60.71,25.79,-10.59,2.258
14,14,14,14,4,14,4,14,1.5,0.01,False,3.77,618.69,11.05,56,60.71,24.76,-10.14,2.171
14,14,14,14,4,14,4,14,2,0.01,False,3.77,564.32,10.08,56,60.71,22.59,-9.26,1.98
14,14,14,14,4,14,14,4,1.1,0.01,False,4.16,571.36,12.16,47,57.45,27.86,-9.04,1.846
14,14,14,14,4,14,14,4,1.3,0.01,False,4.18,548.15,11.66,47,57.45,26.68,-8.61,1.752
14,14,14,14,4,14,14,4,1.5,0.01,False,4.19,526.83,11.21,47,57.45,25.62,-8.25,1.675
14,14,14,14,4,14,14,4,2,0.01,False,4.19,480.48,10.22,47,57.45,23.37,-7.53,1.53
14,14,14,14,4,14,14,14,1.1,0.01,False,6.05,529.73,20.37,26,61.54,39.66,-10.49,2.351
14,14,14,14,4,14,14,14,1.3,0.01,False,6.06,508.42,19.55,26,61.54,38.05,-10.04,2.258
14,14,14,14,4,14,14,14,1.5,0.01,False,6.07,488.75,18.8,26,61.54,36.57,-9.64,2.171
14,14,14,14,4,14,14,14,2,0.01,False,6.07,445.72,17.14,26,61.54,33.35,-8.79,1.98
14,14,14,14,14,4,4,4,1.1,0.01,False,4.85,716.84,17.92,40,62.5,36.13,-12.42,1.593
14,14,14,14,14,4,4,4,1.3,0.01,False,4.84,683.92,17.1,40,62.5,34.48,-11.88,1.5
14,14,14,14,14,4,4,4,1.5,0.01,False,4.83,655.43,16.39,40,62.5,33.06,-11.4,1.427
14,14,14,14,14,4,4,4,2,0.01,False,4.83,598.24,14.96,40,62.5,30.17,-10.4,1.305
14,14,14,14,14,4,4,14,1.1,0.01,False,4.74,984.73,14.48,68,64.71,28.37,-10.98,2.351
14,14,14,14,14,4,4,14,1.3,0.01,False,4.75,942.9,13.87,68,64.71,27.15,-10.48,2.258
14,14,14,14,14,4,4,14,1.5,0.01,False,4.76,905.31,13.31,68,64.71,26.05,-10.04,2.171
14,14,14,14,14,4,4,14,2,0.01,False,4.75,825.89,12.15,68,64.71,23.77,-9.17,1.98
14,14,14,14,14,4,14,4,1.1,0.01,False,6.86,926.3,19.71,47,65.96,34.98,-9.89,1.846
14,14,14,14,14,4,14,4,1.3,0.01,False,6.88,886.75,18.87,47,65.96,33.47,-9.43,1.752
14,14,14,14,14,4,14,4,1.5,0.01,False,6.89,851.3,18.11,47,65.96,32.12,-9.04,1.675
14,14,14,14,14,4,14,4,2,0.01,False,6.89,776.65,16.52,47,65.96,29.31,-8.25,1.53
14,14,14,14,14,4,14,14,1.1,0.01,False,12.8,962.79,29.18,33,78.79,40.17,-11.66,2.351
14,14,14,14,14,4,14,14,1.3,0.01,False,12.8,923.04,27.97,33,78.79,38.51,-11.17,2.258
14,14,14,14,14,4,14,14,1.5,0.01,False,12.81,886.82,26.87,33,78.79,37.0,-10.73,2.171
14,14,14,14,14,4,14,14,2,0.01,False,12.81,808.88,24.51,33,78.79,33.75,-9.79,1.98
14,14,14,14,14,14,4,4,1.1,0.01,False,3.62,414.68,13.38,31,58.06,31.83,-12.18,1.846
14,14,14,14,14,14,4,4,1.3,0.01,False,3.62,397.0,12.81,31,58.06,30.49,-11.67,1.752
14,14,14,14,14,14,4,4,1.5,0.01,False,3.62,381.14,12.29,31,58.06,29.27,-11.21,1.675
14,14,14,14,14,14,4,4,2,0.01,False,3.62,347.71,11.22,31,58.06,26.7,-10.23,1.53
14,14,14,14,14,14,4,14,1.1,0.01,False,4.25,699.46,13.71,51,64.71,27.72,-11.97,2.351
14,14,14,14,14,14,4,14,1.3,0.01,False,4.25,670.86,13.15,51,64.71,26.58,-11.46,2.258
14,14,14,14,14,14,4,14,1.5,0.01,False,4.25,644.67,12.64,51,64.71,25.54,-11.0,2.171
14,14,14,14,14,14,4,14,2,0.01,False,4.25,587.98,11.53,51,64.71,23.29,-10.04,1.98
14,14,14,14,14,14,14,4,1.1,0.01,False,4.87,542.7,13.92,39,64.1,27.31,-10.01,2.098
14,14,14,14,14,14,14,4,1.3,0.01,False,4.88,520.58,13.35,39,64.1,26.19,-9.58,2.005
14,14,14,14,14,14,14,4,1.5,0.01,False,4.88,500.29,12.83,39,64.1,25.16,-9.2,1.923
14,14,14,14,14,14,14,4,2,0.01,False,4.88,456.29,11.7,39,64.1,22.95,-8.39,1.755
