high_by_point_n,high_by_point_m,low_by_point_n,low_by_point_m,high_by_point_n_on_trend,high_by_point_m_on_trend,low_by_point_n_on_trend,low_by_point_m_on_trend,power_scaling_factor,mintick,debug_mode,Fit Score,Total Pnl%,Avg Pnl% per entry,Trade Count,Winning entry%,Avg Winner%,Avg Loser%
4,4,4,4,4,4,4,4,1.1,0.01,FALSE,3.32,392.15,6.88,57,56.14,17.54,-6.77
4,4,4,4,4,4,4,4,1.3,0.01,FALSE,3.32,364.73,6.4,57,56.14,16.32,-6.29
4,4,4,4,4,4,4,7,1.1,0.01,FALSE,4.48,588.27,8.29,71,63.38,16.83,-6.5
4,4,4,4,4,4,4,7,1.3,0.01,FALSE,4.48,546.91,7.7,71,63.38,15.65,-6.05
4,4,4,4,4,4,4,14,1.1,0.01,FALSE,4.31,625.08,8.45,74,62.16,17.7,-6.75
4,4,4,4,4,4,4,14,1.3,0.01,FALSE,4.3,584.09,7.89,74,62.16,16.55,-6.33
4,4,4,4,4,4,7,4,1.1,0.01,FALSE,3.87,458.82,7.06,65,61.54,15.47,-6.4
4,4,4,4,4,4,7,4,1.3,0.01,FALSE,3.87,426.57,6.56,65,61.54,14.38,-5.95
4,4,4,4,4,4,7,7,1.1,0.01,FALSE,4.37,449.59,8.65,52,61.54,18.21,-6.66
4,4,4,4,4,4,7,7,1.3,0.01,FALSE,4.37,417.82,8.04,52,61.54,16.93,-6.19
4,4,4,4,4,4,7,14,1.1,0.01,FALSE,4.38,488.74,9.4,52,63.46,19.2,-7.62
4,4,4,4,4,4,7,14,1.3,0.01,FALSE,4.37,456.5,8.78,52,63.46,17.94,-7.12
4,4,4,4,4,4,14,4,1.1,0.01,FALSE,5.76,575.16,10.46,55,67.27,18.81,-6.71
4,4,4,4,4,4,14,4,1.3,0.01,FALSE,5.75,537.23,9.77,55,67.27,17.58,-6.29
4,4,4,4,4,4,14,7,1.1,0.01,FALSE,2.76,395.48,6.7,59,54.24,19.37,-8.31
4,4,4,4,4,4,14,7,1.3,0.01,FALSE,2.76,369.39,6.26,59,54.24,18.1,-7.77
4,4,4,4,4,4,14,14,1.1,0.01,FALSE,5.17,504.33,11.21,45,64.44,21.56,-7.56
4,4,4,4,4,4,14,14,1.3,0.01,FALSE,5.16,473.43,10.52,45,64.44,20.25,-7.12
4,4,4,4,4,7,4,4,1.1,0.01,FALSE,3.74,431.2,8.29,52,53.85,21.03,-6.56
4,4,4,4,4,7,4,4,1.3,0.01,FALSE,3.74,400.85,7.71,52,53.85,19.55,-6.1
4,4,4,4,4,7,4,7,1.1,0.01,FALSE,4.22,584.5,8.01,73,63.01,16.65,-6.72
4,4,4,4,4,7,4,7,1.3,0.01,FALSE,4.22,543.13,7.44,73,63.01,15.47,-6.24
4,4,4,4,4,7,4,14,1.1,0.01,FALSE,3.52,548.75,7.84,70,60,18.25,-7.77
4,4,4,4,4,7,4,14,1.3,0.01,FALSE,3.52,512.72,7.32,70,60,17.06,-7.27
4,4,4,4,4,7,7,4,1.1,0.01,FALSE,3.89,456.42,7.36,62,58.06,17.07,-6.08
4,4,4,4,4,7,7,4,1.3,0.01,FALSE,3.89,424.08,6.84,62,58.06,15.86,-5.65
4,4,4,4,4,7,7,7,1.1,0.01,FALSE,4.36,443.86,9.44,47,57.45,21.34,-6.61
4,4,4,4,4,7,7,7,1.3,0.01,FALSE,4.36,412.23,8.77,47,57.45,19.82,-6.14
4,4,4,4,4,7,7,14,1.1,0.01,FALSE,5.34,521.94,10.65,49,63.27,20.72,-6.68
4,4,4,4,4,7,7,14,1.3,0.01,FALSE,5.34,487.8,9.96,49,63.27,19.36,-6.24
4,4,4,4,4,7,14,4,1.1,0.01,FALSE,4.45,545.31,9.57,57,61.4,20.1,-7.19
4,4,4,4,4,7,14,4,1.3,0.01,FALSE,4.44,509.46,8.94,57,61.4,18.79,-6.73
4,4,4,4,4,7,14,7,1.1,0.01,FALSE,3.17,435.99,7.65,57,54.39,20.54,-7.72
4,4,4,4,4,7,14,7,1.3,0.01,FALSE,3.18,407.64,7.15,57,54.39,19.19,-7.2
4,4,4,4,4,7,14,14,1.1,0.01,FALSE,5.4,507.03,12.68,40,60,25.93,-7.21
4,4,4,4,4,7,14,14,1.3,0.01,FALSE,5.41,476.59,11.91,40,60,24.36,-6.76
4,4,4,4,4,14,4,4,1.1,0.01,FALSE,3.3,441.93,8.18,54,51.85,22.64,-7.39
4,4,4,4,4,14,4,4,1.3,0.01,FALSE,3.3,412.69,7.64,54,51.85,21.15,-6.91
4,4,4,4,4,14,4,7,1.1,0.01,FALSE,3.78,577.45,8.13,71,61.97,17.85,-7.7
4,4,4,4,4,14,4,7,1.3,0.01,FALSE,3.77,539.4,7.6,71,61.97,16.68,-7.21
4,4,4,4,4,14,4,14,1.1,0.01,FALSE,3.07,519.8,7.53,69,57.97,19.26,-8.65
4,4,4,4,4,14,4,14,1.3,0.01,FALSE,3.06,486.68,7.05,69,57.97,18.07,-8.15
4,4,4,4,4,14,7,4,1.1,0.01,FALSE,3.55,474.77,7.66,62,58.06,18.36,-7.16
4,4,4,4,4,14,7,4,1.3,0.01,FALSE,3.55,443.36,7.15,62,58.06,17.15,-6.69
4,4,4,4,4,14,7,7,1.1,0.01,FALSE,4,462.65,9.64,48,56.25,22.84,-7.33
4,4,4,4,4,14,7,7,1.3,0.01,FALSE,4,431.85,9,48,56.25,21.32,-6.85
4,4,4,4,4,14,7,14,1.1,0.01,FALSE,4.57,513.4,10.48,49,61.22,21.91,-7.57
4,4,4,4,4,14,7,14,1.3,0.01,FALSE,4.56,482.05,9.84,49,61.22,20.58,-7.12
4,4,4,4,4,14,14,4,1.1,0.01,FALSE,3.98,557.1,9.61,58,60.34,21.27,-8.14
4,4,4,4,4,14,14,4,1.3,0.01,FALSE,3.95,521.4,8.99,58,60.34,19.94,-7.68
4,4,4,4,4,14,14,7,1.1,0.01,FALSE,3.09,452.22,8.37,54,55.56,22.3,-9.03
4,4,4,4,4,14,14,7,1.3,0.01,FALSE,3.08,423.82,7.85,54,55.56,20.92,-8.49
4,4,4,4,4,14,14,14,1.1,0.01,FALSE,4.58,508.58,12.4,41,58.54,27.11,-8.36
4,4,4,4,4,14,14,14,1.3,0.01,FALSE,4.56,478.35,11.67,41,58.54,25.53,-7.9
4,4,4,4,7,4,4,4,1.1,0.01,FALSE,3.89,496.48,8.14,61,60.66,18.06,-7.16
4,4,4,4,7,4,4,4,1.3,0.01,FALSE,3.89,461.57,7.57,61,60.66,16.79,-6.65
4,4,4,4,7,4,4,7,1.1,0.01,FALSE,4.26,667.85,8.45,79,64.56,17.11,-7.31
4,4,4,4,7,4,4,7,1.3,0.01,FALSE,4.26,620.6,7.86,79,64.56,15.9,-6.79
4,4,4,4,7,4,4,14,1.1,0.01,FALSE,3.55,602.55,7.63,79,62.03,17.12,-7.89
4,4,4,4,7,4,4,14,1.3,0.01,FALSE,3.54,562.69,7.12,79,62.03,16,-7.38
4,4,4,4,7,4,7,4,1.1,0.01,FALSE,4.2,529.59,7.68,69,65.22,15.45,-6.9
4,4,4,4,7,4,7,4,1.3,0.01,FALSE,4.2,492.13,7.13,69,65.22,14.35,-6.41
4,4,4,4,7,4,7,7,1.1,0.01,FALSE,4.9,523.29,9.51,55,65.45,18.26,-7.06
4,4,4,4,7,4,7,7,1.3,0.01,FALSE,4.9,486.07,8.84,55,65.45,16.96,-6.56
4,4,4,4,7,4,7,14,1.1,0.01,FALSE,4.63,531.39,9.49,56,66.07,18.32,-7.7
4,4,4,4,7,4,7,14,1.3,0.01,FALSE,4.63,496.13,8.86,56,66.07,17.11,-7.2
4,4,4,4,7,4,14,4,1.1,0.01,FALSE,4.87,624.71,9.61,65,67.69,17.87,-7.7
4,4,4,4,7,4,14,4,1.3,0.01,FALSE,4.86,583.41,8.98,65,67.69,16.7,-7.21
4,4,4,4,7,4,14,7,1.1,0.01,FALSE,3.01,476.87,7.23,66,59.09,18.32,-8.8
4,4,4,4,7,4,14,7,1.3,0.01,FALSE,3.01,445.49,6.75,66,59.09,17.11,-8.22
4,4,4,4,7,4,14,14,1.1,0.01,FALSE,5.94,588.98,12.27,48,68.75,21.46,-7.95
4,4,4,4,7,4,14,14,1.3,0.01,FALSE,5.94,553.06,11.52,48,68.75,20.15,-7.47
4,4,4,4,7,7,4,4,1.1,0.01,FALSE,3.61,393.38,8.74,45,53.33,22.68,-7.19
4,4,4,4,7,7,4,4,1.3,0.01,FALSE,3.61,365.58,8.12,45,53.33,21.08,-6.68
4,4,4,4,7,7,4,7,1.1,0.01,FALSE,4.62,614.51,9.04,68,64.71,17.82,-7.07
4,4,4,4,7,7,4,7,1.3,0.01,FALSE,4.62,570.84,8.39,68,64.71,16.56,-6.57
4,4,4,4,7,7,4,14,1.1,0.01,FALSE,3.65,546.22,8.4,65,60,19.29,-7.93
4,4,4,4,7,7,4,14,1.3,0.01,FALSE,3.64,509.66,7.84,65,60,18.01,-7.42
4,4,4,4,7,7,7,4,1.1,0.01,FALSE,3.82,448.94,7.88,57,57.89,18.42,-6.62
4,4,4,4,7,7,7,4,1.3,0.01,FALSE,3.82,417.08,7.32,57,57.89,17.12,-6.15
4,4,4,4,7,7,7,7,1.1,0.01,FALSE,5.12,454.97,11.37,40,60,23.55,-6.9
4,4,4,4,7,7,7,7,1.3,0.01,FALSE,5.12,422.51,10.56,40,60,21.88,-6.41
4,4,4,4,7,7,7,14,1.1,0.01,FALSE,5.86,518.66,11.79,44,63.64,22.34,-6.67
4,4,4,4,7,7,7,14,1.3,0.01,FALSE,5.86,484.12,11,44,63.64,20.85,-6.22
4,4,4,4,7,7,14,4,1.1,0.01,FALSE,4.99,551.77,11.04,50,64,21.57,-7.69
4,4,4,4,7,7,14,4,1.3,0.01,FALSE,4.98,514.85,10.3,50,64,20.13,-7.19
4,4,4,4,7,7,14,7,1.1,0.01,FALSE,3.05,416.87,8.02,52,53.85,22.15,-8.47
4,4,4,4,7,7,14,7,1.3,0.01,FALSE,3.05,389.15,7.48,52,53.85,20.67,-7.9
4,4,4,4,7,7,14,14,1.1,0.01,FALSE,6.66,507.83,15.39,33,63.64,28.46,-7.48
4,4,4,4,7,7,14,14,1.3,0.01,FALSE,6.67,476.21,14.43,33,63.64,26.67,-7
4,4,4,4,7,14,4,4,1.1,0.01,FALSE,3.34,401.82,8.37,48,52.08,22.95,-7.47
4,4,4,4,7,14,4,4,1.3,0.01,FALSE,3.34,375.44,7.82,48,52.08,21.44,-6.98
4,4,4,4,7,14,4,7,1.1,0.01,FALSE,3.88,566.26,8.33,68,61.76,18.16,-7.55
4,4,4,4,7,14,4,7,1.3,0.01,FALSE,3.88,528.97,7.78,68,61.76,16.97,-7.06
4,4,4,4,7,14,4,14,1.1,0.01,FALSE,3.25,524.43,7.6,69,57.97,18.93,-8.03
4,4,4,4,7,14,4,14,1.3,0.01,FALSE,3.24,491.53,7.12,69,57.97,17.76,-7.55
4,4,4,4,7,14,7,4,1.1,0.01,FALSE,3.36,422.84,7.29,58,56.9,18.24,-7.16
4,4,4,4,7,14,7,4,1.3,0.01,FALSE,3.36,394.97,6.81,58,56.9,17.04,-6.69
4,4,4,4,7,14,7,7,1.1,0.01,FALSE,4.24,424.87,10.12,42,57.14,23.17,-7.28
4,4,4,4,7,14,7,7,1.3,0.01,FALSE,4.24,396.74,9.45,42,57.14,21.63,-6.79
4,4,4,4,7,14,7,14,1.1,0.01,FALSE,4.86,491.33,10.92,45,62.22,22.09,-7.49
4,4,4,4,7,14,7,14,1.3,0.01,FALSE,4.86,460.93,10.24,45,62.22,20.73,-7.02
4,4,4,4,7,14,14,4,1.1,0.01,FALSE,3.93,510.75,9.82,52,61.54,21.4,-8.7
4,4,4,4,7,14,14,4,1.3,0.01,FALSE,3.92,478.4,9.2,52,61.54,20.07,-8.2
4,4,4,4,7,14,14,7,1.1,0.01,FALSE,2.69,385.52,7.27,53,52.83,21.94,-9.15
4,4,4,4,7,14,14,7,1.3,0.01,FALSE,2.69,361.79,6.83,53,52.83,20.59,-8.59
4,4,4,4,7,14,14,14,1.1,0.01,FALSE,5.16,474.76,13.56,35,60,28.04,-8.15
4,4,4,4,7,14,14,14,1.3,0.01,FALSE,5.16,447.36,12.78,35,60,26.42,-7.67
4,4,4,4,14,4,4,4,1.1,0.01,FALSE,4.09,555.88,10.29,54,55.56,24.53,-7.5
4,4,4,4,14,4,4,4,1.3,0.01,FALSE,4.09,519.44,9.62,54,55.56,22.92,-7.01
4,4,4,4,14,4,4,7,1.1,0.01,FALSE,4.98,778.53,10.52,74,63.51,20.72,-7.24
4,4,4,4,14,4,4,7,1.3,0.01,FALSE,4.98,727.63,9.83,74,63.51,19.37,-6.77
4,4,4,4,14,4,4,14,1.1,0.01,FALSE,3.85,709.43,8.87,80,61.25,19.55,-8.02
4,4,4,4,14,4,4,14,1.3,0.01,FALSE,3.84,664.79,8.31,80,61.25,18.34,-7.55
4,4,4,4,14,4,7,4,1.1,0.01,FALSE,4.66,626.79,9.95,63,60.32,21,-6.86
4,4,4,4,14,4,7,4,1.3,0.01,FALSE,4.66,585.39,9.29,63,60.32,19.62,-6.41
4,4,4,4,14,4,7,7,1.1,0.01,FALSE,5.41,619.15,12.38,50,60,25.31,-7.01
4,4,4,4,14,4,7,7,1.3,0.01,FALSE,5.41,578.03,11.56,50,60,23.63,-6.55
4,4,4,4,14,4,7,14,1.1,0.01,FALSE,6,652.32,12.31,53,66.04,22.37,-7.25
4,4,4,4,14,4,7,14,1.3,0.01,FALSE,5.99,612.01,11.55,53,66.04,20.99,-6.82
4,4,4,4,14,4,14,4,1.1,0.01,FALSE,5.1,700.11,12.5,56,62.5,24.88,-8.13
4,4,4,4,14,4,14,4,1.3,0.01,FALSE,5.07,655.64,11.71,56,62.5,23.33,-7.66
4,4,4,4,14,4,14,7,1.1,0.01,FALSE,4.07,617.95,10.84,57,57.89,24.83,-8.39
4,4,4,4,14,4,14,7,1.3,0.01,FALSE,4.07,579.56,10.17,57,57.89,23.29,-7.87
4,4,4,4,14,4,14,14,1.1,0.01,FALSE,6.67,714.61,14.89,48,66.67,26.27,-7.88
4,4,4,4,14,4,14,14,1.3,0.01,FALSE,6.66,672.61,14.01,48,66.67,24.74,-7.43
4,4,4,4,14,7,4,4,1.1,0.01,FALSE,2.93,412.74,6.77,61,55.74,18.42,-7.91
4,4,4,4,14,7,4,4,1.3,0.01,FALSE,2.93,385.55,6.32,61,55.74,17.21,-7.4
4,4,4,4,14,7,4,7,1.1,0.01,FALSE,3.5,578.53,7.82,74,60.81,18,-7.98
4,4,4,4,14,7,4,7,1.3,0.01,FALSE,3.49,540.09,7.3,74,60.81,16.81,-7.47
4,4,4,4,14,7,4,14,1.1,0.01,FALSE,2.95,577,7.04,82,58.54,18.18,-8.7
4,4,4,4,14,7,4,14,1.3,0.01,FALSE,2.94,541.05,6.6,82,58.54,17.08,-8.19
4,4,4,4,14,7,7,4,1.1,0.01,FALSE,3.03,446.15,6.56,68,55.88,17.52,-7.32
4,4,4,4,14,7,7,4,1.3,0.01,FALSE,3.03,416.44,6.12,68,55.88,16.36,-6.84
4,4,4,4,14,7,7,7,1.1,0.01,FALSE,3.37,430.85,7.69,56,58.93,18.56,-7.9
4,4,4,4,14,7,7,7,1.3,0.01,FALSE,3.37,402.25,7.18,56,58.93,17.33,-7.38
4,4,4,4,14,7,7,14,1.1,0.01,FALSE,3.8,489.64,8.74,56,62.5,18.99,-8.33
4,4,4,4,14,7,7,14,1.3,0.01,FALSE,3.79,458.5,8.19,56,62.5,17.8,-7.83
4,4,4,4,14,7,14,4,1.1,0.01,FALSE,3.15,470.36,7.71,61,59.02,19.14,-8.75
4,4,4,4,14,7,14,4,1.3,0.01,FALSE,3.14,440.59,7.22,61,59.02,17.97,-8.25
4,4,4,4,14,7,14,7,1.1,0.01,FALSE,2.78,441.33,7.23,61,55.74,20.26,-9.17
4,4,4,4,14,7,14,7,1.3,0.01,FALSE,2.78,413.75,6.78,61,55.74,19.01,-8.61
4,4,4,4,14,7,14,14,1.1,0.01,FALSE,3.74,479.57,9.79,49,61.22,21.81,-9.2
4,4,4,4,14,7,14,14,1.3,0.01,FALSE,3.73,451.67,9.22,49,61.22,20.57,-8.7
4,4,4,4,14,14,4,4,1.1,0.01,FALSE,4.04,464.61,10.32,45,55.56,24.7,-7.65
4,4,4,4,14,14,4,4,1.3,0.01,FALSE,4.05,436.69,9.7,45,55.56,23.19,-7.15
4,4,4,4,14,14,4,7,1.1,0.01,FALSE,4.56,645.2,9.78,66,65.15,19.22,-7.89
4,4,4,4,14,14,4,7,1.3,0.01,FALSE,4.56,606.23,9.19,66,65.15,18.06,-7.4
4,4,4,4,14,14,4,14,1.1,0.01,FALSE,3.49,553.14,8.78,63,60.32,20.41,-8.89
4,4,4,4,14,14,4,14,1.3,0.01,FALSE,3.48,520.41,8.26,63,60.32,19.22,-8.4
4,4,4,4,14,14,7,4,1.1,0.01,FALSE,3.94,466.1,8.63,54,59.26,19.51,-7.2
4,4,4,4,14,14,7,4,1.3,0.01,FALSE,3.95,437.76,8.11,54,59.26,18.32,-6.74
4,4,4,4,14,14,7,7,1.1,0.01,FALSE,5.54,492.79,12.64,39,61.54,25.06,-7.24
4,4,4,4,14,14,7,7,1.3,0.01,FALSE,5.57,462.87,11.87,39,61.54,23.51,-6.76
4,4,4,4,14,14,7,14,1.1,0.01,FALSE,5.99,532.26,12.67,42,64.29,23.66,-7.11
4,4,4,4,14,14,7,14,1.3,0.01,FALSE,6.01,501.77,11.95,42,64.29,22.29,-6.68
4,4,4,4,14,14,14,4,1.1,0.01,FALSE,4.98,587.28,11.99,49,65.31,22.96,-8.68
4,4,4,4,14,14,14,4,1.3,0.01,FALSE,4.96,552.96,11.28,49,65.31,21.64,-8.21
4,4,4,4,14,14,14,7,1.1,0.01,FALSE,3.12,451.42,8.85,51,54.9,23.73,-9.26
4,4,4,4,14,14,14,7,1.3,0.01,FALSE,3.13,426.11,8.36,51,54.9,22.38,-8.72
4,4,4,4,14,14,14,14,1.1,0.01,FALSE,7.35,550.8,17.21,32,65.62,30.36,-7.88
4,4,4,4,14,14,14,14,1.3,0.01,FALSE,7.41,521.91,16.31,32,65.62,28.73,-7.4
4,4,4,7,4,4,4,4,1.1,0.01,FALSE,4.1,544.84,8.65,63,60.32,18.96,-7.03
4,4,4,7,4,4,4,4,1.3,0.01,FALSE,4.1,506.4,8.04,63,60.32,17.62,-6.53
4,4,4,7,4,4,4,7,1.1,0.01,FALSE,4.68,709.12,9.45,75,64,18.79,-7.14
4,4,4,7,4,4,4,7,1.3,0.01,FALSE,4.68,658.86,8.78,75,64,17.46,-6.64
4,4,4,7,4,4,4,14,1.1,0.01,FALSE,4.22,728.6,9.34,78,60.26,20.32,-7.3
4,4,4,7,4,4,4,14,1.3,0.01,FALSE,4.21,680.15,8.72,78,60.26,18.98,-6.83
4,4,4,7,4,4,7,4,1.1,0.01,FALSE,3.98,588.27,7.95,74,62.16,17.07,-7.04
4,4,4,7,4,4,7,4,1.3,0.01,FALSE,3.98,546.59,7.39,74,62.16,15.86,-6.54
4,4,4,7,4,4,7,7,1.1,0.01,FALSE,4.15,586.55,8.89,66,62.12,18.85,-7.45
4,4,4,7,4,4,7,7,1.3,0.01,FALSE,4.15,544.81,8.25,66,62.12,17.51,-6.92
4,4,4,7,4,4,7,14,1.1,0.01,FALSE,4.54,611.21,10.02,61,63.93,20.1,-7.85
4,4,4,7,4,4,7,14,1.3,0.01,FALSE,4.54,570.4,9.35,61,63.93,18.76,-7.33
4,4,4,7,4,4,14,4,1.1,0.01,FALSE,4.95,687.8,10.42,66,65.15,20.04,-7.57
4,4,4,7,4,4,14,4,1.3,0.01,FALSE,4.94,641.84,9.72,66,65.15,18.71,-7.08
4,4,4,7,4,4,14,7,1.1,0.01,FALSE,3.43,560.7,8.76,64,59.38,20.82,-8.87
4,4,4,7,4,4,14,7,1.3,0.01,FALSE,3.43,523.06,8.17,64,59.38,19.44,-8.29
4,4,4,7,4,4,14,14,1.1,0.01,FALSE,4.51,622.63,10.92,57,63.16,22.22,-8.44
4,4,4,7,4,4,14,14,1.3,0.01,FALSE,4.51,583.53,10.24,57,63.16,20.83,-7.93
4,4,4,7,4,7,4,4,1.1,0.01,FALSE,4.59,556.98,10.13,55,58.18,22.25,-6.74
4,4,4,7,4,7,4,4,1.3,0.01,FALSE,4.59,517.51,9.41,55,58.18,20.67,-6.26
4,4,4,7,4,7,4,7,1.1,0.01,FALSE,4.27,668.23,8.91,75,62.67,18.57,-7.3
4,4,4,7,4,7,4,7,1.3,0.01,FALSE,4.27,620.61,8.27,75,62.67,17.24,-6.78
4,4,4,7,4,7,4,14,1.1,0.01,FALSE,3.75,637.31,9.1,70,58.57,21.2,-8
4,4,4,7,4,7,4,14,1.3,0.01,FALSE,3.75,595.09,8.5,70,58.57,19.8,-7.47
4,4,4,7,4,7,7,4,1.1,0.01,FALSE,3.98,556.44,8.18,68,58.82,18.59,-6.68
4,4,4,7,4,7,7,4,1.3,0.01,FALSE,3.98,516.78,7.6,68,58.82,17.26,-6.2
4,4,4,7,4,7,7,7,1.1,0.01,FALSE,4.43,556.6,9.94,56,58.93,21.79,-7.06
4,4,4,7,4,7,7,7,1.3,0.01,FALSE,4.42,516.73,9.23,56,58.93,20.23,-6.56
4,4,4,7,4,7,7,14,1.1,0.01,FALSE,5.13,607.63,10.85,56,62.5,21.57,-7.01
4,4,4,7,4,7,7,14,1.3,0.01,FALSE,5.13,567.53,10.13,56,62.5,20.14,-6.54
4,4,4,7,4,7,14,4,1.1,0.01,FALSE,4.43,644,10.06,64,60.94,21.33,-7.51
4,4,4,7,4,7,14,4,1.3,0.01,FALSE,4.43,601.3,9.4,64,60.94,19.92,-7.02
4,4,4,7,4,7,14,7,1.1,0.01,FALSE,3.79,571.11,9.36,61,59.02,21.54,-8.18
4,4,4,7,4,7,14,7,1.3,0.01,FALSE,3.8,533.37,8.74,61,59.02,20.12,-7.63
4,4,4,7,4,7,14,14,1.1,0.01,FALSE,5.15,604.46,12.86,47,59.57,26.79,-7.66
4,4,4,7,4,7,14,14,1.3,0.01,FALSE,5.17,567.68,12.08,47,59.57,25.14,-7.17
4,4,4,7,4,14,4,4,1.1,0.01,FALSE,4.04,575.48,10.1,57,56.14,23.9,-7.57
4,4,4,7,4,14,4,4,1.3,0.01,FALSE,4.04,536.91,9.42,57,56.14,22.3,-7.07
4,4,4,7,4,14,4,7,1.1,0.01,FALSE,3.64,650.91,8.68,75,60,19.95,-8.23
4,4,4,7,4,14,4,7,1.3,0.01,FALSE,3.63,607.54,8.1,75,60,18.63,-7.69
4,4,4,7,4,14,4,14,1.1,0.01,FALSE,3.12,597.2,8.53,70,55.71,22.54,-9.09
4,4,4,7,4,14,4,14,1.3,0.01,FALSE,3.11,558.71,7.98,70,55.71,21.13,-8.56
4,4,4,7,4,14,7,4,1.1,0.01,FALSE,3.66,575.28,8.59,67,58.21,20.3,-7.73
4,4,4,7,4,14,7,4,1.3,0.01,FALSE,3.65,536.68,8.01,67,58.21,18.95,-7.22
4,4,4,7,4,14,7,7,1.1,0.01,FALSE,3.88,576.19,9.77,59,57.63,22.83,-8
4,4,4,7,4,14,7,7,1.3,0.01,FALSE,3.88,537.27,9.11,59,57.63,21.29,-7.47
4,4,4,7,4,14,7,14,1.1,0.01,FALSE,4.11,585.48,10.27,57,59.65,22.76,-8.18
4,4,4,7,4,14,7,14,1.3,0.01,FALSE,4.11,549.21,9.64,57,59.65,21.35,-7.69
4,4,4,7,4,14,14,4,1.1,0.01,FALSE,3.77,647.09,9.8,66,59.09,22.58,-8.65
4,4,4,7,4,14,14,4,1.3,0.01,FALSE,3.75,605.24,9.17,66,59.09,21.16,-8.14
4,4,4,7,4,14,14,7,1.1,0.01,FALSE,3.35,575.55,9.44,61,59.02,22.8,-9.81
4,4,4,7,4,14,14,7,1.3,0.01,FALSE,3.34,538.71,8.83,61,59.02,21.36,-9.21
4,4,4,7,4,14,14,14,1.1,0.01,FALSE,4.15,603.47,12.07,50,58,27.41,-9.12
4,4,4,7,4,14,14,14,1.3,0.01,FALSE,4.14,566.89,11.34,50,58,25.78,-8.6
4,4,4,7,7,4,4,4,1.1,0.01,FALSE,4.45,582.42,9.55,61,62.3,19.77,-7.35
4,4,4,7,7,4,4,4,1.3,0.01,FALSE,4.45,541.15,8.87,61,62.3,18.37,-6.83
4,4,4,7,7,4,4,7,1.1,0.01,FALSE,4.28,719.83,9.35,77,63.64,19.17,-7.83
4,4,4,7,7,4,4,7,1.3,0.01,FALSE,4.28,668.53,8.68,77,63.64,17.8,-7.27
4,4,4,7,7,4,4,14,1.1,0.01,FALSE,3.61,654.13,8.61,76,60.53,19.67,-8.35
4,4,4,7,7,4,4,14,1.3,0.01,FALSE,3.6,610.48,8.03,76,60.53,18.37,-7.82
4,4,4,7,7,4,7,4,1.1,0.01,FALSE,4.04,589.78,8.19,72,63.89,17.04,-7.46
4,4,4,7,7,4,7,4,1.3,0.01,FALSE,4.04,547.76,7.61,72,63.89,15.83,-6.93
4,4,4,7,7,4,7,7,1.1,0.01,FALSE,4.31,590.89,9.38,63,63.49,19.23,-7.76
4,4,4,7,7,4,7,7,1.3,0.01,FALSE,4.31,548.59,8.71,63,63.49,17.86,-7.21
4,4,4,7,7,4,7,14,1.1,0.01,FALSE,4.33,576.87,9.61,60,63.33,19.74,-7.87
4,4,4,7,7,4,7,14,1.3,0.01,FALSE,4.33,538.45,8.97,60,63.33,18.43,-7.35
4,4,4,7,7,4,14,4,1.1,0.01,FALSE,4.24,668.08,9.54,70,64.29,19.43,-8.25
4,4,4,7,7,4,14,4,1.3,0.01,FALSE,4.23,623.63,8.91,70,64.29,18.15,-7.72
4,4,4,7,7,4,14,7,1.1,0.01,FALSE,3.37,571.79,8.53,67,61.19,19.83,-9.28
4,4,4,7,7,4,14,7,1.3,0.01,FALSE,3.37,533.8,7.97,67,61.19,18.52,-8.67
4,4,4,7,7,4,14,14,1.1,0.01,FALSE,4.82,637.93,11.81,54,64.81,23,-8.79
4,4,4,7,7,4,14,14,1.3,0.01,FALSE,4.82,598.69,11.09,54,64.81,21.58,-8.24
4,4,4,7,7,7,4,4,1.1,0.01,FALSE,4.66,542.36,11.07,49,59.18,23.81,-7.41
4,4,4,7,7,7,4,4,1.3,0.01,FALSE,4.66,503.75,10.28,49,59.18,22.12,-6.88
4,4,4,7,7,7,4,7,1.1,0.01,FALSE,4.42,708.71,9.84,72,63.89,19.91,-7.97
4,4,4,7,7,7,4,7,1.3,0.01,FALSE,4.42,658.01,9.14,72,63.89,18.49,-7.4
4,4,4,7,7,7,4,14,1.1,0.01,FALSE,3.73,643.95,9.61,67,58.21,22.57,-8.44
4,4,4,7,7,7,4,14,1.3,0.01,FALSE,3.72,600.32,8.96,67,58.21,21.05,-7.89
4,4,4,7,7,7,7,4,1.1,0.01,FALSE,4.05,573.88,8.97,64,59.38,20.05,-7.24
4,4,4,7,7,7,7,4,1.3,0.01,FALSE,4.05,532.87,8.33,64,59.38,18.62,-6.72
4,4,4,7,7,7,7,7,1.1,0.01,FALSE,4.78,587.05,11.29,52,61.54,23.2,-7.77
4,4,4,7,7,7,7,7,1.3,0.01,FALSE,4.78,544.94,10.48,52,61.54,21.54,-7.21
4,4,4,7,7,7,7,14,1.1,0.01,FALSE,5.07,612.47,11.56,53,62.26,23.12,-7.52
4,4,4,7,7,7,7,14,1.3,0.01,FALSE,5.07,571.2,10.78,53,62.26,21.56,-7.01
4,4,4,7,7,7,14,4,1.1,0.01,FALSE,4.59,659.9,11.18,59,62.71,22.8,-8.35
4,4,4,7,7,7,14,4,1.3,0.01,FALSE,4.59,615.23,10.43,59,62.71,21.27,-7.8
4,4,4,7,7,7,14,7,1.1,0.01,FALSE,3.79,576.94,10.12,57,59.65,23.06,-9.01
4,4,4,7,7,7,14,7,1.3,0.01,FALSE,3.78,537.98,9.44,57,59.65,21.51,-8.4
4,4,4,7,7,7,14,14,1.1,0.01,FALSE,5.5,621.25,14.45,43,62.79,28.13,-8.63
4,4,4,7,7,7,14,14,1.3,0.01,FALSE,5.5,581.76,13.53,43,62.79,26.33,-8.07
4,4,4,7,7,14,4,4,1.1,0.01,FALSE,4.15,533.35,10.46,51,56.86,24.22,-7.69
4,4,4,7,7,14,4,4,1.3,0.01,FALSE,4.16,497.82,9.76,51,56.86,22.61,-7.17
4,4,4,7,7,14,4,7,1.1,0.01,FALSE,3.71,639.23,9,71,60.56,20.34,-8.41
4,4,4,7,7,14,4,7,1.3,0.01,FALSE,3.71,596.68,8.4,71,60.56,18.99,-7.86
4,4,4,7,7,14,4,14,1.1,0.01,FALSE,3.27,600.58,8.58,70,55.71,22.19,-8.55
4,4,4,7,7,14,4,14,1.3,0.01,FALSE,3.26,562.42,8.03,70,55.71,20.81,-8.03
4,4,4,7,7,14,7,4,1.1,0.01,FALSE,3.51,527.23,8.24,64,57.81,19.92,-7.78
4,4,4,7,7,14,7,4,1.3,0.01,FALSE,3.51,492.01,7.69,64,57.81,18.59,-7.26
4,4,4,7,7,14,7,7,1.1,0.01,FALSE,4.01,535.72,10.11,53,58.49,23.02,-8.08
4,4,4,7,7,14,7,7,1.3,0.01,FALSE,4.02,499.7,9.43,53,58.49,21.47,-7.53
4,4,4,7,7,14,7,14,1.1,0.01,FALSE,4.26,563.9,10.64,53,60.38,23.02,-8.22
4,4,4,7,7,14,7,14,1.3,0.01,FALSE,4.27,528.54,9.97,53,60.38,21.57,-7.71
4,4,4,7,7,14,14,4,1.1,0.01,FALSE,3.71,598.32,9.97,60,60,22.76,-9.21
4,4,4,7,7,14,14,4,1.3,0.01,FALSE,3.69,560.03,9.33,60,60,21.33,-8.66
4,4,4,7,7,14,14,7,1.1,0.01,FALSE,3.26,526.03,9.23,57,57.89,22.99,-9.69
4,4,4,7,7,14,14,7,1.3,0.01,FALSE,3.26,492.9,8.65,57,57.89,21.55,-9.09
4,4,4,7,7,14,14,14,1.1,0.01,FALSE,4.45,566.95,12.89,44,59.09,28.12,-9.12
4,4,4,7,7,14,14,14,1.3,0.01,FALSE,4.46,533.44,12.12,44,59.09,26.45,-8.58
4,4,4,7,14,4,4,4,1.1,0.01,FALSE,4.5,643.31,11.29,57,57.89,25.06,-7.65
4,4,4,7,14,4,4,4,1.3,0.01,FALSE,4.51,600.76,10.54,57,57.89,23.4,-7.14
4,4,4,7,14,4,4,7,1.1,0.01,FALSE,4.48,836.4,10.59,79,63.29,21.54,-8.29
4,4,4,7,14,4,4,7,1.3,0.01,FALSE,4.47,781.25,9.89,79,63.29,20.12,-7.75
4,4,4,7,14,4,4,14,1.1,0.01,FALSE,3.59,749.31,9.14,82,58.54,21.64,-8.51
4,4,4,7,14,4,4,14,1.3,0.01,FALSE,3.58,701.86,8.56,82,58.54,20.3,-8.01
4,4,4,7,14,4,7,4,1.1,0.01,FALSE,4.29,695.45,9.94,70,60,21.59,-7.54
4,4,4,7,14,4,7,4,1.3,0.01,FALSE,4.29,649.1,9.27,70,60,20.15,-7.04
4,4,4,7,14,4,7,7,1.1,0.01,FALSE,4.48,684.45,11.41,60,60,24.48,-8.19
4,4,4,7,14,4,7,7,1.3,0.01,FALSE,4.48,638.59,10.64,60,60,22.83,-7.64
4,4,4,7,14,4,7,14,1.1,0.01,FALSE,4.77,695.92,11.05,63,63.49,22.01,-8.02
4,4,4,7,14,4,7,14,1.3,0.01,FALSE,4.77,652.6,10.36,63,63.49,20.64,-7.53
4,4,4,7,14,4,14,4,1.1,0.01,FALSE,4.36,760.66,11.53,66,60.61,24.68,-8.71
4,4,4,7,14,4,14,4,1.3,0.01,FALSE,4.34,712.04,10.79,66,60.61,23.13,-8.2
4,4,4,7,14,4,14,7,1.1,0.01,FALSE,4.39,716.85,11.75,61,60.66,25.08,-8.8
4,4,4,7,14,4,14,7,1.3,0.01,FALSE,4.39,671.89,11.01,61,60.66,23.51,-8.25
4,4,4,7,14,4,14,14,1.1,0.01,FALSE,5.09,756.48,13.75,55,63.64,26.9,-9.26
4,4,4,7,14,4,14,14,1.3,0.01,FALSE,5.08,711.89,12.94,55,63.64,25.32,-8.71
4,4,4,7,14,7,4,4,1.1,0.01,FALSE,3.46,530.85,8.29,64,57.81,20.18,-7.99
4,4,4,7,14,7,4,4,1.3,0.01,FALSE,3.46,495.44,7.74,64,57.81,18.84,-7.46
4,4,4,7,14,7,4,7,1.1,0.01,FALSE,3.42,653.96,8.49,77,59.74,20.09,-8.72
4,4,4,7,14,7,4,7,1.3,0.01,FALSE,3.41,610.05,7.92,77,59.74,18.75,-8.15
4,4,4,7,14,7,4,14,1.1,0.01,FALSE,3,654.12,7.88,83,56.63,20.89,-9.11
4,4,4,7,14,7,4,14,1.3,0.01,FALSE,2.99,612.82,7.38,83,56.63,19.6,-8.57
4,4,4,7,14,7,7,4,1.1,0.01,FALSE,3.17,543.94,7.45,73,56.16,19.37,-7.82
4,4,4,7,14,7,7,4,1.3,0.01,FALSE,3.17,507.3,6.95,73,56.16,18.08,-7.31
4,4,4,7,14,7,7,7,1.1,0.01,FALSE,3.44,566.99,8.46,67,59.7,19.97,-8.59
4,4,4,7,14,7,7,7,1.3,0.01,FALSE,3.44,528.71,7.89,67,59.7,18.63,-8.02
4,4,4,7,14,7,7,14,1.1,0.01,FALSE,3.59,562.69,9.08,62,61.29,20.52,-9.05
4,4,4,7,14,7,7,14,1.3,0.01,FALSE,3.58,526.46,8.49,62,61.29,19.22,-8.49
4,4,4,7,14,7,14,4,1.1,0.01,FALSE,3.1,556.47,8.06,69,57.97,20.55,-9.16
4,4,4,7,14,7,14,4,1.3,0.01,FALSE,3.08,520.89,7.55,69,57.97,19.28,-8.63
4,4,4,7,14,7,14,7,1.1,0.01,FALSE,3.11,541.4,8.73,62,56.45,22.79,-9.5
4,4,4,7,14,7,14,7,1.3,0.01,FALSE,3.11,507.24,8.18,62,56.45,21.37,-8.91
4,4,4,7,14,7,14,14,1.1,0.01,FALSE,3.61,597.06,10.29,58,60.34,23.58,-9.93
4,4,4,7,14,7,14,14,1.3,0.01,FALSE,3.6,561.24,9.68,58,60.34,22.19,-9.37
4,4,4,7,14,14,4,4,1.1,0.01,FALSE,5.14,621.25,12.68,49,61.22,25.72,-7.91
4,4,4,7,14,14,4,4,1.3,0.01,FALSE,5.15,582.82,11.89,49,61.22,24.1,-7.39
4,4,4,7,14,14,4,7,1.1,0.01,FALSE,4.34,741.61,10.59,70,64.29,21.42,-8.89
4,4,4,7,14,14,4,7,1.3,0.01,FALSE,4.34,695.95,9.94,70,64.29,20.1,-8.34
4,4,4,7,14,14,4,14,1.1,0.01,FALSE,3.47,631.8,9.87,64,57.81,23.99,-9.47
4,4,4,7,14,14,4,14,1.3,0.01,FALSE,3.46,593.85,9.28,64,57.81,22.58,-8.94
4,4,4,7,14,14,7,4,1.1,0.01,FALSE,4,573.33,9.56,60,60,21.23,-7.96
4,4,4,7,14,14,7,4,1.3,0.01,FALSE,4.01,537.74,8.96,60,60,19.91,-7.45
4,4,4,7,14,14,7,7,1.1,0.01,FALSE,5,627.08,12.3,51,62.75,24.5,-8.26
4,4,4,7,14,14,7,7,1.3,0.01,FALSE,5.01,587.85,11.53,51,62.75,22.95,-7.71
4,4,4,7,14,14,7,14,1.1,0.01,FALSE,4.95,607,12.14,50,62,24.54,-8.09
4,4,4,7,14,14,7,14,1.3,0.01,FALSE,4.96,571.62,11.43,50,62,23.09,-7.6
4,4,4,7,14,14,14,4,1.1,0.01,FALSE,4.56,698.98,12.05,58,63.79,24.2,-9.34
4,4,4,7,14,14,14,4,1.3,0.01,FALSE,4.55,657.31,11.33,58,63.79,22.77,-8.82
4,4,4,7,14,14,14,7,1.1,0.01,FALSE,3.84,617.04,11.02,56,60.71,24.53,-9.86
4,4,4,7,14,14,14,7,1.3,0.01,FALSE,3.85,580.97,10.37,56,60.71,23.09,-9.27
4,4,4,7,14,14,14,14,1.1,0.01,FALSE,5.81,666.44,15.87,42,64.29,29.81,-9.23
4,4,4,7,14,14,14,14,1.3,0.01,FALSE,5.84,630.01,15,42,64.29,28.15,-8.67
4,4,4,14,4,4,4,4,1.1,0.01,FALSE,3.54,421.37,7.8,54,55.56,19.59,-6.92
4,4,4,14,4,4,4,4,1.3,0.01,FALSE,3.54,394.91,7.31,54,55.56,18.35,-6.49
4,4,4,14,4,4,4,7,1.1,0.01,FALSE,4.75,663.17,9.61,69,62.32,19.53,-6.8
4,4,4,14,4,4,4,7,1.3,0.01,FALSE,4.76,621.34,9,69,62.32,18.29,-6.36
4,4,4,14,4,4,4,14,1.1,0.01,FALSE,4.35,636.26,8.84,72,59.72,19.21,-6.55
4,4,4,14,4,4,4,14,1.3,0.01,FALSE,4.35,598.9,8.32,72,59.72,18.09,-6.17
4,4,4,14,4,4,7,4,1.1,0.01,FALSE,3.94,490.2,7.78,63,60.32,17.28,-6.66
4,4,4,14,4,4,7,4,1.3,0.01,FALSE,3.95,459.26,7.29,63,60.32,16.19,-6.24
4,4,4,14,4,4,7,7,1.1,0.01,FALSE,5,551.42,10.03,55,61.82,20.27,-6.56
4,4,4,14,4,4,7,7,1.3,0.01,FALSE,5.01,516.65,9.39,55,61.82,18.99,-6.14
4,4,4,14,4,4,7,14,1.1,0.01,FALSE,4.6,531.08,10.21,52,61.54,21.2,-7.37
4,4,4,14,4,4,7,14,1.3,0.01,FALSE,4.6,499.64,9.61,52,61.54,19.95,-6.93
4,4,4,14,4,4,14,4,1.1,0.01,FALSE,5.81,610.31,11.52,53,64.15,21.68,-6.68
4,4,4,14,4,4,14,4,1.3,0.01,FALSE,5.81,574.47,10.84,53,64.15,20.41,-6.29
4,4,4,14,4,4,14,7,1.1,0.01,FALSE,2.92,432.35,7.72,56,53.57,21.92,-8.66
4,4,4,14,4,4,14,7,1.3,0.01,FALSE,2.92,406.76,7.26,56,53.57,20.62,-8.15
4,4,4,14,4,4,14,14,1.1,0.01,FALSE,5.95,535.54,13.06,41,63.41,24.76,-7.21
4,4,4,14,4,4,14,14,1.3,0.01,FALSE,5.94,505.92,12.34,41,63.41,23.39,-6.82
4,4,4,14,4,7,4,4,1.1,0.01,FALSE,3.99,422.16,9.82,43,53.49,24.48,-7.05
4,4,4,14,4,7,4,4,1.3,0.01,FALSE,3.98,394.76,9.18,43,53.49,22.92,-6.62
4,4,4,14,4,7,4,7,1.1,0.01,FALSE,4.94,629.36,9.83,64,64.06,19.25,-6.95
4,4,4,14,4,7,4,7,1.3,0.01,FALSE,4.93,588.5,9.2,64,64.06,18,-6.5
4,4,4,14,4,7,4,14,1.1,0.01,FALSE,3.38,473.36,7.63,62,56.45,19.21,-7.37
4,4,4,14,4,7,4,14,1.3,0.01,FALSE,3.38,445.25,7.18,62,56.45,18.07,-6.93
4,4,4,14,4,7,7,4,1.1,0.01,FALSE,4.07,447.36,8.44,53,58.49,19.14,-6.63
4,4,4,14,4,7,7,4,1.3,0.01,FALSE,4.06,417.95,7.89,53,58.49,17.89,-6.22
4,4,4,14,4,7,7,7,1.1,0.01,FALSE,5.77,515.74,11.99,43,60.47,23.99,-6.36
4,4,4,14,4,7,7,7,1.3,0.01,FALSE,5.75,481.99,11.21,43,60.47,22.44,-5.97
4,4,4,14,4,7,7,14,1.1,0.01,FALSE,6.77,515.77,12.28,42,64.29,22.41,-5.96
4,4,4,14,4,7,7,14,1.3,0.01,FALSE,6.77,484.76,11.54,42,64.29,21.07,-5.6
4,4,4,14,4,7,14,4,1.1,0.01,FALSE,4.96,509.85,11.08,46,60.87,22.81,-7.16
4,4,4,14,4,7,14,4,1.3,0.01,FALSE,4.96,479.59,10.43,46,60.87,21.46,-6.73
4,4,4,14,4,7,14,7,1.1,0.01,FALSE,3.1,385.07,8.37,46,54.35,22.72,-8.71
4,4,4,14,4,7,14,7,1.3,0.01,FALSE,3.1,361.83,7.87,46,54.35,21.35,-8.19
4,4,4,14,4,7,14,14,1.1,0.01,FALSE,7.75,466.08,16.65,28,60.71,31.48,-6.28
4,4,4,14,4,7,14,14,1.3,0.01,FALSE,7.76,440.75,15.74,28,60.71,29.76,-5.92
4,4,4,14,4,14,4,4,1.1,0.01,FALSE,3.47,442.16,9.61,46,50,27,-7.77
4,4,4,14,4,14,4,4,1.3,0.01,FALSE,3.47,416.2,9.05,46,50,25.41,-7.31
4,4,4,14,4,14,4,7,1.1,0.01,FALSE,3.98,609.86,9.38,65,60,20.88,-7.86
4,4,4,14,4,14,4,7,1.3,0.01,FALSE,3.98,573.7,8.83,65,60,19.64,-7.39
4,4,4,14,4,14,4,14,1.1,0.01,FALSE,2.95,477.59,7.7,62,54.84,21.23,-8.73
4,4,4,14,4,14,4,14,1.3,0.01,FALSE,2.95,450.91,7.27,62,54.84,20.06,-8.26
4,4,4,14,4,14,7,4,1.1,0.01,FALSE,3.64,473.11,8.6,55,56.36,21.04,-7.46
4,4,4,14,4,14,7,4,1.3,0.01,FALSE,3.64,445.1,8.09,55,56.36,19.79,-7.02
4,4,4,14,4,14,7,7,1.1,0.01,FALSE,4.57,528.87,11.5,46,56.52,26.03,-7.4
4,4,4,14,4,14,7,7,1.3,0.01,FALSE,4.57,497.38,10.81,46,56.52,24.48,-6.96
4,4,4,14,4,14,7,14,1.1,0.01,FALSE,4.65,486.91,11.07,44,59.09,23.85,-7.4
4,4,4,14,4,14,7,14,1.3,0.01,FALSE,4.65,460.02,10.46,44,59.09,22.54,-7
4,4,4,14,4,14,14,4,1.1,0.01,FALSE,3.86,512.79,10.26,50,56,24.71,-8.14
4,4,4,14,4,14,14,4,1.3,0.01,FALSE,3.85,484.05,9.68,50,56,23.35,-7.71
4,4,4,14,4,14,14,7,1.1,0.01,FALSE,3.01,409.11,9.09,45,53.33,25.54,-9.71
4,4,4,14,4,14,14,7,1.3,0.01,FALSE,3.01,386.3,8.58,45,53.33,24.12,-9.17
4,4,4,14,4,14,14,14,1.1,0.01,FALSE,4.86,457.5,14.76,31,54.84,33.88,-8.46
4,4,4,14,4,14,14,14,1.3,0.01,FALSE,4.85,433.62,13.99,31,54.84,32.14,-8.05
4,4,4,14,7,4,4,4,1.1,0.01,FALSE,4.19,511.76,9.3,55,60,20.38,-7.3
4,4,4,14,7,4,4,4,1.3,0.01,FALSE,4.18,479.23,8.71,55,60,19.08,-6.84
4,4,4,14,7,4,4,7,1.1,0.01,FALSE,4.53,721.37,9.75,74,63.51,19.7,-7.57
4,4,4,14,7,4,4,7,1.3,0.01,FALSE,4.54,675.07,9.12,74,63.51,18.42,-7.07
4,4,4,14,7,4,4,14,1.1,0.01,FALSE,3.63,592.09,8.34,71,60.56,19,-8.03
4,4,4,14,7,4,4,14,1.3,0.01,FALSE,3.64,557.03,7.85,71,60.56,17.87,-7.55
4,4,4,14,7,4,7,4,1.1,0.01,FALSE,4.44,545.21,8.65,63,65.08,17.16,-7.2
4,4,4,14,7,4,7,4,1.3,0.01,FALSE,4.44,510.09,8.1,63,65.08,16.06,-6.74
4,4,4,14,7,4,7,7,1.1,0.01,FALSE,5.63,604.33,10.99,55,65.45,20.41,-6.87
4,4,4,14,7,4,7,7,1.3,0.01,FALSE,5.63,565.53,10.28,55,65.45,19.1,-6.43
4,4,4,14,7,4,7,14,1.1,0.01,FALSE,5.13,577.53,10.7,54,64.81,20.49,-7.36
4,4,4,14,7,4,7,14,1.3,0.01,FALSE,5.13,543.09,10.06,54,64.81,19.27,-6.91
4,4,4,14,7,4,14,4,1.1,0.01,FALSE,5.2,644.67,10.93,59,66.1,20.47,-7.67
4,4,4,14,7,4,14,4,1.3,0.01,FALSE,5.2,606.51,10.28,59,66.1,19.25,-7.22
4,4,4,14,7,4,14,7,1.1,0.01,FALSE,3.18,495.24,8.39,59,59.32,20.64,-9.47
4,4,4,14,7,4,14,7,1.3,0.01,FALSE,3.18,465.6,7.89,59,59.32,19.41,-8.9
4,4,4,14,7,4,14,14,1.1,0.01,FALSE,7.07,599.13,14.61,41,68.29,24.92,-7.59
4,4,4,14,7,4,14,14,1.3,0.01,FALSE,7.07,565.9,13.8,41,68.29,23.54,-7.18
4,4,4,14,7,7,4,4,1.1,0.01,FALSE,3.88,402.83,10.33,39,51.28,27.14,-7.36
4,4,4,14,7,7,4,4,1.3,0.01,FALSE,3.87,377.06,9.67,39,51.28,25.41,-6.91
4,4,4,14,7,7,4,7,1.1,0.01,FALSE,4.96,669.8,10.63,63,63.49,20.98,-7.36
4,4,4,14,7,7,4,7,1.3,0.01,FALSE,4.96,626.74,9.95,63,63.49,19.62,-6.88
4,4,4,14,7,7,4,14,1.1,0.01,FALSE,3.69,536.88,9.1,59,57.63,21.67,-7.99
4,4,4,14,7,7,4,14,1.3,0.01,FALSE,3.69,504.9,8.56,59,57.63,20.37,-7.51
4,4,4,14,7,7,7,4,1.1,0.01,FALSE,4.07,466.23,9.14,51,56.86,21.31,-6.9
4,4,4,14,7,7,7,4,1.3,0.01,FALSE,4.07,436.36,8.56,51,56.86,19.95,-6.46
4,4,4,14,7,7,7,7,1.1,0.01,FALSE,6.03,537.56,13.44,40,60,26.85,-6.68
4,4,4,14,7,7,7,7,1.3,0.01,FALSE,6.02,503.18,12.58,40,60,25.14,-6.27
4,4,4,14,7,7,7,14,1.1,0.01,FALSE,6.6,545.22,13.63,40,62.5,25.71,-6.49
4,4,4,14,7,7,7,14,1.3,0.01,FALSE,6.6,512.4,12.81,40,62.5,24.16,-6.1
4,4,4,14,7,7,14,4,1.1,0.01,FALSE,5.4,573.4,13.03,44,61.36,26.06,-7.66
4,4,4,14,7,7,14,4,1.3,0.01,FALSE,5.41,539.26,12.26,44,61.36,24.51,-7.2
4,4,4,14,7,7,14,7,1.1,0.01,FALSE,3.26,436.9,9.71,45,53.33,26.25,-9.19
4,4,4,14,7,7,14,7,1.3,0.01,FALSE,3.26,410.58,9.12,45,53.33,24.67,-8.64
4,4,4,14,7,7,14,14,1.1,0.01,FALSE,8.5,519.52,19.98,26,61.54,36.8,-6.92
4,4,4,14,7,7,14,14,1.3,0.01,FALSE,8.5,490.26,18.86,26,61.54,34.72,-6.53
4,4,4,14,7,14,4,4,1.1,0.01,FALSE,3.26,379.94,9.27,41,48.78,27.41,-8.01
4,4,4,14,7,14,4,4,1.3,0.01,FALSE,3.26,357.42,8.72,41,48.78,25.78,-7.54
4,4,4,14,7,14,4,7,1.1,0.01,FALSE,3.86,582.53,9.4,62,59.68,21.24,-8.14
4,4,4,14,7,14,4,7,1.3,0.01,FALSE,3.86,547.7,8.83,62,59.68,19.97,-7.65
4,4,4,14,7,14,4,14,1.1,0.01,FALSE,2.91,435.55,7.14,61,54.1,20.1,-8.13
4,4,4,14,7,14,4,14,1.3,0.01,FALSE,2.91,411.38,6.74,61,54.1,18.99,-7.69
4,4,4,14,7,14,7,4,1.1,0.01,FALSE,3.38,408.75,8.01,51,54.9,20.74,-7.48
4,4,4,14,7,14,7,4,1.3,0.01,FALSE,3.38,384.27,7.53,51,54.9,19.5,-7.03
4,4,4,14,7,14,7,7,1.1,0.01,FALSE,4.45,468.14,11.42,41,56.1,26.25,-7.53
4,4,4,14,7,14,7,7,1.3,0.01,FALSE,4.45,439.96,10.73,41,56.1,24.67,-7.08
4,4,4,14,7,14,7,14,1.1,0.01,FALSE,4.49,451.95,11.02,41,58.54,24.23,-7.62
4,4,4,14,7,14,7,14,1.3,0.01,FALSE,4.49,426.64,10.41,41,58.54,22.87,-7.2
4,4,4,14,7,14,14,4,1.1,0.01,FALSE,3.74,454.01,10.32,44,56.82,24.8,-8.73
4,4,4,14,7,14,14,4,1.3,0.01,FALSE,3.73,428.61,9.74,44,56.82,23.42,-8.26
4,4,4,14,7,14,14,7,1.1,0.01,FALSE,2.37,315.61,7.01,45,48.89,24.81,-10.01
4,4,4,14,7,14,14,7,1.3,0.01,FALSE,2.37,298.06,6.62,45,48.89,23.42,-9.45
4,4,4,14,7,14,14,14,1.1,0.01,FALSE,4.87,398.62,15.33,26,53.85,35.83,-8.59
4,4,4,14,7,14,14,14,1.3,0.01,FALSE,4.86,378.15,14.54,26,53.85,34,-8.15
4,4,4,14,14,4,4,4,1.1,0.01,FALSE,3.85,513.82,10.7,48,52.08,27.77,-7.84
4,4,4,14,14,4,4,4,1.3,0.01,FALSE,3.85,483.65,10.08,48,52.08,26.14,-7.38
4,4,4,14,14,4,4,7,1.1,0.01,FALSE,4.91,788.67,11.43,69,62.32,23.03,-7.76
4,4,4,14,14,4,4,7,1.3,0.01,FALSE,4.91,741.85,10.75,69,62.32,21.66,-7.3
4,4,4,14,14,4,4,14,1.1,0.01,FALSE,3.7,684.61,9.13,75,58.67,21.33,-8.19
4,4,4,14,14,4,4,14,1.3,0.01,FALSE,3.69,646.5,8.62,75,58.67,20.15,-7.75
4,4,4,14,14,4,7,4,1.1,0.01,FALSE,4.39,593.37,10.41,57,57.89,23.28,-7.28
4,4,4,14,14,4,7,4,1.3,0.01,FALSE,4.39,558.21,9.79,57,57.89,21.9,-6.85
4,4,4,14,14,4,7,7,1.1,0.01,FALSE,5.51,652.97,13.33,49,59.18,27.51,-7.24
4,4,4,14,14,4,7,7,1.3,0.01,FALSE,5.51,614.01,12.53,49,59.18,25.87,-6.81
4,4,4,14,14,4,7,14,1.1,0.01,FALSE,7.17,741.77,14.26,52,67.31,24.63,-7.07
4,4,4,14,14,4,7,14,1.3,0.01,FALSE,7.16,700.2,13.47,52,67.31,23.25,-6.68
4,4,4,14,14,4,14,4,1.1,0.01,FALSE,4.93,679.73,13.33,51,58.82,28.43,-8.24
4,4,4,14,14,4,14,4,1.3,0.01,FALSE,4.92,641.7,12.58,51,58.82,26.85,-7.8
4,4,4,14,14,4,14,7,1.1,0.01,FALSE,3.87,577.61,11.79,49,55.1,28.84,-9.14
4,4,4,14,14,4,14,7,1.3,0.01,FALSE,3.87,545.5,11.13,49,55.1,27.23,-8.63
4,4,4,14,14,4,14,14,1.1,0.01,FALSE,6.97,674.34,17.29,39,64.1,31.49,-8.06
4,4,4,14,14,4,14,14,1.3,0.01,FALSE,6.96,639.21,16.39,39,64.1,29.86,-7.66
4,4,4,14,14,7,4,4,1.1,0.01,FALSE,3.02,403.61,7.62,53,54.72,20.79,-8.31
4,4,4,14,14,7,4,4,1.3,0.01,FALSE,3.03,379.7,7.16,53,54.72,19.56,-7.81
4,4,4,14,14,7,4,7,1.1,0.01,FALSE,3.5,572.49,8.54,67,58.21,20.55,-8.18
4,4,4,14,14,7,4,7,1.3,0.01,FALSE,3.5,538.31,8.03,67,58.21,19.32,-7.69
4,4,4,14,14,7,4,14,1.1,0.01,FALSE,2.81,528.64,6.96,76,55.26,19.56,-8.61
4,4,4,14,14,7,4,14,1.3,0.01,FALSE,2.8,499.23,6.57,76,55.26,18.48,-8.14
4,4,4,14,14,7,7,4,1.1,0.01,FALSE,3.04,438.39,7.07,62,53.23,19.8,-7.41
4,4,4,14,14,7,7,4,1.3,0.01,FALSE,3.04,412.23,6.65,62,53.23,18.62,-6.97
4,4,4,14,14,7,7,7,1.1,0.01,FALSE,3.73,484.85,8.82,55,58.18,20.71,-7.73
4,4,4,14,14,7,7,7,1.3,0.01,FALSE,3.73,455.67,8.28,55,58.18,19.46,-7.26
4,4,4,14,14,7,7,14,1.1,0.01,FALSE,3.85,471.38,9.24,51,60.78,20.55,-8.28
4,4,4,14,14,7,7,14,1.3,0.01,FALSE,3.84,444.7,8.72,51,60.78,19.39,-7.82
4,4,4,14,14,7,14,4,1.1,0.01,FALSE,2.94,408.54,7.71,53,54.72,21.35,-8.77
4,4,4,14,14,7,14,4,1.3,0.01,FALSE,2.94,385.72,7.28,53,54.72,20.17,-8.3
4,4,4,14,14,7,14,7,1.1,0.01,FALSE,2.48,349.85,7.29,48,50,24.43,-9.85
4,4,4,14,14,7,14,7,1.3,0.01,FALSE,2.48,330.37,6.88,48,50,23.07,-9.31
4,4,4,14,14,7,14,14,1.1,0.01,FALSE,3.71,415.86,10.4,40,57.5,24.76,-9.03
4,4,4,14,14,7,14,14,1.3,0.01,FALSE,3.7,394.42,9.86,40,57.5,23.5,-8.59
4,4,4,14,14,14,4,4,1.1,0.01,FALSE,3.98,424.84,11.48,37,51.35,29.86,-7.92
4,4,4,14,14,14,4,4,1.3,0.01,FALSE,3.99,401.59,10.85,37,51.35,28.22,-7.47
4,4,4,14,14,14,4,7,1.1,0.01,FALSE,4.82,692.54,11.35,61,63.93,22.41,-8.25
4,4,4,14,14,14,4,7,1.3,0.01,FALSE,4.82,654.15,10.72,61,63.93,21.17,-7.79
4,4,4,14,14,14,4,14,1.1,0.01,FALSE,3.37,512.42,9.15,56,57.14,22.76,-9
4,4,4,14,14,14,4,14,1.3,0.01,FALSE,3.37,485.67,8.67,56,57.14,21.59,-8.54
4,4,4,14,14,14,7,4,1.1,0.01,FALSE,3.99,452.01,9.62,47,57.45,22.34,-7.56
4,4,4,14,14,14,7,4,1.3,0.01,FALSE,3.99,427.06,9.09,47,57.45,21.1,-7.14
4,4,4,14,14,14,7,7,1.1,0.01,FALSE,5.89,516.85,13.97,37,59.46,28.3,-7.05
4,4,4,14,14,14,7,7,1.3,0.01,FALSE,5.9,487.81,13.18,37,59.46,26.7,-6.64
4,4,4,14,14,14,7,14,1.1,0.01,FALSE,6.66,551.45,14.51,38,63.16,27.03,-6.95
4,4,4,14,14,14,7,14,1.3,0.01,FALSE,6.67,522.66,13.75,38,63.16,25.62,-6.58
4,4,4,14,14,14,14,4,1.1,0.01,FALSE,4.94,549.51,13.4,41,60.98,27.56,-8.72
4,4,4,14,14,14,14,4,1.3,0.01,FALSE,4.93,520.62,12.7,41,60.98,26.13,-8.29
4,4,4,14,14,14,14,7,1.1,0.01,FALSE,3.03,411.08,9.79,42,52.38,27.9,-10.14
4,4,4,14,14,14,14,7,1.3,0.01,FALSE,3.03,389.91,9.28,42,52.38,26.46,-9.61
4,4,4,14,14,14,14,14,1.1,0.01,FALSE,8.48,499.15,21.7,23,60.87,40.42,-7.42
4,4,4,14,14,14,14,14,1.3,0.01,FALSE,8.5,475.24,20.66,23,60.87,38.47,-7.04
4,4,7,4,4,4,4,4,1.1,0.01,FALSE,3.22,448.51,7.12,63,55.56,18.6,-7.23
4,4,7,4,4,4,4,4,1.3,0.01,FALSE,3.22,416.87,6.62,63,55.56,17.28,-6.72
4,4,7,4,4,4,4,7,1.1,0.01,FALSE,4.08,633.75,8.45,75,62.67,17.86,-7.34
4,4,7,4,4,4,4,7,1.3,0.01,FALSE,4.08,588.84,7.85,75,62.67,16.59,-6.82
4,4,7,4,4,4,4,14,1.1,0.01,FALSE,3.87,642.92,8.57,75,58.67,19.69,-7.21
4,4,7,4,4,4,4,14,1.3,0.01,FALSE,3.87,600.31,8,75,58.67,18.4,-6.75
4,4,7,4,4,4,7,4,1.1,0.01,FALSE,3.38,485.5,6.94,70,58.57,16.82,-7.04
4,4,7,4,4,4,7,4,1.3,0.01,FALSE,3.38,451.09,6.44,70,58.57,15.63,-6.54
4,4,7,4,4,4,7,7,1.1,0.01,FALSE,3.95,508.41,8.47,60,60,18.91,-7.18
4,4,7,4,4,4,7,7,1.3,0.01,FALSE,3.95,472.22,7.87,60,60,17.56,-6.67
4,4,7,4,4,4,7,14,1.1,0.01,FALSE,3.55,495.95,8.27,60,58.33,19.72,-7.77
4,4,7,4,4,4,7,14,1.3,0.01,FALSE,3.55,462.92,7.72,60,58.33,18.41,-7.25
4,4,7,4,4,4,14,4,1.1,0.01,FALSE,4.67,600.04,10,60,63.33,20.09,-7.42
4,4,7,4,4,4,14,4,1.3,0.01,FALSE,4.67,559.99,9.33,60,63.33,18.75,-6.94
4,4,7,4,4,4,14,7,1.1,0.01,FALSE,2.75,453.36,6.97,65,55.38,19.78,-8.92
4,4,7,4,4,4,14,7,1.3,0.01,FALSE,2.75,422.94,6.51,65,55.38,18.46,-8.33
4,4,7,4,4,4,14,14,1.1,0.01,FALSE,4.25,539.45,10.18,53,60.38,22.04,-7.89
4,4,7,4,4,4,14,14,1.3,0.01,FALSE,4.25,505.79,9.54,53,60.38,20.66,-7.4
4,4,7,4,4,7,4,4,1.1,0.01,FALSE,3.48,450.51,8.34,54,51.85,22.58,-6.99
4,4,7,4,4,7,4,4,1.3,0.01,FALSE,3.48,418.58,7.75,54,51.85,20.98,-6.5
4,4,7,4,4,7,4,7,1.1,0.01,FALSE,3.84,591.25,8.1,73,61.64,17.77,-7.44
4,4,7,4,4,7,4,7,1.3,0.01,FALSE,3.84,549.11,7.52,73,61.64,16.5,-6.91
4,4,7,4,4,7,4,14,1.1,0.01,FALSE,2.99,485.03,7.35,66,54.55,20.25,-8.14
4,4,7,4,4,7,4,14,1.3,0.01,FALSE,2.99,453.21,6.87,66,54.55,18.92,-7.6
4,4,7,4,4,7,7,4,1.1,0.01,FALSE,3.3,443.92,7.05,63,53.97,18.74,-6.67
4,4,7,4,4,7,7,4,1.3,0.01,FALSE,3.3,412.26,6.54,63,53.97,17.41,-6.19
4,4,7,4,4,7,7,7,1.1,0.01,FALSE,3.86,463.7,9.09,51,54.9,22.36,-7.06
4,4,7,4,4,7,7,7,1.3,0.01,FALSE,3.85,430.46,8.44,51,54.9,20.76,-6.56
4,4,7,4,4,7,7,14,1.1,0.01,FALSE,3.8,449.09,8.64,52,55.77,21.01,-6.97
4,4,7,4,4,7,7,14,1.3,0.01,FALSE,3.81,419.87,8.07,52,55.77,19.63,-6.49
4,4,7,4,4,7,14,4,1.1,0.01,FALSE,3.55,489.35,8.59,57,56.14,21.29,-7.67
4,4,7,4,4,7,14,4,1.3,0.01,FALSE,3.55,457.16,8.02,57,56.14,19.89,-7.17
4,4,7,4,4,7,14,7,1.1,0.01,FALSE,2.83,413.49,7.13,58,53.45,20.61,-8.35
4,4,7,4,4,7,14,7,1.3,0.01,FALSE,2.84,386.56,6.66,58,53.45,19.25,-7.79
4,4,7,4,4,7,14,14,1.1,0.01,FALSE,4.05,461.49,10.73,43,53.49,26.64,-7.56
4,4,7,4,4,7,14,14,1.3,0.01,FALSE,4.07,434.07,10.09,43,53.49,25.02,-7.07
4,4,7,4,4,14,4,4,1.1,0.01,FALSE,3.15,465.17,8.31,56,50,24.33,-7.72
4,4,7,4,4,14,4,4,1.3,0.01,FALSE,3.15,434,7.75,56,50,22.7,-7.2
4,4,7,4,4,14,4,7,1.1,0.01,FALSE,3.49,585.56,8.13,72,59.72,19.09,-8.12
4,4,7,4,4,14,4,7,1.3,0.01,FALSE,3.48,546.61,7.59,72,59.72,17.83,-7.59
4,4,7,4,4,14,4,14,1.1,0.01,FALSE,2.66,458.23,7.05,65,52.31,21.62,-8.93
4,4,7,4,4,14,4,14,1.3,0.01,FALSE,2.65,429.14,6.6,65,52.31,20.28,-8.4
4,4,7,4,4,14,7,4,1.1,0.01,FALSE,3.11,466.22,7.4,63,53.97,20.22,-7.62
4,4,7,4,4,14,7,4,1.3,0.01,FALSE,3.11,435.13,6.91,63,53.97,18.87,-7.12
4,4,7,4,4,14,7,7,1.1,0.01,FALSE,3.65,486.42,9.35,52,53.85,23.94,-7.66
4,4,7,4,4,14,7,7,1.3,0.01,FALSE,3.65,453.66,8.72,52,53.85,22.33,-7.14
4,4,7,4,4,14,7,14,1.1,0.01,FALSE,3.4,440.92,8.48,52,53.85,22.3,-7.64
4,4,7,4,4,14,7,14,1.3,0.01,FALSE,3.41,414.46,7.97,52,53.85,20.94,-7.17
4,4,7,4,4,14,14,4,1.1,0.01,FALSE,3.29,505.08,8.71,58,55.17,22.67,-8.48
4,4,7,4,4,14,14,4,1.3,0.01,FALSE,3.28,472.69,8.15,58,55.17,21.25,-7.98
4,4,7,4,4,14,14,7,1.1,0.01,FALSE,2.8,434.09,7.89,55,54.55,22.5,-9.64
4,4,7,4,4,14,14,7,1.3,0.01,FALSE,2.8,406.72,7.39,55,54.55,21.09,-9.04
4,4,7,4,4,14,14,14,1.1,0.01,FALSE,3.63,466.98,10.61,44,52.27,28.03,-8.46
4,4,7,4,4,14,14,14,1.3,0.01,FALSE,3.63,439.41,9.99,44,52.27,26.37,-7.96
4,4,7,4,7,4,4,4,1.1,0.01,FALSE,3.85,529.94,8.98,59,57.63,21.05,-7.43
4,4,7,4,7,4,4,4,1.3,0.01,FALSE,3.85,492.38,8.35,59,57.63,19.56,-6.91
4,4,7,4,7,4,4,7,1.1,0.01,FALSE,4.1,688.31,9.18,75,62.67,19.37,-7.93
4,4,7,4,7,4,4,7,1.3,0.01,FALSE,4.1,639.27,8.52,75,62.67,17.99,-7.36
4,4,7,4,7,4,4,14,1.1,0.01,FALSE,3.33,598.33,8.09,74,58.11,19.89,-8.29
4,4,7,4,7,4,4,14,1.3,0.01,FALSE,3.32,558.41,7.55,74,58.11,18.58,-7.76
4,4,7,4,7,4,7,4,1.1,0.01,FALSE,3.79,531.25,8.05,66,60.61,18.04,-7.33
4,4,7,4,7,4,7,4,1.3,0.01,FALSE,3.79,493.4,7.48,66,60.61,16.76,-6.81
4,4,7,4,7,4,7,7,1.1,0.01,FALSE,4.62,557.27,10.13,55,61.82,20.92,-7.34
4,4,7,4,7,4,7,7,1.3,0.01,FALSE,4.62,517.38,9.41,55,61.82,19.43,-6.81
4,4,7,4,7,4,7,14,1.1,0.01,FALSE,3.91,513.98,9.18,56,58.93,20.92,-7.67
4,4,7,4,7,4,7,14,1.3,0.01,FALSE,3.91,479.66,8.57,56,58.93,19.52,-7.16
4,4,7,4,7,4,14,4,1.1,0.01,FALSE,4.38,624.57,10.07,62,62.9,20.76,-8.04
4,4,7,4,7,4,14,4,1.3,0.01,FALSE,4.37,582.91,9.4,62,62.9,19.38,-7.52
4,4,7,4,7,4,14,7,1.1,0.01,FALSE,3.02,509.83,7.97,64,57.81,20.6,-9.35
4,4,7,4,7,4,14,7,1.3,0.01,FALSE,3.02,475.86,7.44,64,57.81,19.23,-8.73
4,4,7,4,7,4,14,14,1.1,0.01,FALSE,5.14,599.27,12.48,48,62.5,24.81,-8.05
4,4,7,4,7,4,14,14,1.3,0.01,FALSE,5.14,562.34,11.72,48,62.5,23.27,-7.54
4,4,7,4,7,7,4,4,1.1,0.01,FALSE,3.48,434.34,9.05,48,52.08,24.37,-7.6
4,4,7,4,7,7,4,4,1.3,0.01,FALSE,3.48,403.42,8.4,48,52.08,22.64,-7.06
4,4,7,4,7,7,4,7,1.1,0.01,FALSE,4.27,644.66,9.34,69,63.77,19.13,-7.87
4,4,7,4,7,7,4,7,1.3,0.01,FALSE,4.27,598.53,8.67,69,63.77,17.76,-7.31
4,4,7,4,7,7,4,14,1.1,0.01,FALSE,3.36,547.94,8.7,63,55.56,22.29,-8.3
4,4,7,4,7,7,4,14,1.3,0.01,FALSE,3.36,510.92,8.11,63,55.56,20.79,-7.75
4,4,7,4,7,7,7,4,1.1,0.01,FALSE,3.37,460.22,7.8,59,54.24,20.44,-7.18
4,4,7,4,7,7,7,4,1.3,0.01,FALSE,3.37,427.31,7.24,59,54.24,18.98,-6.67
4,4,7,4,7,7,7,7,1.1,0.01,FALSE,4.56,498.57,11.08,45,57.78,24.57,-7.38
4,4,7,4,7,7,7,7,1.3,0.01,FALSE,4.55,462.78,10.28,45,57.78,22.81,-6.85
4,4,7,4,7,7,7,14,1.1,0.01,FALSE,4.48,510.87,10.43,49,57.14,23.48,-6.98
4,4,7,4,7,7,7,14,1.3,0.01,FALSE,4.49,476.61,9.73,49,57.14,21.9,-6.5
4,4,7,4,7,7,14,4,1.1,0.01,FALSE,4.27,561.26,10.79,52,59.62,23.64,-8.17
4,4,7,4,7,7,14,4,1.3,0.01,FALSE,4.27,523.31,10.06,52,59.62,22.05,-7.63
4,4,7,4,7,7,14,7,1.1,0.01,FALSE,3.01,459.44,8.35,55,54.55,22.92,-9.12
4,4,7,4,7,7,14,7,1.3,0.01,FALSE,3.01,428.48,7.79,55,54.55,21.37,-8.51
4,4,7,4,7,7,14,14,1.1,0.01,FALSE,5.21,527.73,13.89,38,57.89,29.68,-7.83
4,4,7,4,7,7,14,14,1.3,0.01,FALSE,5.23,494.45,13.01,38,57.89,27.79,-7.3
4,4,7,4,7,14,4,4,1.1,0.01,FALSE,3.15,421.5,8.43,50,50,24.69,-7.83
4,4,7,4,7,14,4,4,1.3,0.01,FALSE,3.16,393.51,7.87,50,50,23.04,-7.3
4,4,7,4,7,14,4,7,1.1,0.01,FALSE,3.56,573.01,8.43,68,60.29,19.43,-8.28
4,4,7,4,7,14,4,7,1.3,0.01,FALSE,3.56,534.96,7.87,68,60.29,18.14,-7.73
4,4,7,4,7,14,4,14,1.1,0.01,FALSE,2.78,460.74,7.09,65,52.31,21.18,-8.36
4,4,7,4,7,14,4,14,1.3,0.01,FALSE,2.77,432.06,6.65,65,52.31,19.87,-7.85
4,4,7,4,7,14,7,4,1.1,0.01,FALSE,2.92,410.72,6.96,59,52.54,20.15,-7.64
4,4,7,4,7,14,7,4,1.3,0.01,FALSE,2.92,383.49,6.5,59,52.54,18.81,-7.13
4,4,7,4,7,14,7,7,1.1,0.01,FALSE,3.77,445.08,9.68,46,54.35,24.24,-7.66
4,4,7,4,7,14,7,7,1.3,0.01,FALSE,3.77,415.3,9.03,46,54.35,22.61,-7.14
4,4,7,4,7,14,7,14,1.1,0.01,FALSE,3.5,418.47,8.72,48,54.17,22.53,-7.6
4,4,7,4,7,14,7,14,1.3,0.01,FALSE,3.51,393,8.19,48,54.17,21.13,-7.11
4,4,7,4,7,14,14,4,1.1,0.01,FALSE,3.2,455.16,8.75,52,55.77,22.84,-9.01
4,4,7,4,7,14,14,4,1.3,0.01,FALSE,3.19,426.44,8.2,52,55.77,21.42,-8.47
4,4,7,4,7,14,14,7,1.1,0.01,FALSE,2.43,363.02,6.72,54,51.85,22.02,-9.75
4,4,7,4,7,14,14,7,1.3,0.01,FALSE,2.43,340.7,6.31,54,51.85,20.65,-9.14
4,4,7,4,7,14,14,14,1.1,0.01,FALSE,3.87,429.6,11.31,38,52.63,28.96,-8.31
4,4,7,4,7,14,14,14,1.3,0.01,FALSE,3.89,405.17,10.66,38,52.63,27.28,-7.8
4,4,7,4,14,4,4,4,1.1,0.01,FALSE,3.79,590.15,10.18,58,53.45,25.86,-7.84
4,4,7,4,14,4,4,4,1.3,0.01,FALSE,3.79,550.96,9.5,58,53.45,24.14,-7.31
4,4,7,4,14,4,4,7,1.1,0.01,FALSE,4.48,807.2,10.48,77,62.34,21.64,-7.99
4,4,7,4,14,4,4,7,1.3,0.01,FALSE,4.48,753.87,9.79,77,62.34,20.22,-7.47
4,4,7,4,14,4,4,14,1.1,0.01,FALSE,3.44,694.89,8.91,78,56.41,22.26,-8.37
4,4,7,4,14,4,4,14,1.3,0.01,FALSE,3.43,650.85,8.34,78,56.41,20.87,-7.86
4,4,7,4,14,4,7,4,1.1,0.01,FALSE,3.91,629.3,9.53,66,56.06,22.84,-7.45
4,4,7,4,14,4,7,4,1.3,0.01,FALSE,3.92,587.35,8.9,66,56.06,21.32,-6.95
4,4,7,4,14,4,7,7,1.1,0.01,FALSE,4.53,642.37,11.68,55,56.36,26.59,-7.58
4,4,7,4,14,4,7,7,1.3,0.01,FALSE,4.53,599.25,10.9,55,56.36,24.8,-7.07
4,4,7,4,14,4,7,14,1.1,0.01,FALSE,4.78,645.03,11.12,58,60.34,23.3,-7.42
4,4,7,4,14,4,7,14,1.3,0.01,FALSE,4.78,604.89,10.43,58,60.34,21.85,-6.95
4,4,7,4,14,4,14,4,1.1,0.01,FALSE,4.32,709.52,11.83,60,58.33,26.37,-8.54
4,4,7,4,14,4,14,4,1.3,0.01,FALSE,4.31,663.94,11.07,60,58.33,24.7,-8.03
4,4,7,4,14,4,14,7,1.1,0.01,FALSE,3.8,654.21,10.72,61,57.38,25.36,-8.98
4,4,7,4,14,4,14,7,1.3,0.01,FALSE,3.8,612.92,10.05,61,57.38,23.76,-8.41
4,4,7,4,14,4,14,14,1.1,0.01,FALSE,5.09,708.78,13.63,52,59.62,28.46,-8.26
4,4,7,4,14,4,14,14,1.3,0.01,FALSE,5.09,666.81,12.82,52,59.62,26.76,-7.76
4,4,7,4,14,7,4,4,1.1,0.01,FALSE,2.81,426.39,6.88,62,53.23,20.04,-8.1
4,4,7,4,14,7,4,4,1.3,0.01,FALSE,2.81,398,6.42,62,53.23,18.71,-7.57
4,4,7,4,14,7,4,7,1.1,0.01,FALSE,3.28,587.75,7.94,74,59.46,19.22,-8.6
4,4,7,4,14,7,4,7,1.3,0.01,FALSE,3.27,548.32,7.41,74,59.46,17.95,-8.04
4,4,7,4,14,7,4,14,1.1,0.01,FALSE,2.6,514.27,6.59,78,53.85,19.91,-8.95
4,4,7,4,14,7,4,14,1.3,0.01,FALSE,2.59,482.45,6.19,78,53.85,18.7,-8.42
4,4,7,4,14,7,7,4,1.1,0.01,FALSE,2.7,433.69,6.29,69,52.17,19.11,-7.71
4,4,7,4,14,7,7,4,1.3,0.01,FALSE,2.7,404.6,5.86,69,52.17,17.84,-7.2
4,4,7,4,14,7,7,7,1.1,0.01,FALSE,3.14,451.69,7.53,60,56.67,19.51,-8.14
4,4,7,4,14,7,7,7,1.3,0.01,FALSE,3.14,421.4,7.02,60,56.67,18.2,-7.59
4,4,7,4,14,7,7,14,1.1,0.01,FALSE,2.95,419.52,7.11,59,55.93,19.22,-8.26
4,4,7,4,14,7,7,14,1.3,0.01,FALSE,2.95,393.06,6.66,59,55.93,18.01,-7.75
4,4,7,4,14,7,14,4,1.1,0.01,FALSE,2.64,413.31,6.78,61,54.1,20.16,-8.99
4,4,7,4,14,7,14,4,1.3,0.01,FALSE,2.63,387.31,6.35,61,54.1,18.92,-8.47
4,4,7,4,14,7,14,7,1.1,0.01,FALSE,2.43,385.79,6.65,58,51.72,21.86,-9.64
4,4,7,4,14,7,14,7,1.3,0.01,FALSE,2.43,361.91,6.24,58,51.72,20.5,-9.04
4,4,7,4,14,7,14,14,1.1,0.01,FALSE,3.07,435.05,8.37,52,55.77,22.25,-9.14
4,4,7,4,14,7,14,14,1.3,0.01,FALSE,3.07,410.06,7.89,52,55.77,20.98,-8.62
4,4,7,4,14,14,4,4,1.1,0.01,FALSE,3.86,505.57,10.53,48,54.17,26.25,-8.04
4,4,7,4,14,14,4,4,1.3,0.01,FALSE,3.87,474.54,9.89,48,54.17,24.6,-7.51
4,4,7,4,14,14,4,7,1.1,0.01,FALSE,4.23,673.24,10.05,67,64.18,20.5,-8.68
4,4,7,4,14,14,4,7,1.3,0.01,FALSE,4.23,631.99,9.43,67,64.18,19.24,-8.14
4,4,7,4,14,14,4,14,1.1,0.01,FALSE,3.14,531.46,8.86,60,55,23.63,-9.2
4,4,7,4,14,14,4,14,1.3,0.01,FALSE,3.14,499.96,8.33,60,55,22.24,-8.67
4,4,7,4,14,14,7,4,1.1,0.01,FALSE,3.35,453.98,8.25,55,54.55,21.58,-7.73
4,4,7,4,14,14,7,4,1.3,0.01,FALSE,3.36,426.28,7.75,55,54.55,20.23,-7.23
4,4,7,4,14,14,7,7,1.1,0.01,FALSE,4.86,534.28,12.14,44,59.09,25.87,-7.69
4,4,7,4,14,14,7,7,1.3,0.01,FALSE,4.89,501.21,11.39,44,59.09,24.24,-7.16
4,4,7,4,14,14,7,14,1.1,0.01,FALSE,4.42,501.08,10.89,46,56.52,24.91,-7.33
4,4,7,4,14,14,7,14,1.3,0.01,FALSE,4.45,472.55,10.27,46,56.52,23.45,-6.86
4,4,7,4,14,14,14,4,1.1,0.01,FALSE,4.29,594.64,11.66,51,60.78,25.01,-9.04
4,4,7,4,14,14,14,4,1.3,0.01,FALSE,4.28,559.49,10.97,51,60.78,23.54,-8.52
4,4,7,4,14,14,14,7,1.1,0.01,FALSE,3.07,491.87,9.11,54,55.56,24.33,-9.91
4,4,7,4,14,14,14,7,1.3,0.01,FALSE,3.07,463.52,8.58,54,55.56,22.9,-9.31
4,4,7,4,14,14,14,14,1.1,0.01,FALSE,5.65,568.59,15.37,37,59.46,31.4,-8.15
4,4,7,4,14,14,14,14,1.3,0.01,FALSE,5.71,538.22,14.55,37,59.46,29.66,-7.62
4,4,7,7,4,4,4,4,1.1,0.01,FALSE,3.67,413.69,8.11,51,56.86,19.61,-7.05
4,4,7,7,4,4,4,4,1.3,0.01,FALSE,3.67,384.3,7.54,51,56.86,18.22,-6.55
4,4,7,7,4,4,4,7,1.1,0.01,FALSE,4.65,600.17,9.38,64,64.06,18.65,-7.16
4,4,7,7,4,4,4,7,1.3,0.01,FALSE,4.65,557.33,8.71,64,64.06,17.32,-6.65
4,4,7,7,4,4,4,14,1.1,0.01,FALSE,4.72,649.22,9.69,67,62.69,19.61,-6.98
4,4,7,7,4,4,4,14,1.3,0.01,FALSE,4.7,605.81,9.04,67,62.69,18.32,-6.54
4,4,7,7,4,4,7,4,1.1,0.01,FALSE,3.67,455.12,7.46,61,60.66,16.9,-7.1
4,4,7,7,4,4,7,4,1.3,0.01,FALSE,3.67,422.63,6.93,61,60.66,15.7,-6.59
4,4,7,7,4,4,7,7,1.1,0.01,FALSE,5.16,482.92,10.27,47,63.83,19.97,-6.83
4,4,7,7,4,4,7,7,1.3,0.01,FALSE,5.16,448.28,9.54,47,63.83,18.53,-6.34
4,4,7,7,4,4,7,14,1.1,0.01,FALSE,4.4,495.82,10.12,49,61.22,21.39,-7.67
4,4,7,7,4,4,7,14,1.3,0.01,FALSE,4.39,462.54,9.44,49,61.22,19.96,-7.17
4,4,7,7,4,4,14,4,1.1,0.01,FALSE,6.18,588.55,12.01,49,67.35,21.28,-7.1
4,4,7,7,4,4,14,4,1.3,0.01,FALSE,6.16,548.99,11.2,49,67.35,19.86,-6.65
4,4,7,7,4,4,14,7,1.1,0.01,FALSE,2.97,416.12,8,52,55.77,21.64,-9.19
4,4,7,7,4,4,14,7,1.3,0.01,FALSE,2.96,388.12,7.46,52,55.77,20.2,-8.59
4,4,7,7,4,4,14,14,1.1,0.01,FALSE,6.03,508.45,13.74,37,64.86,25.39,-7.77
4,4,7,7,4,4,14,14,1.3,0.01,FALSE,6.01,476.75,12.89,37,64.86,23.83,-7.32
4,4,7,7,4,7,4,4,1.1,0.01,FALSE,4.11,450.99,9.8,46,54.35,23.85,-6.91
4,4,7,7,4,7,4,4,1.3,0.01,FALSE,4.11,418.82,9.1,46,54.35,22.15,-6.42
4,4,7,7,4,7,4,7,1.1,0.01,FALSE,4.33,591.29,8.96,66,63.64,18.31,-7.4
4,4,7,7,4,7,4,7,1.3,0.01,FALSE,4.33,548.88,8.32,66,63.64,17,-6.87
4,4,7,7,4,7,4,14,1.1,0.01,FALSE,3.74,565.44,8.98,63,60.32,20.31,-8.25
4,4,7,7,4,7,4,14,1.3,0.01,FALSE,3.73,527.64,8.38,63,60.32,18.96,-7.72
4,4,7,7,4,7,7,4,1.1,0.01,FALSE,3.63,446.73,7.7,58,56.9,18.69,-6.81
4,4,7,7,4,7,7,4,1.3,0.01,FALSE,3.63,414.69,7.15,58,56.9,17.35,-6.32
4,4,7,7,4,7,7,7,1.1,0.01,FALSE,5.04,471.58,11.23,42,59.52,23.53,-6.87
4,4,7,7,4,7,7,7,1.3,0.01,FALSE,5.04,437.57,10.42,42,59.52,21.84,-6.37
4,4,7,7,4,7,7,14,1.1,0.01,FALSE,5.31,524.58,11.4,46,60.87,23.08,-6.76
4,4,7,7,4,7,7,14,1.3,0.01,FALSE,5.32,489.79,10.65,46,60.87,21.54,-6.3
4,4,7,7,4,7,14,4,1.1,0.01,FALSE,4.62,552.72,10.84,51,60.78,22.76,-7.64
4,4,7,7,4,7,14,4,1.3,0.01,FALSE,4.61,515.76,10.11,51,60.78,21.25,-7.14
4,4,7,7,4,7,14,7,1.1,0.01,FALSE,3.4,451.57,9.03,50,56,22.86,-8.57
4,4,7,7,4,7,14,7,1.3,0.01,FALSE,3.4,421.75,8.44,50,56,21.34,-7.99
4,4,7,7,4,7,14,14,1.1,0.01,FALSE,6.21,505.53,15.8,32,59.38,31.72,-7.47
4,4,7,7,4,7,14,14,1.3,0.01,FALSE,6.21,474.79,14.84,32,59.38,29.78,-7
4,4,7,7,4,14,4,4,1.1,0.01,FALSE,3.62,469.59,9.78,48,52.08,25.94,-7.78
4,4,7,7,4,14,4,4,1.3,0.01,FALSE,3.62,437.83,9.12,48,52.08,24.2,-7.27
4,4,7,7,4,14,4,7,1.1,0.01,FALSE,3.88,587.75,9.04,65,61.54,19.8,-8.17
4,4,7,7,4,14,4,7,1.3,0.01,FALSE,3.87,548.34,8.44,65,61.54,18.49,-7.64
4,4,7,7,4,14,4,14,1.1,0.01,FALSE,3.27,540.79,8.72,62,58.06,21.65,-9.18
4,4,7,7,4,14,4,14,1.3,0.01,FALSE,3.25,505.53,8.15,62,58.06,20.29,-8.65
4,4,7,7,4,14,7,4,1.1,0.01,FALSE,3.39,472.96,8.15,58,56.9,20.32,-7.9
4,4,7,7,4,14,7,4,1.3,0.01,FALSE,3.39,441.15,7.61,58,56.9,18.96,-7.38
4,4,7,7,4,14,7,7,1.1,0.01,FALSE,4.62,498.24,11.59,43,58.14,25.44,-7.66
4,4,7,7,4,14,7,7,1.3,0.01,FALSE,4.61,464.37,10.8,43,58.14,23.72,-7.15
4,4,7,7,4,14,7,14,1.1,0.01,FALSE,4.58,516.78,11.23,46,58.7,24.49,-7.6
4,4,7,7,4,14,7,14,1.3,0.01,FALSE,4.57,484.72,10.54,46,58.7,22.98,-7.14
4,4,7,7,4,14,14,4,1.1,0.01,FALSE,4.16,572.38,11.01,52,59.62,24.3,-8.62
4,4,7,7,4,14,14,4,1.3,0.01,FALSE,4.13,534.88,10.29,52,59.62,22.76,-8.13
4,4,7,7,4,14,14,7,1.1,0.01,FALSE,3.35,476.53,10.14,47,57.45,25.17,-10.16
4,4,7,7,4,14,14,7,1.3,0.01,FALSE,3.34,445.9,9.49,47,57.45,23.58,-9.54
4,4,4,4,4,4,4,4,1.1,0.01,FALSE,3.32,392.15,6.88,57,56.14,17.54,-6.77
4,4,4,4,4,4,4,4,1.3,0.01,FALSE,3.32,364.73,6.4,57,56.14,16.32,-6.29
4,4,4,4,4,4,4,14,1.1,0.01,FALSE,4.31,625.08,8.45,74,62.16,17.7,-6.75
4,4,4,4,4,4,4,14,1.3,0.01,FALSE,4.3,584.09,7.89,74,62.16,16.55,-6.33
4,4,4,4,4,4,14,4,1.1,0.01,FALSE,5.76,575.16,10.46,55,67.27,18.81,-6.71
4,4,4,4,4,4,14,4,1.3,0.01,FALSE,5.75,537.23,9.77,55,67.27,17.58,-6.29
4,4,4,4,4,4,14,14,1.1,0.01,FALSE,5.17,504.33,11.21,45,64.44,21.56,-7.56
4,4,4,4,4,4,14,14,1.3,0.01,FALSE,5.16,473.43,10.52,45,64.44,20.25,-7.12
4,4,4,4,4,14,4,4,1.1,0.01,FALSE,3.3,441.93,8.18,54,51.85,22.64,-7.39
4,4,4,4,4,14,4,4,1.3,0.01,FALSE,3.3,412.69,7.64,54,51.85,21.15,-6.91
4,4,4,4,4,14,4,14,1.1,0.01,FALSE,3.07,519.8,7.53,69,57.97,19.26,-8.65
4,4,4,4,4,14,4,14,1.3,0.01,FALSE,3.06,486.68,7.05,69,57.97,18.07,-8.15
4,4,4,4,4,14,14,4,1.1,0.01,FALSE,3.98,557.1,9.61,58,60.34,21.27,-8.14
4,4,4,4,4,14,14,4,1.3,0.01,FALSE,3.95,521.4,8.99,58,60.34,19.94,-7.68
4,4,4,4,4,14,14,14,1.1,0.01,FALSE,4.58,508.58,12.4,41,58.54,27.11,-8.36
4,4,4,4,4,14,14,14,1.3,0.01,FALSE,4.56,478.35,11.67,41,58.54,25.53,-7.9
4,4,4,4,14,4,4,4,1.1,0.01,FALSE,4.09,555.88,10.29,54,55.56,24.53,-7.5
4,4,4,4,14,4,4,4,1.3,0.01,FALSE,4.09,519.44,9.62,54,55.56,22.92,-7.01
4,4,4,4,14,4,4,14,1.1,0.01,FALSE,3.85,709.43,8.87,80,61.25,19.55,-8.02
4,4,4,4,14,4,4,14,1.3,0.01,FALSE,3.84,664.79,8.31,80,61.25,18.34,-7.55
4,4,4,4,14,4,14,4,1.1,0.01,FALSE,5.1,700.11,12.5,56,62.5,24.88,-8.13
4,4,4,4,14,4,14,4,1.3,0.01,FALSE,5.07,655.64,11.71,56,62.5,23.33,-7.66
4,4,4,4,14,4,14,14,1.1,0.01,FALSE,6.67,714.61,14.89,48,66.67,26.27,-7.88
4,4,4,4,14,4,14,14,1.3,0.01,FALSE,6.66,672.61,14.01,48,66.67,24.74,-7.43
4,4,4,4,14,14,4,4,1.1,0.01,FALSE,4.04,464.61,10.32,45,55.56,24.7,-7.65
4,4,4,4,14,14,4,4,1.3,0.01,FALSE,4.05,436.69,9.7,45,55.56,23.19,-7.15
4,4,4,4,14,14,4,14,1.1,0.01,FALSE,3.49,553.14,8.78,63,60.32,20.41,-8.89
4,4,4,4,14,14,4,14,1.3,0.01,FALSE,3.48,520.41,8.26,63,60.32,19.22,-8.4
4,4,4,4,14,14,14,4,1.1,0.01,FALSE,4.98,587.28,11.99,49,65.31,22.96,-8.68
4,4,4,4,14,14,14,4,1.3,0.01,FALSE,4.96,552.96,11.28,49,65.31,21.64,-8.21
4,4,4,4,14,14,14,14,1.1,0.01,FALSE,7.35,550.8,17.21,32,65.62,30.36,-7.88
4,4,4,4,14,14,14,14,1.3,0.01,FALSE,7.41,521.91,16.31,32,65.62,28.73,-7.4
4,4,4,14,4,4,4,4,1.1,0.01,FALSE,3.54,421.37,7.8,54,55.56,19.59,-6.92
4,4,4,14,4,4,4,4,1.3,0.01,FALSE,3.54,394.91,7.31,54,55.56,18.35,-6.49
4,4,4,14,4,4,4,14,1.1,0.01,FALSE,4.35,636.26,8.84,72,59.72,19.21,-6.55
4,4,4,14,4,4,4,14,1.3,0.01,FALSE,4.35,598.9,8.32,72,59.72,18.09,-6.17
4,4,4,14,4,4,14,4,1.1,0.01,FALSE,5.81,610.31,11.52,53,64.15,21.68,-6.68
4,4,4,14,4,4,14,4,1.3,0.01,FALSE,5.81,574.47,10.84,53,64.15,20.41,-6.29
4,4,4,14,4,4,14,14,1.1,0.01,FALSE,5.95,535.54,13.06,41,63.41,24.76,-7.21
4,4,4,14,4,4,14,14,1.3,0.01,FALSE,5.94,505.92,12.34,41,63.41,23.39,-6.82
4,4,4,14,4,14,4,4,1.1,0.01,FALSE,3.47,442.16,9.61,46,50,27,-7.77
4,4,4,14,4,14,4,4,1.3,0.01,FALSE,3.47,416.2,9.05,46,50,25.41,-7.31
4,4,4,14,4,14,4,14,1.1,0.01,FALSE,2.95,477.59,7.7,62,54.84,21.23,-8.73
4,4,4,14,4,14,4,14,1.3,0.01,FALSE,2.95,450.91,7.27,62,54.84,20.06,-8.26
4,4,4,14,4,14,14,4,1.1,0.01,FALSE,3.86,512.79,10.26,50,56,24.71,-8.14
4,4,4,14,4,14,14,4,1.3,0.01,FALSE,3.85,484.05,9.68,50,56,23.35,-7.71
4,4,4,14,4,14,14,14,1.1,0.01,FALSE,4.86,457.5,14.76,31,54.84,33.88,-8.46
4,4,4,14,4,14,14,14,1.3,0.01,FALSE,4.85,433.62,13.99,31,54.84,32.14,-8.05
4,4,4,14,14,4,4,4,1.1,0.01,FALSE,3.85,513.82,10.7,48,52.08,27.77,-7.84
4,4,4,14,14,4,4,4,1.3,0.01,FALSE,3.85,483.65,10.08,48,52.08,26.14,-7.38
4,4,4,14,14,4,4,14,1.1,0.01,FALSE,3.7,684.61,9.13,75,58.67,21.33,-8.19
4,4,4,14,14,4,4,14,1.3,0.01,FALSE,3.69,646.5,8.62,75,58.67,20.15,-7.75
4,4,4,14,14,4,14,4,1.1,0.01,FALSE,4.93,679.73,13.33,51,58.82,28.43,-8.24
4,4,4,14,14,4,14,4,1.3,0.01,FALSE,4.92,641.7,12.58,51,58.82,26.85,-7.8
4,4,4,14,14,4,14,14,1.1,0.01,FALSE,6.97,674.34,17.29,39,64.1,31.49,-8.06
4,4,4,14,14,4,14,14,1.3,0.01,FALSE,6.96,639.21,16.39,39,64.1,29.86,-7.66
4,4,4,14,14,14,4,4,1.1,0.01,FALSE,3.98,424.84,11.48,37,51.35,29.86,-7.92
4,4,4,14,14,14,4,4,1.3,0.01,FALSE,3.99,401.59,10.85,37,51.35,28.22,-7.47
4,4,4,14,14,14,4,14,1.1,0.01,FALSE,3.37,512.42,9.15,56,57.14,22.76,-9
4,4,4,14,14,14,4,14,1.3,0.01,FALSE,3.37,485.67,8.67,56,57.14,21.59,-8.54
4,4,4,14,14,14,14,4,1.1,0.01,FALSE,4.94,549.51,13.4,41,60.98,27.56,-8.72
4,4,4,14,14,14,14,4,1.3,0.01,FALSE,4.93,520.62,12.7,41,60.98,26.13,-8.29
4,4,4,14,14,14,14,14,1.1,0.01,FALSE,8.48,499.15,21.7,23,60.87,40.42,-7.42
4,4,4,14,14,14,14,14,1.3,0.01,FALSE,8.5,475.24,20.66,23,60.87,38.47,-7.04
4,4,14,4,4,4,4,4,1.1,0.01,FALSE,4.99,641.74,9.72,66,63.64,19.11,-6.71
4,4,14,4,4,4,4,4,1.3,0.01,FALSE,4.99,602.19,9.12,66,63.64,17.93,-6.29
4,4,14,4,4,4,4,14,1.1,0.01,FALSE,4.5,825.22,9.6,86,62.79,19.65,-7.37
4,4,14,4,4,4,4,14,1.3,0.01,FALSE,4.5,776.77,9.03,86,62.79,18.5,-6.94
4,4,14,4,4,4,14,4,1.1,0.01,FALSE,6.3,798.47,11.92,67,70.15,20.19,-7.53
4,4,14,4,4,4,14,4,1.3,0.01,FALSE,6.3,751.58,11.22,67,70.15,19.01,-7.08
4,4,14,4,4,4,14,14,1.1,0.01,FALSE,5.57,701.2,12.09,58,65.52,22.49,-7.68
4,4,14,4,4,4,14,14,1.3,0.01,FALSE,5.56,661.86,11.41,58,65.52,21.24,-7.26
4,4,14,4,4,14,4,4,1.1,0.01,FALSE,4.56,613.63,10.58,58,58.62,23.12,-7.18
4,4,14,4,4,14,4,4,1.3,0.01,FALSE,4.56,577.6,9.96,58,58.62,21.76,-6.76
4,4,14,4,4,14,4,14,1.1,0.01,FALSE,2.98,576.56,7.69,75,57.33,20.17,-9.09
4,4,14,4,4,14,4,14,1.3,0.01,FALSE,2.98,544.06,7.25,75,57.33,19.05,-8.6
4,4,14,4,4,14,14,4,1.1,0.01,FALSE,4.11,645.8,10.09,64,62.5,21.34,-8.65
4,4,14,4,4,14,14,4,1.3,0.01,FALSE,4.1,609.25,9.52,64,62.5,20.14,-8.19
4,4,14,4,4,14,14,14,1.1,0.01,FALSE,4.45,571.48,11.91,48,58.33,26.32,-8.27
4,4,14,4,4,14,14,14,1.3,0.01,FALSE,4.45,540.91,11.27,48,58.33,24.92,-7.85
4,4,14,4,14,4,4,4,1.1,0.01,FALSE,4.9,733.76,11.83,62,61.29,24.26,-7.84
4,4,14,4,14,4,4,4,1.3,0.01,FALSE,4.9,690.67,11.14,62,61.29,22.84,-7.38
4,4,14,4,14,4,4,14,1.1,0.01,FALSE,3.93,844.34,9.82,86,61.63,21.37,-8.73
4,4,14,4,14,4,4,14,1.3,0.01,FALSE,3.92,796.85,9.27,86,61.63,20.18,-8.26
4,4,14,4,14,4,14,4,1.1,0.01,FALSE,5.3,868.22,13.15,66,65.15,24.88,-8.77
4,4,14,4,14,4,14,4,1.3,0.01,FALSE,5.29,819.12,12.41,66,65.15,23.49,-8.29
4,4,14,4,14,4,14,14,1.1,0.01,FALSE,6.9,886.25,15.02,59,67.8,25.91,-7.91
4,4,14,4,14,4,14,14,1.3,0.01,FALSE,6.89,838.68,14.21,59,67.8,24.53,-7.5
4,4,14,4,14,14,4,4,1.1,0.01,FALSE,5.97,650.22,13,50,64,24.41,-7.27
4,4,14,4,14,14,4,4,1.3,0.01,FALSE,5.98,614.1,12.28,50,64,23.05,-6.85
4,4,14,4,14,14,4,14,1.1,0.01,FALSE,3.48,650.68,9.3,70,60,21.74,-9.37
4,4,14,4,14,14,4,14,1.3,0.01,FALSE,3.47,615.8,8.8,70,60,20.59,-8.89
4,4,14,4,14,14,14,4,1.1,0.01,FALSE,5.37,734.53,12.89,57,68.42,23.14,-9.34
4,4,14,4,14,14,14,4,1.3,0.01,FALSE,5.36,695.18,12.2,57,68.42,21.91,-8.86
4,4,14,4,14,14,14,14,1.1,0.01,FALSE,7.11,672.25,16.4,41,65.85,28.97,-7.86
4,4,14,4,14,14,14,14,1.3,0.01,FALSE,7.14,638.85,15.58,41,65.85,27.52,-7.43
4,4,14,14,4,4,4,4,1.1,0.01,FALSE,3.68,476.51,9.34,51,56.86,22.55,-8.07
4,4,14,14,4,4,4,4,1.3,0.01,FALSE,3.69,449.41,8.81,51,56.86,21.27,-7.61
4,4,14,14,4,4,4,14,1.1,0.01,FALSE,4.97,747.81,11.16,67,62.69,22.28,-7.53
4,4,14,14,4,4,4,14,1.3,0.01,FALSE,4.98,708,10.57,67,62.69,21.09,-7.11
4,4,14,14,4,4,14,4,1.1,0.01,FALSE,6.51,681.93,13.92,49,67.35,24.41,-7.73
4,4,14,14,4,4,14,4,1.3,0.01,FALSE,6.53,645.78,13.18,49,67.35,23.11,-7.3
4,4,14,14,4,4,14,14,1.1,0.01,FALSE,6.31,577.1,15.6,37,64.86,28.58,-8.36
4,4,14,14,4,4,14,14,1.3,0.01,FALSE,6.31,547.91,14.81,37,64.86,27.13,-7.94
4,4,14,14,4,14,4,4,1.1,0.01,FALSE,3.69,547.65,11.41,48,52.08,30.06,-8.87
4,4,14,14,4,14,4,4,1.3,0.01,FALSE,3.69,518.74,10.81,48,52.08,28.47,-8.39
4,4,14,14,4,14,4,14,1.1,0.01,FALSE,3.44,631.55,10.19,62,58.06,24.72,-9.94
4,4,14,14,4,14,4,14,1.3,0.01,FALSE,3.44,599.6,9.67,62,58.06,23.47,-9.44
4,4,14,14,4,14,14,4,1.1,0.01,FALSE,4.46,670.46,12.89,52,59.62,27.87,-9.22
4,4,14,14,4,14,14,4,1.3,0.01,FALSE,4.46,636.55,12.24,52,59.62,26.46,-8.75
4,4,14,14,4,14,14,14,1.1,0.01,FALSE,5.42,589.23,17.86,33,57.58,38.03,-9.53
4,4,14,14,4,14,14,14,1.3,0.01,FALSE,5.41,560.71,16.99,33,57.58,36.2,-9.08
4,4,14,14,14,4,4,4,1.1,0.01,FALSE,4.25,666.07,13.59,49,55.1,32.26,-9.32
4,4,14,14,14,4,4,4,1.3,0.01,FALSE,4.25,630.62,12.87,49,55.1,30.55,-8.82
4,4,14,14,14,4,4,14,1.1,0.01,FALSE,4.13,846,11.43,74,60.81,24.81,-9.32
4,4,14,14,14,4,4,14,1.3,0.01,FALSE,4.13,803.21,10.85,74,60.81,23.55,-8.85
4,4,14,14,14,4,14,4,1.1,0.01,FALSE,5.46,842.66,16.2,52,61.54,32.24,-9.45
4,4,14,14,14,4,14,4,1.3,0.01,FALSE,5.46,800.03,15.39,52,61.54,30.61,-8.97
4,4,14,14,14,4,14,14,1.1,0.01,FALSE,7.36,821.17,20.03,41,65.85,35.2,-9.22
4,4,14,14,14,4,14,14,1.3,0.01,FALSE,7.35,781.56,19.06,41,65.85,33.5,-8.79
4,4,14,14,14,14,4,4,1.1,0.01,FALSE,4.31,545.47,13.99,39,56.41,32.29,-9.7
4,4,14,14,14,14,4,4,1.3,0.01,FALSE,4.31,517.87,13.28,39,56.41,30.65,-9.21
4,4,14,14,14,14,4,14,1.1,0.01,FALSE,3.84,652.49,11.65,56,60.71,25.95,-10.45
4,4,14,14,14,14,4,14,1.3,0.01,FALSE,3.83,620.92,11.09,56,60.71,24.71,-9.96
4,4,14,14,14,14,14,4,1.1,0.01,FALSE,5.39,675.78,15.72,43,65.12,29.63,-10.27
4,4,14,14,14,14,14,4,1.3,0.01,FALSE,5.38,643.23,14.96,43,65.12,28.21,-9.78
4,4,14,14,14,14,14,14,1.1,0.01,FALSE,8.79,606.59,25.27,24,66.67,42.78,-9.74
4,4,14,14,14,14,14,14,1.3,0.01,FALSE,8.8,579.4,24.14,24,66.67,40.85,-9.28
4,14,4,4,4,4,4,4,1.1,0.01,FALSE,3.53,435.12,8.06,54,59.26,18.97,-7.82
4,14,4,4,4,4,4,4,1.3,0.01,FALSE,3.54,408.97,7.57,54,59.26,17.82,-7.32
4,14,4,4,4,4,4,14,1.1,0.01,FALSE,4.89,690.7,9.87,70,65.71,18.88,-7.41
4,14,4,4,4,4,4,14,1.3,0.01,FALSE,4.89,650.14,9.29,70,65.71,17.77,-6.97
4,14,4,4,4,4,14,4,1.1,0.01,FALSE,6.46,633.68,11.32,56,69.64,19.22,-6.82
4,14,4,4,4,4,14,4,1.3,0.01,FALSE,6.46,596.47,10.65,56,69.64,18.09,-6.42
4,14,4,4,4,4,14,14,1.1,0.01,FALSE,5.42,517.02,12.31,42,69.05,21.86,-8.99
4,14,4,4,4,4,14,14,1.3,0.01,FALSE,5.4,487.37,11.6,42,69.05,20.62,-8.51
4,14,4,4,4,14,4,4,1.1,0.01,FALSE,3.42,454.35,9.09,50,54,23.79,-8.17
4,14,4,4,4,14,4,4,1.3,0.01,FALSE,3.42,427.67,8.55,50,54,22.39,-7.69
4,14,4,4,4,14,4,14,1.1,0.01,FALSE,3.71,633.17,9.59,66,62.12,21.13,-9.33
4,14,4,4,4,14,4,14,1.3,0.01,FALSE,3.7,596.8,9.04,66,62.12,19.94,-8.83
4,14,4,4,4,14,14,4,1.1,0.01,FALSE,4.07,560.98,9.67,58,60.34,21.26,-7.96
4,14,4,4,4,14,14,4,1.3,0.01,FALSE,4.05,528.12,9.11,58,60.34,20.04,-7.53
4,14,4,4,4,14,14,14,1.1,0.01,FALSE,4.74,476.95,12.89,37,62.16,26.28,-9.11
4,14,4,4,4,14,14,14,1.3,0.01,FALSE,4.7,449.25,12.14,37,62.16,24.81,-8.66
4,14,4,4,14,4,4,4,1.1,0.01,FALSE,5.4,702.91,14.35,49,63.27,27.82,-8.87
4,14,4,4,14,4,4,4,1.3,0.01,FALSE,5.4,661.64,13.5,49,63.27,26.19,-8.35
4,14,4,4,14,4,4,14,1.1,0.01,FALSE,4.87,906.06,11.77,77,66.23,22.36,-9
4,14,4,4,14,4,4,14,1.3,0.01,FALSE,4.86,854.93,11.1,77,66.23,21.11,-8.52
4,14,4,4,14,4,14,4,1.1,0.01,FALSE,6.95,879.89,15.44,57,68.42,26.35,-8.22
4,14,4,4,14,4,14,4,1.3,0.01,FALSE,6.93,830,14.56,57,68.42,24.87,-7.78
4,14,4,4,14,4,14,14,1.1,0.01,FALSE,10.71,868.26,20.19,43,76.74,29.02,-8.94
4,14,4,4,14,4,14,14,1.3,0.01,FALSE,10.69,821.44,19.1,43,76.74,27.46,-8.48
4,14,4,4,14,14,4,4,1.1,0.01,FALSE,3.97,423.4,10.86,39,58.97,24.62,-8.92
4,14,4,4,14,14,4,4,1.3,0.01,FALSE,3.96,398.97,10.23,39,58.97,23.2,-8.41
4,14,4,4,14,14,4,14,1.1,0.01,FALSE,4.32,657.98,11.15,59,66.1,21.95,-9.9
4,14,4,4,14,14,4,14,1.3,0.01,FALSE,4.31,621.68,10.54,59,66.1,20.76,-9.4
4,14,4,4,14,14,14,4,1.1,0.01,FALSE,4.91,540.46,11.26,48,66.67,21.21,-8.64
4,14,4,4,14,14,14,4,1.3,0.01,FALSE,4.88,509.63,10.62,48,66.67,20.03,-8.22
4,14,4,4,14,14,14,14,1.1,0.01,FALSE,8.14,460.44,17.71,26,73.08,27.63,-9.21
4,14,4,4,14,14,14,14,1.3,0.01,FALSE,8.12,435,16.73,26,73.08,26.11,-8.72
4,14,4,14,4,4,4,4,1.1,0.01,FALSE,3.53,483.76,8.64,56,58.93,20.46,-8.32
4,14,4,14,4,4,4,4,1.3,0.01,FALSE,3.54,458.02,8.18,56,58.93,19.35,-7.84
4,14,4,14,4,4,4,14,1.1,0.01,FALSE,4.15,671.3,9.45,71,61.97,20.09,-7.88
4,14,4,14,4,4,4,14,1.3,0.01,FALSE,4.16,636.23,8.96,71,61.97,19.03,-7.45
4,14,4,14,4,4,14,4,1.1,0.01,FALSE,5.18,636.95,11.17,57,63.16,21.92,-7.25
4,14,4,14,4,4,14,4,1.3,0.01,FALSE,5.2,603.97,10.6,57,63.16,20.77,-6.85
4,14,4,14,4,4,14,14,1.1,0.01,FALSE,5.96,612.21,13.91,44,68.18,24.52,-8.81
4,14,4,14,4,4,14,14,1.3,0.01,FALSE,5.96,581.24,13.21,44,68.18,23.28,-8.36
4,14,4,14,4,14,4,4,1.1,0.01,FALSE,3.49,492.39,10.48,47,53.19,27.61,-8.99
4,14,4,14,4,14,4,4,1.3,0.01,FALSE,3.49,467.13,9.94,47,53.19,26.17,-8.51
4,14,4,14,4,14,4,14,1.1,0.01,FALSE,3.07,543.19,8.9,61,57.38,23.03,-10.11
4,14,4,14,4,14,4,14,1.3,0.01,FALSE,3.07,515.72,8.45,61,57.38,21.86,-9.59
4,14,4,14,4,14,14,4,1.1,0.01,FALSE,3.96,526.8,10.98,48,58.33,25.18,-8.91
4,14,4,14,4,14,14,4,1.3,0.01,FALSE,3.96,500.15,10.42,48,58.33,23.91,-8.46
4,14,4,14,4,14,14,14,1.1,0.01,FALSE,5.04,507.88,15.39,33,60.61,31.67,-9.66
4,14,4,14,4,14,14,14,1.3,0.01,FALSE,5.03,482.63,14.63,33,60.61,30.12,-9.21
4,14,4,14,14,4,4,4,1.1,0.01,FALSE,4.61,685.81,14,49,59.18,30.21,-9.51
4,14,4,14,14,4,4,4,1.3,0.01,FALSE,4.6,649.25,13.25,49,59.18,28.6,-9.01
4,14,4,14,14,4,4,14,1.1,0.01,FALSE,3.89,825.2,10.86,76,60.53,24.14,-9.51
4,14,4,14,14,4,4,14,1.3,0.01,FALSE,3.89,783.45,10.31,76,60.53,22.92,-9.03
4,14,4,14,14,4,14,4,1.1,0.01,FALSE,5.64,837.18,15.5,54,61.11,30.84,-8.59
4,14,4,14,14,4,14,4,1.3,0.01,FALSE,5.64,794.83,14.72,54,61.11,29.28,-8.16
4,14,4,14,14,4,14,14,1.1,0.01,FALSE,9.46,901.82,22,41,73.17,33.61,-9.69
4,14,4,14,14,4,14,14,1.3,0.01,FALSE,9.46,858.26,20.93,41,73.17,31.99,-9.22
4,14,4,14,14,14,4,4,1.1,0.01,FALSE,3.95,473.89,12.15,39,56.41,28.85,-9.46
4,14,4,14,14,14,4,4,1.3,0.01,FALSE,3.95,449.92,11.54,39,56.41,27.39,-8.98
4,14,4,14,14,14,4,14,1.1,0.01,FALSE,3.54,592.51,10.58,56,60.71,24.29,-10.61
4,14,4,14,14,14,4,14,1.3,0.01,FALSE,3.53,563.55,10.06,56,60.71,23.12,-10.11
4,14,4,14,14,14,14,4,1.1,0.01,FALSE,4.51,556.99,12.38,45,60,26.5,-8.81
4,14,4,14,14,14,14,4,1.3,0.01,FALSE,4.5,529.43,11.77,45,60,25.2,-8.39
4,14,4,14,14,14,14,14,1.1,0.01,FALSE,8.61,555.8,21.38,26,69.23,34.94,-9.13
4,14,4,14,14,14,14,14,1.3,0.01,FALSE,8.6,529.1,20.35,26,69.23,33.26,-8.7
4,14,14,4,4,4,4,4,1.1,0.01,FALSE,3.63,550.26,8.47,65,61.54,18.99,-8.38
4,14,14,4,4,4,4,4,1.3,0.01,FALSE,3.64,521.71,8.03,65,61.54,17.99,-7.91
4,14,14,4,4,4,4,14,1.1,0.01,FALSE,3.69,723.5,8.82,82,60.98,19.86,-8.42
4,14,14,4,4,4,4,14,1.3,0.01,FALSE,3.69,686.18,8.37,82,60.98,18.82,-7.96
4,14,14,4,4,4,14,4,1.1,0.01,FALSE,4.6,686.28,10.09,68,66.18,19.49,-8.29
4,14,14,4,4,4,14,4,1.3,0.01,FALSE,4.61,651.04,9.57,68,66.18,18.48,-7.84
4,14,14,4,4,4,14,14,1.1,0.01,FALSE,3.94,567.98,9.96,57,64.91,20.58,-9.67
4,14,14,4,4,4,14,14,1.3,0.01,FALSE,3.94,539.25,9.46,57,64.91,19.54,-9.18
4,14,14,4,4,14,4,4,1.1,0.01,FALSE,3.23,471.73,8.42,56,55.36,22.05,-8.48
4,14,14,4,4,14,4,4,1.3,0.01,FALSE,3.23,447.98,8,56,55.36,20.93,-8.03
4,14,14,4,4,14,4,14,1.1,0.01,FALSE,2.57,495.25,6.88,72,55.56,20.29,-9.88
4,14,14,4,4,14,4,14,1.3,0.01,FALSE,2.57,470.2,6.53,72,55.56,19.26,-9.38
4,14,14,4,4,14,14,4,1.1,0.01,FALSE,2.82,450.84,7.04,64,56.25,19.4,-8.84
4,14,14,4,4,14,14,4,1.3,0.01,FALSE,2.82,428.04,6.69,64,56.25,18.42,-8.39
4,14,14,4,4,14,14,14,1.1,0.01,FALSE,2.9,366.63,7.97,46,56.52,21.53,-9.65
4,14,14,4,4,14,14,14,1.3,0.01,FALSE,2.89,347.93,7.56,46,56.52,20.45,-9.19
4,14,14,4,14,4,4,4,1.1,0.01,FALSE,4.41,728.43,12.35,59,62.71,25.46,-9.71
4,14,14,4,14,4,4,4,1.3,0.01,FALSE,4.41,690.23,11.7,59,62.71,24.12,-9.2
4,14,14,4,14,4,4,14,1.1,0.01,FALSE,3.7,855.72,10.31,83,61.45,22.98,-9.89
4,14,14,4,14,4,4,14,1.3,0.01,FALSE,3.7,812.43,9.79,83,61.45,21.82,-9.39
4,14,14,4,14,4,14,4,1.1,0.01,FALSE,4.8,849.84,12.88,66,63.64,25.56,-9.33
4,14,14,4,14,4,14,4,1.3,0.01,FALSE,4.8,806.85,12.23,66,63.64,24.27,-8.86
4,14,14,4,14,4,14,14,1.1,0.01,FALSE,6.4,843.02,15.91,53,69.81,27,-9.75
4,14,14,4,14,4,14,14,1.3,0.01,FALSE,6.4,801.89,15.13,53,69.81,25.69,-9.28
4,14,14,4,14,14,4,4,1.1,0.01,FALSE,3.75,453.03,9.85,46,60.87,22.06,-9.14
4,14,14,4,14,14,4,4,1.3,0.01,FALSE,3.75,430.11,9.35,46,60.87,20.94,-8.68
4,14,14,4,14,14,4,14,1.1,0.01,FALSE,3.1,590.63,8.82,67,59.7,21.79,-10.41
4,14,14,4,14,14,4,14,1.3,0.01,FALSE,3.1,561.49,8.38,67,59.7,20.73,-9.91
4,14,14,4,14,14,14,4,1.1,0.01,FALSE,3.45,495.48,8.85,56,62.5,19.93,-9.62
4,14,14,4,14,14,14,4,1.3,0.01,FALSE,3.45,470.53,8.4,56,62.5,18.94,-9.16
4,14,14,4,14,14,14,14,1.1,0.01,FALSE,4.19,414.45,11.2,37,64.86,22.69,-10
4,14,14,4,14,14,14,14,1.3,0.01,FALSE,4.19,393.84,10.64,37,64.86,21.56,-9.51
4,14,14,14,4,4,4,4,1.1,0.01,FALSE,3.7,503.64,10.07,50,60,23.01,-9.33
4,14,14,14,4,4,4,4,1.3,0.01,FALSE,3.72,479.91,9.6,50,60,21.88,-8.83
4,14,14,14,4,4,4,14,1.1,0.01,FALSE,5.16,770.87,12.04,64,64.06,23.32,-8.05
4,14,14,14,4,4,4,14,1.3,0.01,FALSE,5.2,734.88,11.48,64,64.06,22.19,-7.61
4,14,14,14,4,4,14,4,1.1,0.01,FALSE,6.13,685.14,13.43,51,66.67,24.08,-7.86
4,14,14,14,4,4,14,4,1.3,0.01,FALSE,6.16,653.3,12.81,51,66.67,22.94,-7.44
4,14,14,14,4,4,14,14,1.1,0.01,FALSE,6.42,574.95,16.43,35,71.43,27.24,-10.62
4,14,14,14,4,4,14,14,1.3,0.01,FALSE,6.44,548.88,15.68,35,71.43,25.99,-10.09
4,14,14,14,4,14,4,4,1.1,0.01,FALSE,3.64,544.24,11.83,46,54.35,30.01,-9.81
4,14,14,14,4,14,4,4,1.3,0.01,FALSE,3.66,519.99,11.3,46,54.35,28.63,-9.32
4,14,14,14,4,14,4,14,1.1,0.01,FALSE,3.82,702.36,11.71,60,60,26.43,-10.39
4,14,14,14,4,14,4,14,1.3,0.01,FALSE,3.83,670.55,11.18,60,60,25.22,-9.88
4,14,14,14,4,14,14,4,1.1,0.01,FALSE,4,617.42,11.65,53,56.6,27.44,-8.94
4,14,14,14,4,14,14,4,1.3,0.01,FALSE,4.01,589.93,11.13,53,56.6,26.19,-8.51
4,14,14,14,4,14,14,14,1.1,0.01,FALSE,5.51,542.75,18.09,30,63.33,34.9,-10.94
4,14,14,14,4,14,14,14,1.3,0.01,FALSE,5.51,518.65,17.29,30,63.33,33.35,-10.46
4,14,14,14,14,4,4,4,1.1,0.01,FALSE,5.13,795.53,17.29,46,63.04,34.07,-11.33
4,14,14,14,14,4,4,4,1.3,0.01,FALSE,5.13,757.34,16.46,46,63.04,32.44,-10.78
4,14,14,14,14,4,4,14,1.1,0.01,FALSE,4.75,998.33,13.87,72,63.89,27.49,-10.24
4,14,14,14,14,4,4,14,1.3,0.01,FALSE,4.76,952.42,13.23,72,63.89,26.21,-9.74
4,14,14,14,14,4,14,4,1.1,0.01,FALSE,6.24,956.68,18.05,53,64.15,33.51,-9.61
4,14,14,14,14,4,14,4,1.3,0.01,FALSE,6.25,912.84,17.22,53,64.15,31.96,-9.15
4,14,14,14,14,4,14,14,1.1,0.01,FALSE,11,958.23,25.9,37,78.38,36.34,-11.97
4,14,14,14,14,4,14,14,1.3,0.01,FALSE,11,915.67,24.75,37,78.38,34.73,-11.44
4,14,14,14,14,14,4,4,1.1,0.01,FALSE,4.04,488.43,13.96,35,60,30.92,-11.49
4,14,14,14,14,14,4,4,1.3,0.01,FALSE,4.04,466.41,13.33,35,60,29.52,-10.96
4,14,14,14,14,14,4,14,1.1,0.01,FALSE,4.34,714.77,13.49,53,64.15,27.32,-11.26
4,14,14,14,14,14,4,14,1.3,0.01,FALSE,4.34,683.03,12.89,53,64.15,26.1,-10.76
4,14,14,14,14,14,14,4,1.1,0.01,FALSE,4.6,573.66,13.34,43,62.79,27.15,-9.96
4,14,14,14,14,14,14,4,1.3,0.01,FALSE,4.6,548.18,12.75,43,62.79,25.94,-9.52
4,14,14,14,14,14,14,14,1.1,0.01,FALSE,9.76,501.38,26.39,19,78.95,37.24,-14.32
4,14,14,14,14,14,14,14,1.3,0.01,FALSE,9.75,479.52,25.24,19,78.95,35.62,-13.7
14,4,4,4,4,4,4,4,1.1,0.01,FALSE,2.97,402.73,6.94,58,56.9,18.39,-8.16
14,4,4,4,4,4,4,4,1.3,0.01,FALSE,2.98,378.52,6.53,58,56.9,17.26,-7.65
14,4,4,4,4,4,4,14,1.1,0.01,FALSE,4.7,751.4,9.89,76,64.47,19.48,-7.52
14,4,4,4,4,4,4,14,1.3,0.01,FALSE,4.7,707.28,9.31,76,64.47,18.33,-7.08
14,4,4,4,4,4,14,4,1.1,0.01,FALSE,6.35,690.59,11.91,58,67.24,21.01,-6.79
14,4,4,4,4,4,14,4,1.3,0.01,FALSE,6.35,650.04,11.21,58,67.24,19.78,-6.39
14,4,4,4,4,4,14,14,1.1,0.01,FALSE,5.48,595.06,12.66,47,65.96,23.48,-8.3
14,4,4,4,4,4,14,14,1.3,0.01,FALSE,5.47,561.58,11.95,47,65.96,22.17,-7.85
14,4,4,4,4,14,4,4,1.1,0.01,FALSE,3.05,445.6,8.41,53,50.94,24.57,-8.38
14,4,4,4,4,14,4,4,1.3,0.01,FALSE,3.05,419.44,7.91,53,50.94,23.13,-7.89
14,4,4,4,4,14,4,14,1.1,0.01,FALSE,3.71,700.01,9.86,71,60.56,22.29,-9.23
14,4,4,4,4,14,4,14,1.3,0.01,FALSE,3.7,660.45,9.3,71,60.56,21.05,-8.73
14,4,4,4,4,14,14,4,1.1,0.01,FALSE,4.41,667.72,10.95,61,59.02,23.99,-7.84
14,4,4,4,4,14,14,4,1.3,0.01,FALSE,4.39,629.58,10.32,61,59.02,22.64,-7.42
14,4,4,4,4,14,14,14,1.1,0.01,FALSE,5.27,600.49,15.01,40,60,30.88,-8.79
14,4,4,4,4,14,14,14,1.3,0.01,FALSE,5.25,567.52,14.19,40,60,29.21,-8.34
14,4,4,4,14,4,4,4,1.1,0.01,FALSE,4.52,625.25,12.26,51,60.78,25.91,-8.89
14,4,4,4,14,4,4,4,1.3,0.01,FALSE,4.52,588.54,11.54,51,60.78,24.39,-8.37
14,4,4,4,14,4,4,14,1.1,0.01,FALSE,4.25,848.98,10.35,82,63.41,21.35,-8.71
14,4,4,4,14,4,4,14,1.3,0.01,FALSE,4.24,800.92,9.77,82,63.41,20.16,-8.24
14,4,4,4,14,4,14,4,1.1,0.01,FALSE,6.02,817.31,14.09,58,63.79,26.49,-7.76
14,4,4,4,14,4,14,4,1.3,0.01,FALSE,6,770.72,13.29,58,63.79,25,-7.34
14,4,4,4,14,4,14,14,1.1,0.01,FALSE,8.97,815.87,18.13,45,73.33,27.83,-8.53
14,4,4,4,14,4,14,14,1.3,0.01,FALSE,8.95,771.59,17.15,45,73.33,26.32,-8.08
14,4,4,4,14,14,4,4,1.1,0.01,FALSE,3.45,427.51,9.72,44,56.82,24.09,-9.19
14,4,4,4,14,14,4,4,1.3,0.01,FALSE,3.45,403.11,9.16,44,56.82,22.71,-8.67
14,4,4,4,14,14,4,14,1.1,0.01,FALSE,4.34,744.94,11.46,65,64.62,23.05,-9.7
14,4,4,4,14,14,4,14,1.3,0.01,FALSE,4.33,705.1,10.85,65,64.62,21.83,-9.21
14,4,4,4,14,14,14,4,1.1,0.01,FALSE,5.38,663.31,13.01,51,64.71,24.68,-8.4
14,4,4,4,14,14,14,4,1.3,0.01,FALSE,5.37,627.24,12.3,51,64.71,23.36,-7.98
14,4,4,4,14,14,14,14,1.1,0.01,FALSE,8.54,612.21,19.13,32,68.75,31.52,-8.12
14,4,4,4,14,14,14,14,1.3,0.01,FALSE,8.56,581.05,18.16,32,68.75,29.9,-7.68
14,4,4,14,4,4,4,4,1.1,0.01,FALSE,2.79,384.3,7.12,54,53.7,20.64,-8.57
14,4,4,14,4,4,4,4,1.3,0.01,FALSE,2.8,362.92,6.72,54,53.7,19.48,-8.08
14,4,4,14,4,4,4,14,1.1,0.01,FALSE,3.79,636.78,9.1,70,58.57,21.11,-7.88
14,4,4,14,4,4,4,14,1.3,0.01,FALSE,3.79,602.66,8.61,70,58.57,19.97,-7.45
14,4,4,14,4,4,14,4,1.1,0.01,FALSE,4.99,625.38,11.58,54,61.11,23.7,-7.46
14,4,4,14,4,4,14,4,1.3,0.01,FALSE,5,592.08,10.96,54,61.11,22.43,-7.05
14,4,4,14,4,4,14,14,1.1,0.01,FALSE,5.21,610.64,13.88,44,63.64,26.99,-9.07
14,4,4,14,4,4,14,14,1.3,0.01,FALSE,5.21,579.75,13.18,44,63.64,25.62,-8.61
14,4,4,14,4,14,4,4,1.1,0.01,FALSE,2.98,414.19,9.41,44,47.73,29.7,-9.11
14,4,4,14,4,14,4,4,1.3,0.01,FALSE,2.98,392.44,8.92,44,47.73,28.13,-8.62
14,4,4,14,4,14,4,14,1.1,0.01,FALSE,3.5,655.87,10.58,62,56.45,26.24,-9.73
14,4,4,14,4,14,4,14,1.3,0.01,FALSE,3.5,622.69,10.04,62,56.45,24.91,-9.23
14,4,4,14,4,14,14,4,1.1,0.01,FALSE,3.88,571.19,11.66,49,53.06,29.6,-8.63
14,4,4,14,4,14,14,4,1.3,0.01,FALSE,3.88,542.3,11.07,49,53.06,28.1,-8.19
14,4,4,14,4,14,14,14,1.1,0.01,FALSE,5.68,599.05,18.72,32,59.38,38.27,-9.85
14,4,4,14,4,14,14,14,1.3,0.01,FALSE,5.67,570.05,17.81,32,59.38,36.42,-9.38
14,4,4,14,14,4,4,4,1.1,0.01,FALSE,4.01,567.23,12.61,45,55.56,30.22,-9.42
14,4,4,14,14,4,4,4,1.3,0.01,FALSE,4.01,536.66,11.93,45,55.56,28.6,-8.92
14,4,4,14,14,4,4,14,1.1,0.01,FALSE,3.38,694.39,9.38,74,56.76,23.49,-9.13
14,4,4,14,14,4,4,14,1.3,0.01,FALSE,3.38,659.26,8.91,74,56.76,22.3,-8.67
14,4,4,14,14,4,14,4,1.1,0.01,FALSE,4.76,714.14,14,51,56.86,31.17,-8.63
14,4,4,14,14,4,14,4,1.3,0.01,FALSE,4.76,678.01,13.29,51,56.86,29.6,-8.19
14,4,4,14,14,4,14,14,1.1,0.01,FALSE,7.82,790.76,20.28,39,69.23,33.58,-9.66
14,4,4,14,14,4,14,14,1.3,0.01,FALSE,7.82,752.82,19.3,39,69.23,31.97,-9.2
14,4,4,14,14,14,4,4,1.1,0.01,FALSE,3.33,406.95,11,37,51.35,30.62,-9.71
14,4,4,14,14,14,4,4,1.3,0.01,FALSE,3.33,386.36,10.44,37,51.35,29.07,-9.22
14,4,4,14,14,14,4,14,1.1,0.01,FALSE,3.53,608.18,10.86,56,57.14,26.52,-10.01
14,4,4,14,14,14,4,14,1.3,0.01,FALSE,3.53,579.33,10.35,56,57.14,25.26,-9.54
14,4,4,14,14,14,14,4,1.1,0.01,FALSE,4.46,580.43,13.19,44,56.82,29.93,-8.84
14,4,4,14,14,14,14,4,1.3,0.01,FALSE,4.45,552.59,12.56,44,56.82,28.5,-8.42
14,4,4,14,14,14,14,14,1.1,0.01,FALSE,8.38,608.86,23.42,26,65.38,40.67,-9.17
14,4,4,14,14,14,14,14,1.3,0.01,FALSE,8.4,581.28,22.36,26,65.38,38.81,-8.73
14,4,14,4,4,4,4,4,1.1,0.01,FALSE,3.88,629.18,9.68,65,61.54,21.19,-8.74
14,4,14,4,4,4,4,4,1.3,0.01,FALSE,3.9,596.39,9.18,65,61.54,20.06,-8.24
14,4,14,4,4,4,4,14,1.1,0.01,FALSE,4.22,875.19,10.42,84,61.9,22.06,-8.49
14,4,14,4,4,4,4,14,1.3,0.01,FALSE,4.23,829.52,9.88,84,61.9,20.89,-8.03
14,4,14,4,4,4,14,4,1.1,0.01,FALSE,5.46,798.5,12.1,66,66.67,22.21,-8.13
14,4,14,4,4,4,14,4,1.3,0.01,FALSE,5.47,756.99,11.47,66,66.67,21.05,-7.69
14,4,14,4,4,4,14,14,1.1,0.01,FALSE,4.98,750.28,12.5,60,65,24.08,-8.98
14,4,14,4,4,4,14,14,1.3,0.01,FALSE,4.98,712.33,11.87,60,65,22.86,-8.53
14,4,14,4,4,14,4,4,1.1,0.01,FALSE,3.68,581.45,10.57,55,54.55,26.62,-8.69
14,4,14,4,4,14,4,4,1.3,0.01,FALSE,3.68,551.85,10.03,55,54.55,25.25,-8.22
14,4,14,4,4,14,4,14,1.1,0.01,FALSE,3.22,707.55,9.56,74,56.76,24.43,-9.96
14,4,14,4,4,14,4,14,1.3,0.01,FALSE,3.22,671.76,9.08,74,56.76,23.2,-9.45
14,4,14,4,4,14,14,4,1.1,0.01,FALSE,3.83,667.35,10.43,64,57.81,24.41,-8.73
14,4,14,4,4,14,14,4,1.3,0.01,FALSE,3.83,633.59,9.9,64,57.81,23.17,-8.29
14,4,14,4,4,14,14,14,1.1,0.01,FALSE,4.5,648.89,13.52,48,58.33,29.8,-9.27
14,4,14,4,4,14,14,14,1.3,0.01,FALSE,4.49,616.77,12.85,48,58.33,28.33,-8.83
14,4,14,4,14,4,4,4,1.1,0.01,FALSE,4.73,770.07,13.51,57,63.16,27.12,-9.82
14,4,14,4,14,4,4,4,1.3,0.01,FALSE,4.73,730,12.81,57,63.16,25.71,-9.31
14,4,14,4,14,4,4,14,1.1,0.01,FALSE,3.77,889.67,10.59,84,60.71,23.74,-9.73
14,4,14,4,14,4,4,14,1.3,0.01,FALSE,3.77,844.66,10.06,84,60.71,22.54,-9.23
14,4,14,4,14,4,14,4,1.1,0.01,FALSE,4.94,842.6,13.37,63,61.9,27.1,-8.92
14,4,14,4,14,4,14,4,1.3,0.01,FALSE,4.94,799.98,12.7,63,61.9,25.72,-8.47
14,4,14,4,14,4,14,14,1.1,0.01,FALSE,7.03,894.92,16.89,53,69.81,28.2,-9.27
14,4,14,4,14,4,14,14,1.3,0.01,FALSE,7.03,850.93,16.06,53,69.81,26.81,-8.82
14,4,14,4,14,14,4,4,1.1,0.01,FALSE,4.23,574.68,12.23,47,61.7,25.96,-9.9
14,4,14,4,14,14,4,4,1.3,0.01,FALSE,4.23,545.61,11.61,47,61.7,24.65,-9.4
14,4,14,4,14,14,4,14,1.1,0.01,FALSE,3.71,768.65,11.14,69,60.87,25.05,-10.5
14,4,14,4,14,14,4,14,1.3,0.01,FALSE,3.71,731.17,10.6,69,60.87,23.83,-9.99
14,4,14,4,14,14,14,4,1.1,0.01,FALSE,4.54,673.7,12.25,55,63.64,24.68,-9.51
14,4,14,4,14,14,14,4,1.3,0.01,FALSE,4.54,640.58,11.65,55,63.64,23.48,-9.05
14,4,14,4,14,14,14,14,1.1,0.01,FALSE,6.32,670.56,16.36,41,65.85,29.5,-9
14,4,14,4,14,14,14,14,1.3,0.01,FALSE,6.33,638.83,15.58,41,65.85,28.1,-8.57
14,4,14,14,4,4,4,4,1.1,0.01,FALSE,3.41,524.2,9.71,54,57.41,23.94,-9.47
14,4,14,14,4,4,4,4,1.3,0.01,FALSE,3.42,499.64,9.25,54,57.41,22.77,-8.97
14,4,14,14,4,4,4,14,1.1,0.01,FALSE,4.86,844.63,12.42,68,61.76,25.32,-8.42
14,4,14,14,4,4,4,14,1.3,0.01,FALSE,4.88,804.17,11.83,68,61.76,24.08,-7.97
14,4,14,14,4,4,14,4,1.1,0.01,FALSE,6.14,775.96,14.92,52,63.46,28.09,-7.95
14,4,14,14,4,4,14,4,1.3,0.01,FALSE,6.16,739.06,14.21,52,63.46,26.74,-7.54
14,4,14,14,4,4,14,14,1.1,0.01,FALSE,5.91,687.11,16.36,42,64.29,30.63,-9.32
14,4,14,14,4,4,14,14,1.3,0.01,FALSE,5.92,655.49,15.61,42,64.29,29.21,-8.87
14,4,14,14,4,14,4,4,1.1,0.01,FALSE,3.51,589.07,12.02,49,51.02,32.94,-9.77
14,4,14,14,4,14,4,4,1.3,0.01,FALSE,3.52,562.57,11.48,49,51.02,31.42,-9.29
14,4,14,14,4,14,4,14,1.1,0.01,FALSE,3.98,842.72,13.17,64,57.81,30.42,-10.48
14,4,14,14,4,14,4,14,1.3,0.01,FALSE,3.99,804.13,12.56,64,57.81,29.01,-9.98
14,4,14,14,4,14,14,4,1.1,0.01,FALSE,4.4,758.06,13.78,55,54.55,32.71,-8.93
14,4,14,14,4,14,14,4,1.3,0.01,FALSE,4.41,723.58,13.16,55,54.55,31.2,-8.5
14,4,14,14,4,14,14,14,1.1,0.01,FALSE,5.63,700.42,20.01,35,57.14,42.58,-10.07
14,4,14,14,4,14,14,14,1.3,0.01,FALSE,5.63,669.31,19.12,35,57.14,40.69,-9.63
14,4,14,14,14,4,4,4,1.1,0.01,FALSE,4.77,775.14,16.15,48,60.42,33.82,-10.83
14,4,14,14,14,4,4,4,1.3,0.01,FALSE,4.77,738.75,15.39,48,60.42,32.23,-10.31
14,4,14,14,14,4,4,14,1.1,0.01,FALSE,4.16,954.31,12.72,75,60,27.91,-10.06
14,4,14,14,14,4,4,14,1.3,0.01,FALSE,4.17,910.57,12.14,75,60,26.62,-9.58
14,4,14,14,14,4,14,4,1.1,0.01,FALSE,5.59,928.01,17.51,53,58.49,36.46,-9.19
14,4,14,14,14,4,14,4,1.3,0.01,FALSE,5.6,885.74,16.71,53,58.49,34.78,-8.75
14,4,14,14,14,4,14,14,1.1,0.01,FALSE,8.43,939.96,22.93,41,70.73,36.78,-10.54
14,4,14,14,14,4,14,14,1.3,0.01,FALSE,8.43,898.21,21.91,41,70.73,35.14,-10.08
14,4,14,14,14,14,4,4,1.1,0.01,FALSE,3.84,545.49,13.64,40,57.5,32.07,-11.3
14,4,14,14,14,14,4,4,1.3,0.01,FALSE,3.84,520.73,13.02,40,57.5,30.61,-10.79
14,4,14,14,14,14,4,14,1.1,0.01,FALSE,4.29,814.79,14.29,57,61.4,30.35,-11.25
14,4,14,14,14,14,4,14,1.3,0.01,FALSE,4.29,778.6,13.66,57,61.4,29.01,-10.75
14,4,14,14,14,14,14,4,1.1,0.01,FALSE,5.13,730.41,16.23,45,60,33.6,-9.83
14,4,14,14,14,14,14,4,1.3,0.01,FALSE,5.13,697.97,15.51,45,60,32.11,-9.39
14,4,14,14,14,14,14,14,1.1,0.01,FALSE,8.49,687.28,25.45,27,66.67,43.28,-10.19
14,4,14,14,14,14,14,14,1.3,0.01,FALSE,8.5,657.97,24.37,27,66.67,41.43,-9.75
14,14,4,4,4,4,4,4,1.1,0.01,FALSE,2.93,367.21,7.2,51,56.86,19.23,-8.65
14,14,4,4,4,4,4,4,1.3,0.01,FALSE,2.94,347.04,6.8,51,56.86,18.15,-8.15
14,14,4,4,4,4,4,14,1.1,0.01,FALSE,4.17,629.08,9.39,67,62.69,19.7,-7.94
14,14,4,4,4,4,4,14,1.3,0.01,FALSE,4.18,595.98,8.9,67,62.69,18.65,-7.49
14,14,4,4,4,4,14,4,1.1,0.01,FALSE,6.06,611.4,11.32,54,68.52,19.79,-7.1
14,14,4,4,4,4,14,4,1.3,0.01,FALSE,6.08,579.39,10.73,54,68.52,18.74,-6.71
14,14,4,4,4,4,14,14,1.1,0.01,FALSE,4.74,467.69,11.99,39,66.67,22.79,-9.61
14,14,4,4,4,4,14,14,1.3,0.01,FALSE,4.74,444.03,11.39,39,66.67,21.64,-9.12
14,14,4,4,4,14,4,4,1.1,0.01,FALSE,3.18,440.82,9.38,47,53.19,25.73,-9.2
14,14,4,4,4,14,4,4,1.3,0.01,FALSE,3.18,417.89,8.89,47,53.19,24.38,-8.71
14,14,4,4,4,14,4,14,1.1,0.01,FALSE,3.3,577.92,9.32,62,59.68,22.42,-10.07
14,14,4,4,4,14,4,14,1.3,0.01,FALSE,3.3,548.69,8.85,62,59.68,21.29,-9.56
14,14,4,4,4,14,14,4,1.1,0.01,FALSE,4.21,590.96,10.55,56,60.71,22.79,-8.36
14,14,4,4,4,14,14,4,1.3,0.01,FALSE,4.21,561.06,10.02,56,60.71,21.63,-7.93
14,14,4,4,4,14,14,14,1.1,0.01,FALSE,4.75,487.4,14.34,34,61.76,29.4,-10
14,14,4,4,4,14,14,14,1.3,0.01,FALSE,4.74,463.47,13.63,34,61.76,27.97,-9.53
14,14,4,4,14,4,4,4,1.1,0.01,FALSE,5.01,698,15.17,46,63.04,30.08,-10.25
14,14,4,4,14,4,4,4,1.3,0.01,FALSE,5,660.48,14.36,46,63.04,28.47,-9.71
14,14,4,4,14,4,4,14,1.1,0.01,FALSE,4.43,869.61,11.91,73,64.38,23.89,-9.74
14,14,4,4,14,4,4,14,1.3,0.01,FALSE,4.43,825.62,11.31,73,64.38,22.68,-9.25
14,14,4,4,14,4,14,4,1.1,0.01,FALSE,7.29,927.3,16.86,55,69.09,28.28,-8.68
14,14,4,4,14,4,14,4,1.3,0.01,FALSE,7.29,880.39,16.01,55,69.09,26.85,-8.24
14,14,4,4,14,4,14,14,1.1,0.01,FALSE,10.83,898.05,22.45,40,77.5,31.92,-10.15
14,14,4,4,14,4,14,14,1.3,0.01,FALSE,10.83,855,21.38,40,77.5,30.39,-9.66
14,14,4,4,14,14,4,4,1.1,0.01,FALSE,3.62,427.05,11.24,38,57.89,26.81,-10.18
14,14,4,4,14,14,4,4,1.3,0.01,FALSE,3.62,405.45,10.67,38,57.89,25.46,-9.66
14,14,4,4,14,14,4,14,1.1,0.01,FALSE,3.8,623.45,10.94,57,63.16,23.51,-10.61
14,14,4,4,14,14,4,14,1.3,0.01,FALSE,3.79,593.37,10.41,57,63.16,22.38,-10.11
14,14,4,4,14,14,14,4,1.1,0.01,FALSE,5.08,590.92,12.31,48,66.67,22.99,-9.05
14,14,4,4,14,14,14,4,1.3,0.01,FALSE,5.07,562.14,11.71,48,66.67,21.88,-8.63
14,14,4,4,14,14,14,14,1.1,0.01,FALSE,7.64,493.04,19.72,25,72,31.52,-10.61
14,14,4,4,14,14,14,14,1.3,0.01,FALSE,7.65,470.45,18.82,25,72,30.06,-10.1
14,14,4,14,4,4,4,4,1.1,0.01,FALSE,2.87,394.66,7.59,52,55.77,20.9,-9.19
14,14,4,14,4,4,4,4,1.3,0.01,FALSE,2.87,375.46,7.22,52,55.77,19.86,-8.71
14,14,4,14,4,4,4,14,1.1,0.01,FALSE,4.08,693.46,9.77,71,60.56,21.37,-8.05
14,14,4,14,4,4,4,14,1.3,0.01,FALSE,4.09,660.69,9.31,71,60.56,20.33,-7.63
14,14,4,14,4,4,14,4,1.1,0.01,FALSE,4.61,593.31,10.99,54,61.11,22.96,-7.83
14,14,4,14,4,4,14,4,1.3,0.01,FALSE,4.63,565.62,10.47,54,61.11,21.87,-7.43
14,14,4,14,4,4,14,14,1.1,0.01,FALSE,4.68,489.57,12.55,39,64.1,24.9,-9.5
14,14,4,14,4,4,14,14,1.3,0.01,FALSE,4.69,467.19,11.98,39,64.1,23.76,-9.05
14,14,4,14,4,14,4,4,1.1,0.01,FALSE,2.95,413.11,9.84,42,50,29.78,-10.11
14,14,4,14,4,14,4,4,1.3,0.01,FALSE,2.95,394.06,9.38,42,50,28.38,-9.61
14,14,4,14,4,14,4,14,1.1,0.01,FALSE,3.06,558.66,9.31,60,56.67,24.41,-10.44
14,14,4,14,4,14,4,14,1.3,0.01,FALSE,3.06,533.16,8.89,60,56.67,23.28,-9.94
14,14,4,14,4,14,14,4,1.1,0.01,FALSE,3.64,480.94,10.93,44,56.82,26.52,-9.58
14,14,4,14,4,14,14,4,1.3,0.01,FALSE,3.65,459.25,10.44,44,56.82,25.3,-9.12
14,14,4,14,4,14,14,14,1.1,0.01,FALSE,3.99,382.64,14.17,27,55.56,34.04,-10.67
14,14,4,14,4,14,14,14,1.3,0.01,FALSE,3.99,365.65,13.54,27,55.56,32.53,-10.19
14,14,4,14,14,4,4,4,1.1,0.01,FALSE,3.94,607.47,13.81,44,56.82,32.56,-10.87
14,14,4,14,14,4,4,4,1.3,0.01,FALSE,3.93,577.12,13.12,44,56.82,30.96,-10.36
14,14,4,14,14,4,4,14,1.1,0.01,FALSE,3.9,859.23,11.46,75,60,25.68,-9.88
14,14,4,14,14,4,4,14,1.3,0.01,FALSE,3.9,819.48,10.93,75,60,24.48,-9.41
14,14,4,14,14,4,14,4,1.1,0.01,FALSE,5.26,798.82,16.3,49,59.18,34.01,-9.37
14,14,4,14,14,4,14,4,1.3,0.01,FALSE,5.27,761.8,15.55,49,59.18,32.43,-8.93
14,14,4,14,14,4,14,14,1.1,0.01,FALSE,8.21,794.56,22.7,35,71.43,36.19,-11.02
14,14,4,14,14,4,14,14,1.3,0.01,FALSE,8.21,759.28,21.69,35,71.43,34.58,-10.53
14,14,4,14,14,14,4,4,1.1,0.01,FALSE,3.24,405.03,11.25,36,52.78,30.84,-10.64
14,14,4,14,14,14,4,4,1.3,0.01,FALSE,3.24,386.34,10.73,36,52.78,29.42,-10.16
14,14,4,14,14,14,4,14,1.1,0.01,FALSE,3.53,628.34,11.02,57,59.65,25.79,-10.81
14,14,4,14,14,14,4,14,1.3,0.01,FALSE,3.53,600.43,10.53,57,59.65,24.64,-10.33
14,14,4,14,14,14,14,4,1.1,0.01,FALSE,4.1,529.58,12.32,43,58.14,28.01,-9.48
14,14,4,14,14,14,14,4,1.3,0.01,FALSE,4.1,506.06,11.77,43,58.14,26.77,-9.06
14,14,4,14,14,14,14,14,1.1,0.01,FALSE,6.47,453.41,20.61,22,63.64,38.3,-10.35
14,14,4,14,14,14,14,14,1.3,0.01,FALSE,6.48,434.04,19.73,22,63.64,36.66,-9.91
14,14,14,4,4,4,4,4,1.1,0.01,FALSE,4.18,639.55,10.32,62,62.9,21.56,-8.75
14,14,14,4,4,4,4,4,1.3,0.01,FALSE,4.19,609.46,9.83,62,62.9,20.52,-8.29
14,14,14,4,4,4,4,14,1.1,0.01,FALSE,3.9,810.67,10.13,80,61.25,22.26,-9.03
14,14,14,4,4,4,4,14,1.3,0.01,FALSE,3.91,772.91,9.66,80,61.25,21.19,-8.57
14,14,14,4,4,4,14,4,1.1,0.01,FALSE,5.56,827.03,12.34,67,68.66,21.92,-8.64
14,14,14,4,4,4,14,4,1.3,0.01,FALSE,5.58,788.89,11.77,67,68.66,20.89,-8.2
14,14,14,4,4,4,14,14,1.1,0.01,FALSE,4.5,661.3,12.25,54,64.81,24.29,-9.93
14,14,14,4,4,4,14,14,1.3,0.01,FALSE,4.51,631.4,11.69,54,64.81,23.18,-9.46
14,14,14,4,4,14,4,4,1.1,0.01,FALSE,4.03,601.06,11.34,53,58.49,25.78,-9
14,14,14,4,4,14,4,4,1.3,0.01,FALSE,4.04,573.53,10.82,53,58.49,24.58,-8.57
14,14,14,4,4,14,4,14,1.1,0.01,FALSE,2.76,567.01,8.22,69,56.52,22.82,-10.77
14,14,14,4,4,14,4,14,1.3,0.01,FALSE,2.76,541.18,7.84,69,56.52,21.77,-10.26
14,14,14,4,4,14,14,4,1.1,0.01,FALSE,3.68,622.07,9.87,63,60.32,22.49,-9.3
14,14,14,4,4,14,14,4,1.3,0.01,FALSE,3.68,594.11,9.43,63,60.32,21.46,-8.86
14,14,14,4,4,14,14,14,1.1,0.01,FALSE,3.75,497.94,11.58,43,58.14,27.16,-10.06
14,14,14,4,4,14,14,14,1.3,0.01,FALSE,3.75,475.83,11.07,43,58.14,25.95,-9.61
14,14,14,4,14,4,4,4,1.1,0.01,FALSE,5.3,868.34,15.51,56,66.07,28.92,-10.63
14,14,14,4,14,4,4,4,1.3,0.01,FALSE,5.3,826.37,14.76,56,66.07,27.53,-10.12
14,14,14,4,14,4,4,14,1.1,0.01,FALSE,3.95,955.69,11.95,80,62.5,25.59,-10.79
14,14,14,4,14,4,4,14,1.3,0.01,FALSE,3.96,911.64,11.4,80,62.5,24.4,-10.28
14,14,14,4,14,4,14,4,1.1,0.01,FALSE,6,1047.08,16.11,65,67.69,28.56,-9.97
14,14,14,4,14,4,14,4,1.3,0.01,FALSE,6.01,998.95,15.37,65,67.69,27.24,-9.5
14,14,14,4,14,4,14,14,1.1,0.01,FALSE,8.27,1045.68,19.73,53,73.58,30.5,-10.27
14,14,14,4,14,4,14,14,1.3,0.01,FALSE,8.27,999.24,18.85,53,73.58,29.14,-9.81
14,14,14,4,14,14,4,4,1.1,0.01,FALSE,4.86,603.44,13.41,45,64.44,26.19,-9.76
14,14,14,4,14,14,4,4,1.3,0.01,FALSE,4.86,575.82,12.8,45,64.44,25,-9.32
14,14,14,4,14,14,4,14,1.1,0.01,FALSE,3.36,694.45,10.52,66,60.61,24.72,-11.31
14,14,14,4,14,14,4,14,1.3,0.01,FALSE,3.36,663.61,10.05,66,60.61,23.62,-10.81
14,14,14,4,14,14,14,4,1.1,0.01,FALSE,4.63,698.53,12.25,57,66.67,23.45,-10.14
14,14,14,4,14,14,14,4,1.3,0.01,FALSE,4.63,667.5,11.71,57,66.67,22.41,-9.69
14,14,14,4,14,14,14,14,1.1,0.01,FALSE,5.62,579.26,16.09,36,66.67,29.36,-10.44
14,14,14,4,14,14,14,14,1.3,0.01,FALSE,5.63,554.33,15.4,36,66.67,28.09,-9.99
14,14,14,14,4,4,4,4,1.1,0.01,FALSE,3.02,369.09,8.39,44,56.82,22.06,-9.6
14,14,14,14,4,4,4,4,1.3,0.01,FALSE,3.04,352.85,8.02,44,56.82,21.03,-9.1
14,14,14,14,4,4,4,14,1.1,0.01,FALSE,5.05,739.23,12.12,61,63.93,23.63,-8.29
14,14,14,14,4,4,4,14,1.3,0.01,FALSE,5.1,707.63,11.6,61,63.93,22.57,-7.85
14,14,14,14,4,4,14,4,1.1,0.01,FALSE,6.26,592.19,13.16,45,66.67,23.49,-7.51
14,14,14,14,4,4,14,4,1.3,0.01,FALSE,6.32,566.88,12.6,45,66.67,22.45,-7.11
14,14,14,14,4,4,14,14,1.1,0.01,FALSE,6.27,507.51,16.37,31,67.74,28.75,-9.63
14,14,14,14,4,4,14,14,1.3,0.01,FALSE,6.31,486.48,15.69,31,67.74,27.53,-9.16
14,14,14,14,4,14,4,4,1.1,0.01,FALSE,3.32,458.68,11.47,40,52.5,31.26,-10.41
14,14,14,14,4,14,4,4,1.3,0.01,FALSE,3.33,439.7,10.99,40,52.5,29.92,-9.93
14,14,14,14,4,14,4,14,1.1,0.01,FALSE,3.75,671.72,11.99,56,60.71,26.94,-11.1
14,14,14,14,4,14,4,14,1.3,0.01,FALSE,3.77,643.97,11.5,56,60.71,25.79,-10.59
14,14,14,14,4,14,14,4,1.1,0.01,FALSE,4.16,571.36,12.16,47,57.45,27.86,-9.04
14,14,14,14,4,14,14,4,1.3,0.01,FALSE,4.18,548.15,11.66,47,57.45,26.68,-8.61
14,14,14,14,4,14,14,14,1.1,0.01,FALSE,6.05,529.73,20.37,26,61.54,39.66,-10.49
14,14,14,14,4,14,14,14,1.3,0.01,FALSE,6.06,508.42,19.55,26,61.54,38.05,-10.04
14,14,14,14,14,4,4,4,1.1,0.01,FALSE,4.85,716.84,17.92,40,62.5,36.13,-12.42
14,14,14,14,14,4,4,4,1.3,0.01,FALSE,4.84,683.92,17.1,40,62.5,34.48,-11.88
14,14,14,14,14,4,4,14,1.1,0.01,FALSE,4.74,984.73,14.48,68,64.71,28.37,-10.98
14,14,14,14,14,4,4,14,1.3,0.01,FALSE,4.75,942.9,13.87,68,64.71,27.15,-10.48
14,14,14,14,14,4,14,4,1.1,0.01,FALSE,6.86,926.3,19.71,47,65.96,34.98,-9.89
14,14,14,14,14,4,14,4,1.3,0.01,FALSE,6.88,886.75,18.87,47,65.96,33.47,-9.43
14,14,14,14,14,4,14,14,1.1,0.01,FALSE,12.8,962.79,29.18,33,78.79,40.17,-11.66
14,14,14,14,14,4,14,14,1.3,0.01,FALSE,12.8,923.04,27.97,33,78.79,38.51,-11.17
14,14,14,14,14,14,4,4,1.1,0.01,FALSE,3.62,414.68,13.38,31,58.06,31.83,-12.18
14,14,14,14,14,14,4,4,1.3,0.01,FALSE,3.62,397,12.81,31,58.06,30.49,-11.67
14,14,14,14,14,14,4,14,1.1,0.01,FALSE,4.25,699.46,13.71,51,64.71,27.72,-11.97
14,14,14,14,14,14,4,14,1.3,0.01,FALSE,4.25,670.86,13.15,51,64.71,26.58,-11.46
14,14,14,14,14,14,14,4,1.1,0.01,FALSE,4.87,542.7,13.92,39,64.1,27.31,-10.01
14,14,14,14,14,14,14,4,1.3,0.01,FALSE,4.88,520.58,13.35,39,64.1,26.19,-9.58
