high_by_point_n,high_by_point_m,low_by_point_n,low_by_point_m,high_by_point_m_on_trend,high_by_point_n_on_trend,low_by_point_m_on_trend,low_by_point_n_on_trend,Fit Score,Total Pnl%,Avg Pnl% per entry,Trade Count
4,4,10,10,5,5,9,9,4.44,652.98,10.7,61
4,4,10,10,5,5,10,10,4.44,652.98,10.7,61
4,4,10,10,7,7,9,9,4.39,610.58,10.35,59
4,4,10,10,7,7,10,10,4.39,610.58,10.35,59
4,4,10,10,8,8,9,9,4.39,610.58,10.35,59
4,4,10,10,8,8,10,10,4.39,610.58,10.35,59
4,4,10,10,9,9,9,9,4.39,610.58,10.35,59
4,4,10,10,9,9,10,10,4.39,610.58,10.35,59
4,4,10,10,10,10,9,9,4.39,610.58,10.35,59
4,4,10,10,10,10,10,10,4.39,610.58,10.35,59
5,5,10,10,5,5,9,9,4.33,650.5,10.16,64
5,5,10,10,5,5,10,10,4.33,650.5,10.16,64
5,5,10,10,7,7,9,9,4.27,606,9.93,61
5,5,10,10,7,7,10,10,4.27,606,9.93,61
5,5,10,10,8,8,9,9,4.27,606,9.93,61
5,5,10,10,8,8,10,10,4.27,606,9.93,61
5,5,10,10,9,9,9,9,4.27,606,9.93,61
5,5,10,10,9,9,10,10,4.27,606,9.93,61
5,5,10,10,10,10,9,9,4.27,606,9.93,61
5,5,10,10,10,10,10,10,4.27,606,9.93,61
4,4,10,10,5,5,6,6,4.21,642.23,10.7,60
4,4,10,10,5,5,7,7,4.21,642.23,10.7,60
4,4,10,10,5,5,8,8,4.21,642.23,10.7,60
5,5,10,10,5,5,6,6,4.18,654.19,10.22,64
5,5,10,10,5,5,7,7,4.18,654.19,10.22,64
4,4,10,10,6,6,9,9,4.17,600.89,10.01,60
4,4,10,10,6,6,10,10,4.17,600.89,10.01,60
4,4,10,10,7,7,6,6,4.15,599.84,10.34,58
4,4,10,10,7,7,7,7,4.15,599.84,10.34,58
4,4,10,10,7,7,8,8,4.15,599.84,10.34,58
4,4,10,10,8,8,6,6,4.15,599.84,10.34,58
4,4,10,10,8,8,7,7,4.15,599.84,10.34,58
4,4,10,10,8,8,8,8,4.15,599.84,10.34,58
4,4,10,10,9,9,6,6,4.15,599.84,10.34,58
4,4,10,10,9,9,7,7,4.15,599.84,10.34,58
4,4,10,10,9,9,8,8,4.15,599.84,10.34,58
4,4,10,10,10,10,6,6,4.15,599.84,10.34,58
4,4,10,10,10,10,7,7,4.15,599.84,10.34,58
4,4,10,10,10,10,8,8,4.15,599.84,10.34,58
5,5,5,5,5,5,9,9,4.13,712.42,9.13,78
5,5,5,5,5,5,10,10,4.13,712.42,9.13,78
5,5,10,10,5,5,8,8,4.11,639.76,10.15,63
5,5,10,10,7,7,6,6,4.11,609.68,9.99,61
5,5,10,10,7,7,7,7,4.11,609.68,9.99,61
5,5,10,10,8,8,6,6,4.11,609.68,9.99,61
5,5,10,10,8,8,7,7,4.11,609.68,9.99,61
5,5,10,10,9,9,6,6,4.11,609.68,9.99,61
5,5,10,10,9,9,7,7,4.11,609.68,9.99,61
5,5,10,10,10,10,6,6,4.11,609.68,9.99,61
5,5,10,10,10,10,7,7,4.11,609.68,9.99,61
5,5,6,6,5,5,9,9,4.1,707.59,9.19,77
5,5,6,6,5,5,10,10,4.1,707.59,9.19,77
6,6,10,10,5,5,6,6,4.07,581.78,10.03,58
6,6,10,10,5,5,7,7,4.07,581.78,10.03,58
7,7,10,10,5,5,6,6,4.07,581.78,10.03,58
7,7,10,10,5,5,7,7,4.07,581.78,10.03,58
4,4,5,5,5,5,9,9,4.05,694.77,9.26,75
4,4,5,5,5,5,10,10,4.05,694.77,9.26,75
5,5,10,10,6,6,9,9,4.05,596.31,9.62,62
5,5,10,10,6,6,10,10,4.05,596.31,9.62,62
5,5,6,6,7,7,9,9,4.04,663.08,8.96,74
5,5,6,6,7,7,10,10,4.04,663.08,8.96,74
5,5,6,6,8,8,9,9,4.04,663.08,8.96,74
5,5,6,6,8,8,10,10,4.04,663.08,8.96,74
5,5,6,6,9,9,9,9,4.04,663.08,8.96,74
5,5,6,6,9,9,10,10,4.04,663.08,8.96,74
5,5,6,6,10,10,9,9,4.04,663.08,8.96,74
5,5,6,6,10,10,10,10,4.04,663.08,8.96,74
4,4,6,6,5,5,9,9,4.03,689.94,9.32,74
4,4,6,6,5,5,10,10,4.03,689.94,9.32,74
5,5,10,10,7,7,8,8,4.03,595.25,9.92,60
5,5,10,10,8,8,8,8,4.03,595.25,9.92,60
5,5,10,10,9,9,8,8,4.03,595.25,9.92,60
5,5,10,10,10,10,8,8,4.03,595.25,9.92,60
6,6,10,10,5,5,8,8,4.03,556.7,10.12,55
7,7,10,10,5,5,8,8,4.03,556.7,10.12,55
5,5,7,7,5,5,9,9,4.01,702.38,9.12,77
5,5,7,7,5,5,10,10,4.01,702.38,9.12,77
6,6,10,10,7,7,6,6,4,539.38,9.63,56
6,6,10,10,7,7,7,7,4,539.38,9.63,56
6,6,10,10,8,8,6,6,4,539.38,9.63,56
6,6,10,10,8,8,7,7,4,539.38,9.63,56
6,6,10,10,9,9,6,6,4,539.38,9.63,56
6,6,10,10,9,9,7,7,4,539.38,9.63,56
6,6,10,10,10,10,6,6,4,539.38,9.63,56
6,6,10,10,10,10,7,7,4,539.38,9.63,56
7,7,10,10,7,7,6,6,4,539.38,9.63,56
7,7,10,10,7,7,7,7,4,539.38,9.63,56
7,7,10,10,8,8,6,6,4,539.38,9.63,56
7,7,10,10,8,8,7,7,4,539.38,9.63,56
7,7,10,10,9,9,6,6,4,539.38,9.63,56
7,7,10,10,9,9,7,7,4,539.38,9.63,56
7,7,10,10,10,10,6,6,4,539.38,9.63,56
7,7,10,10,10,10,7,7,4,539.38,9.63,56
5,5,5,5,7,7,9,9,3.98,663.6,8.73,76
5,5,5,5,7,7,10,10,3.98,663.6,8.73,76
5,5,5,5,8,8,9,9,3.98,663.6,8.73,76
5,5,5,5,8,8,10,10,3.98,663.6,8.73,76
5,5,5,5,9,9,9,9,3.98,663.6,8.73,76
5,5,5,5,9,9,10,10,3.98,663.6,8.73,76
5,5,5,5,10,10,9,9,3.98,663.6,8.73,76
5,5,5,5,10,10,10,10,3.98,663.6,8.73,76
4,4,6,6,7,7,9,9,3.97,647.54,8.99,72
4,4,6,6,7,7,10,10,3.97,647.54,8.99,72
4,4,6,6,8,8,9,9,3.97,647.54,8.99,72
4,4,6,6,8,8,10,10,3.97,647.54,8.99,72
4,4,6,6,9,9,9,9,3.97,647.54,8.99,72
4,4,6,6,9,9,10,10,3.97,647.54,8.99,72
4,4,6,6,10,10,9,9,3.97,647.54,8.99,72
4,4,6,6,10,10,10,10,3.97,647.54,8.99,72
6,6,10,10,5,5,9,9,3.96,553.25,9.71,57
6,6,10,10,5,5,10,10,3.96,553.25,9.71,57
7,7,10,10,5,5,9,9,3.96,553.25,9.71,57
7,7,10,10,5,5,10,10,3.96,553.25,9.71,57
8,8,10,10,5,5,6,6,3.96,560.97,10.2,55
8,8,10,10,5,5,7,7,3.96,560.97,10.2,55
9,9,10,10,5,5,6,6,3.96,560.97,10.2,55
9,9,10,10,5,5,7,7,3.96,560.97,10.2,55
10,10,10,10,5,5,6,6,3.96,559.33,10.36,54
10,10,10,10,5,5,7,7,3.96,559.33,10.36,54
4,4,10,10,6,6,6,6,3.95,590.15,10,59
4,4,10,10,6,6,7,7,3.95,590.15,10,59
4,4,10,10,6,6,8,8,3.95,590.15,10,59
6,6,10,10,7,7,8,8,3.95,514.3,9.7,53
6,6,10,10,8,8,8,8,3.95,514.3,9.7,53
6,6,10,10,9,9,8,8,3.95,514.3,9.7,53
6,6,10,10,10,10,8,8,3.95,514.3,9.7,53
7,7,10,10,7,7,8,8,3.95,514.3,9.7,53
7,7,10,10,8,8,8,8,3.95,514.3,9.7,53
7,7,10,10,9,9,8,8,3.95,514.3,9.7,53
7,7,10,10,10,10,8,8,3.95,514.3,9.7,53
4,4,8,8,5,5,9,9,3.94,684.73,9.25,74
4,4,8,8,5,5,10,10,3.94,684.73,9.25,74
5,5,5,5,5,5,6,6,3.94,701.67,9.11,77
5,5,5,5,5,5,7,7,3.94,701.67,9.11,77
5,5,5,5,5,5,8,8,3.94,701.67,9.11,77
5,5,7,7,7,7,9,9,3.94,657.87,8.89,74
5,5,7,7,7,7,10,10,3.94,657.87,8.89,74
5,5,7,7,8,8,9,9,3.94,657.87,8.89,74
5,5,7,7,8,8,10,10,3.94,657.87,8.89,74
5,5,7,7,9,9,9,9,3.94,657.87,8.89,74
5,5,7,7,9,9,10,10,3.94,657.87,8.89,74
5,5,7,7,10,10,9,9,3.94,657.87,8.89,74
5,5,7,7,10,10,10,10,3.94,657.87,8.89,74
6,6,5,5,5,5,6,6,3.94,636.75,9.1,70
6,6,5,5,5,5,7,7,3.94,636.75,9.1,70
6,6,5,5,5,5,8,8,3.94,636.75,9.1,70
7,7,5,5,5,5,6,6,3.94,636.75,9.1,70
7,7,5,5,5,5,7,7,3.94,636.75,9.1,70
7,7,5,5,5,5,8,8,3.94,636.75,9.1,70
4,4,9,9,5,5,9,9,3.92,685.34,9.26,74
4,4,9,9,5,5,10,10,3.92,685.34,9.26,74
5,5,4,4,5,5,9,9,3.92,683.19,8.99,76
5,5,4,4,5,5,10,10,3.92,683.19,8.99,76
8,8,10,10,5,5,8,8,3.92,535.89,10.31,52
9,9,10,10,5,5,8,8,3.92,535.89,10.31,52
4,4,5,5,7,7,9,9,3.91,648.06,8.76,74
4,4,5,5,7,7,10,10,3.91,648.06,8.76,74
4,4,5,5,8,8,9,9,3.91,648.06,8.76,74
4,4,5,5,8,8,10,10,3.91,648.06,8.76,74
4,4,5,5,9,9,9,9,3.91,648.06,8.76,74
4,4,5,5,9,9,10,10,3.91,648.06,8.76,74
4,4,5,5,10,10,9,9,3.91,648.06,8.76,74
4,4,5,5,10,10,10,10,3.91,648.06,8.76,74
5,5,10,10,6,6,6,6,3.91,599.99,9.68,62
5,5,10,10,6,6,7,7,3.91,599.99,9.68,62
10,10,10,10,5,5,8,8,3.91,534.26,10.48,51
4,4,10,10,4,4,9,9,3.9,677.15,9.54,71
4,4,10,10,4,4,10,10,3.9,677.15,9.54,71
5,5,5,5,6,6,9,9,3.89,658.22,8.66,76
5,5,5,5,6,6,10,10,3.89,658.22,8.66,76
6,6,5,5,5,5,9,9,3.88,633.3,8.8,72
6,6,5,5,5,5,10,10,3.88,633.3,8.8,72
6,6,10,10,7,7,9,9,3.88,510.85,9.29,55
6,6,10,10,7,7,10,10,3.88,510.85,9.29,55
6,6,10,10,8,8,9,9,3.88,510.85,9.29,55
6,6,10,10,8,8,10,10,3.88,510.85,9.29,55
6,6,10,10,9,9,9,9,3.88,510.85,9.29,55
6,6,10,10,9,9,10,10,3.88,510.85,9.29,55
6,6,10,10,10,10,9,9,3.88,510.85,9.29,55
6,6,10,10,10,10,10,10,3.88,510.85,9.29,55
7,7,5,5,5,5,9,9,3.88,633.3,8.8,72
7,7,5,5,5,5,10,10,3.88,633.3,8.8,72
7,7,10,10,7,7,9,9,3.88,510.85,9.29,55
7,7,10,10,7,7,10,10,3.88,510.85,9.29,55
7,7,10,10,8,8,9,9,3.88,510.85,9.29,55
7,7,10,10,8,8,10,10,3.88,510.85,9.29,55
7,7,10,10,9,9,9,9,3.88,510.85,9.29,55
7,7,10,10,9,9,10,10,3.88,510.85,9.29,55
7,7,10,10,10,10,9,9,3.88,510.85,9.29,55
7,7,10,10,10,10,10,10,3.88,510.85,9.29,55
8,8,10,10,7,7,6,6,3.88,518.57,9.78,53
8,8,10,10,7,7,7,7,3.88,518.57,9.78,53
8,8,10,10,8,8,6,6,3.88,518.57,9.78,53
8,8,10,10,8,8,7,7,3.88,518.57,9.78,53
8,8,10,10,9,9,6,6,3.88,518.57,9.78,53
8,8,10,10,9,9,7,7,3.88,518.57,9.78,53
8,8,10,10,10,10,6,6,3.88,518.57,9.78,53
8,8,10,10,10,10,7,7,3.88,518.57,9.78,53
9,9,10,10,7,7,6,6,3.88,518.57,9.78,53
9,9,10,10,7,7,7,7,3.88,518.57,9.78,53
9,9,10,10,8,8,6,6,3.88,518.57,9.78,53
9,9,10,10,8,8,7,7,3.88,518.57,9.78,53
9,9,10,10,9,9,6,6,3.88,518.57,9.78,53
9,9,10,10,9,9,7,7,3.88,518.57,9.78,53
9,9,10,10,10,10,6,6,3.88,518.57,9.78,53
9,9,10,10,10,10,7,7,3.88,518.57,9.78,53
4,4,5,5,5,5,6,6,3.87,684.02,9.24,74
4,4,5,5,5,5,7,7,3.87,684.02,9.24,74
4,4,5,5,5,5,8,8,3.87,684.02,9.24,74
4,4,8,8,7,7,9,9,3.87,642.33,8.92,72
4,4,8,8,7,7,10,10,3.87,642.33,8.92,72
4,4,8,8,8,8,9,9,3.87,642.33,8.92,72
4,4,8,8,8,8,10,10,3.87,642.33,8.92,72
4,4,8,8,9,9,9,9,3.87,642.33,8.92,72
4,4,8,8,9,9,10,10,3.87,642.33,8.92,72
4,4,8,8,10,10,9,9,3.87,642.33,8.92,72
4,4,8,8,10,10,10,10,3.87,642.33,8.92,72
5,5,6,6,6,6,9,9,3.87,653.39,8.71,75
5,5,6,6,6,6,10,10,3.87,653.39,8.71,75
9,9,5,5,5,5,6,6,3.87,621.21,9.14,68
9,9,5,5,5,5,7,7,3.87,621.21,9.14,68
9,9,5,5,5,5,8,8,3.87,621.21,9.14,68
10,10,5,5,5,5,6,6,3.87,619.58,9.25,67
10,10,5,5,5,5,7,7,3.87,619.58,9.25,67
10,10,5,5,5,5,8,8,3.87,619.58,9.25,67
4,4,9,9,7,7,9,9,3.86,642.94,8.93,72
4,4,9,9,7,7,10,10,3.86,642.94,8.93,72
4,4,9,9,8,8,9,9,3.86,642.94,8.93,72
4,4,9,9,8,8,10,10,3.86,642.94,8.93,72
4,4,9,9,9,9,9,9,3.86,642.94,8.93,72
4,4,9,9,9,9,10,10,3.86,642.94,8.93,72
4,4,9,9,10,10,9,9,3.86,642.94,8.93,72
4,4,9,9,10,10,10,10,3.86,642.94,8.93,72
5,5,6,6,5,5,6,6,3.86,693.39,8.89,78
5,5,6,6,5,5,7,7,3.86,693.39,8.89,78
5,5,6,6,5,5,8,8,3.86,693.39,8.89,78
5,5,8,8,5,5,9,9,3.86,682.25,8.86,77
5,5,8,8,5,5,10,10,3.86,682.25,8.86,77
6,6,6,6,5,5,6,6,3.86,628.47,8.85,71
6,6,6,6,5,5,7,7,3.86,628.47,8.85,71
6,6,6,6,5,5,8,8,3.86,628.47,8.85,71
6,6,6,6,5,5,9,9,3.86,628.47,8.85,71
6,6,6,6,5,5,10,10,3.86,628.47,8.85,71
7,7,6,6,5,5,6,6,3.86,628.47,8.85,71
7,7,6,6,5,5,7,7,3.86,628.47,8.85,71
7,7,6,6,5,5,8,8,3.86,628.47,8.85,71
7,7,6,6,5,5,9,9,3.86,628.47,8.85,71
7,7,6,6,5,5,10,10,3.86,628.47,8.85,71
8,8,5,5,5,5,6,6,3.85,615.94,9.19,67
8,8,5,5,5,5,7,7,3.85,615.94,9.19,67
8,8,5,5,5,5,8,8,3.85,615.94,9.19,67
4,4,4,4,5,5,9,9,3.84,665.54,9.12,73
4,4,4,4,5,5,10,10,3.84,665.54,9.12,73
4,4,7,7,5,5,9,9,3.84,679.04,9.05,75
4,4,7,7,5,5,10,10,3.84,679.04,9.05,75
5,5,9,9,5,5,9,9,3.84,682.86,8.87,77
5,5,9,9,5,5,10,10,3.84,682.86,8.87,77
5,5,10,10,6,6,8,8,3.84,585.56,9.6,61
8,8,10,10,5,5,9,9,3.84,532.44,9.86,54
8,8,10,10,5,5,10,10,3.84,532.44,9.86,54
8,8,10,10,7,7,8,8,3.84,493.49,9.87,50
8,8,10,10,8,8,8,8,3.84,493.49,9.87,50
8,8,10,10,9,9,8,8,3.84,493.49,9.87,50
8,8,10,10,10,10,8,8,3.84,493.49,9.87,50
9,9,10,10,5,5,9,9,3.84,532.44,9.86,54
9,9,10,10,5,5,10,10,3.84,532.44,9.86,54
9,9,10,10,7,7,8,8,3.84,493.49,9.87,50
9,9,10,10,8,8,8,8,3.84,493.49,9.87,50
9,9,10,10,9,9,8,8,3.84,493.49,9.87,50
9,9,10,10,10,10,8,8,3.84,493.49,9.87,50
10,10,10,10,5,5,9,9,3.84,530.8,10.02,53
10,10,10,10,5,5,10,10,3.84,530.8,10.02,53
4,4,5,5,6,6,9,9,3.82,642.68,8.68,74
4,4,5,5,6,6,10,10,3.82,642.68,8.68,74
10,10,10,10,7,7,6,6,3.82,489.99,9.8,50
10,10,10,10,7,7,7,7,3.82,489.99,9.8,50
10,10,10,10,8,8,6,6,3.82,489.99,9.8,50
10,10,10,10,8,8,7,7,3.82,489.99,9.8,50
10,10,10,10,9,9,6,6,3.82,489.99,9.8,50
10,10,10,10,9,9,7,7,3.82,489.99,9.8,50
10,10,10,10,10,10,6,6,3.82,489.99,9.8,50
10,10,10,10,10,10,7,7,3.82,489.99,9.8,50
9,9,5,5,5,5,9,9,3.81,617.76,8.83,70
9,9,5,5,5,5,10,10,3.81,617.76,8.83,70
10,10,5,5,5,5,9,9,3.81,616.13,8.93,69
10,10,5,5,5,5,10,10,3.81,616.13,8.93,69
4,4,6,6,6,6,9,9,3.8,637.85,8.74,73
4,4,6,6,6,6,10,10,3.8,637.85,8.74,73
6,6,10,10,6,6,6,6,3.8,529.69,9.29,57
6,6,10,10,6,6,7,7,3.8,529.69,9.29,57
7,7,10,10,6,6,6,6,3.8,529.69,9.29,57
7,7,10,10,6,6,7,7,3.8,529.69,9.29,57
4,4,6,6,5,5,6,6,3.79,675.74,9.01,75
4,4,6,6,5,5,7,7,3.79,675.74,9.01,75
4,4,6,6,5,5,8,8,3.79,675.74,9.01,75
5,5,6,6,7,7,6,6,3.79,648.88,8.65,75
5,5,6,6,7,7,7,7,3.79,648.88,8.65,75
5,5,6,6,7,7,8,8,3.79,648.88,8.65,75
5,5,6,6,8,8,6,6,3.79,648.88,8.65,75
5,5,6,6,8,8,7,7,3.79,648.88,8.65,75
5,5,6,6,8,8,8,8,3.79,648.88,8.65,75
5,5,6,6,9,9,6,6,3.79,648.88,8.65,75
5,5,6,6,9,9,7,7,3.79,648.88,8.65,75
5,5,6,6,9,9,8,8,3.79,648.88,8.65,75
5,5,6,6,10,10,6,6,3.79,648.88,8.65,75
5,5,6,6,10,10,7,7,3.79,648.88,8.65,75
5,5,6,6,10,10,8,8,3.79,648.88,8.65,75
6,6,6,6,7,7,6,6,3.79,586.07,8.49,69
6,6,6,6,7,7,7,7,3.79,586.07,8.49,69
6,6,6,6,7,7,8,8,3.79,586.07,8.49,69
6,6,6,6,7,7,9,9,3.79,586.07,8.49,69
6,6,6,6,7,7,10,10,3.79,586.07,8.49,69
6,6,6,6,8,8,6,6,3.79,586.07,8.49,69
6,6,6,6,8,8,7,7,3.79,586.07,8.49,69
6,6,6,6,8,8,8,8,3.79,586.07,8.49,69
6,6,6,6,8,8,9,9,3.79,586.07,8.49,69
6,6,6,6,8,8,10,10,3.79,586.07,8.49,69
6,6,6,6,9,9,6,6,3.79,586.07,8.49,69
6,6,6,6,9,9,7,7,3.79,586.07,8.49,69
6,6,6,6,9,9,8,8,3.79,586.07,8.49,69
6,6,6,6,9,9,9,9,3.79,586.07,8.49,69
6,6,6,6,9,9,10,10,3.79,586.07,8.49,69
6,6,6,6,10,10,6,6,3.79,586.07,8.49,69
6,6,6,6,10,10,7,7,3.79,586.07,8.49,69
6,6,6,6,10,10,8,8,3.79,586.07,8.49,69
6,6,6,6,10,10,9,9,3.79,586.07,8.49,69
6,6,6,6,10,10,10,10,3.79,586.07,8.49,69
7,7,6,6,7,7,6,6,3.79,586.07,8.49,69
7,7,6,6,7,7,7,7,3.79,586.07,8.49,69
7,7,6,6,7,7,8,8,3.79,586.07,8.49,69
7,7,6,6,7,7,9,9,3.79,586.07,8.49,69
7,7,6,6,7,7,10,10,3.79,586.07,8.49,69
7,7,6,6,8,8,6,6,3.79,586.07,8.49,69
7,7,6,6,8,8,7,7,3.79,586.07,8.49,69
7,7,6,6,8,8,8,8,3.79,586.07,8.49,69
7,7,6,6,8,8,9,9,3.79,586.07,8.49,69
7,7,6,6,8,8,10,10,3.79,586.07,8.49,69
7,7,6,6,9,9,6,6,3.79,586.07,8.49,69
7,7,6,6,9,9,7,7,3.79,586.07,8.49,69
7,7,6,6,9,9,8,8,3.79,586.07,8.49,69
7,7,6,6,9,9,9,9,3.79,586.07,8.49,69
7,7,6,6,9,9,10,10,3.79,586.07,8.49,69
7,7,6,6,10,10,6,6,3.79,586.07,8.49,69
7,7,6,6,10,10,7,7,3.79,586.07,8.49,69
7,7,6,6,10,10,8,8,3.79,586.07,8.49,69
7,7,6,6,10,10,9,9,3.79,586.07,8.49,69
7,7,6,6,10,10,10,10,3.79,586.07,8.49,69
8,8,5,5,5,5,9,9,3.79,612.49,8.88,69
8,8,5,5,5,5,10,10,3.79,612.49,8.88,69
9,9,6,6,5,5,6,6,3.79,612.93,8.88,69
9,9,6,6,5,5,7,7,3.79,612.93,8.88,69
9,9,6,6,5,5,8,8,3.79,612.93,8.88,69
9,9,6,6,5,5,9,9,3.79,612.93,8.88,69
9,9,6,6,5,5,10,10,3.79,612.93,8.88,69
10,10,6,6,5,5,6,6,3.79,611.3,8.99,68
10,10,6,6,5,5,7,7,3.79,611.3,8.99,68
10,10,6,6,5,5,8,8,3.79,611.3,8.99,68
10,10,6,6,5,5,9,9,3.79,611.3,8.99,68
10,10,6,6,5,5,10,10,3.79,611.3,8.99,68
4,4,7,7,7,7,9,9,3.78,636.64,8.72,73
4,4,7,7,7,7,10,10,3.78,636.64,8.72,73
4,4,7,7,8,8,9,9,3.78,636.64,8.72,73
4,4,7,7,8,8,10,10,3.78,636.64,8.72,73
4,4,7,7,9,9,9,9,3.78,636.64,8.72,73
4,4,7,7,9,9,10,10,3.78,636.64,8.72,73
4,4,7,7,10,10,9,9,3.78,636.64,8.72,73
4,4,7,7,10,10,10,10,3.78,636.64,8.72,73
5,5,7,7,5,5,7,7,3.78,688.18,8.82,78
5,5,7,7,5,5,8,8,3.78,688.18,8.82,78
5,5,7,7,6,6,9,9,3.78,648.18,8.64,75
5,5,7,7,6,6,10,10,3.78,648.18,8.64,75
5,5,8,8,7,7,9,9,3.78,637.75,8.62,74
5,5,8,8,7,7,10,10,3.78,637.75,8.62,74
5,5,8,8,8,8,9,9,3.78,637.75,8.62,74
5,5,8,8,8,8,10,10,3.78,637.75,8.62,74
5,5,8,8,9,9,9,9,3.78,637.75,8.62,74
5,5,8,8,9,9,10,10,3.78,637.75,8.62,74
5,5,8,8,10,10,9,9,3.78,637.75,8.62,74
5,5,8,8,10,10,10,10,3.78,637.75,8.62,74
5,5,4,4,7,7,9,9,3.77,634.37,8.57,74
5,5,4,4,7,7,10,10,3.77,634.37,8.57,74
5,5,4,4,8,8,9,9,3.77,634.37,8.57,74
5,5,4,4,8,8,10,10,3.77,634.37,8.57,74
5,5,4,4,9,9,9,9,3.77,634.37,8.57,74
5,5,4,4,9,9,10,10,3.77,634.37,8.57,74
5,5,4,4,10,10,9,9,3.77,634.37,8.57,74
5,5,4,4,10,10,10,10,3.77,634.37,8.57,74
5,5,9,9,7,7,9,9,3.77,638.35,8.63,74
5,5,9,9,7,7,10,10,3.77,638.35,8.63,74
5,5,9,9,8,8,9,9,3.77,638.35,8.63,74
5,5,9,9,8,8,10,10,3.77,638.35,8.63,74
5,5,9,9,9,9,9,9,3.77,638.35,8.63,74
5,5,9,9,9,9,10,10,3.77,638.35,8.63,74
5,5,9,9,10,10,9,9,3.77,638.35,8.63,74
5,5,9,9,10,10,10,10,3.77,638.35,8.63,74
10,10,10,10,7,7,8,8,3.77,464.91,9.89,47
10,10,10,10,8,8,8,8,3.77,464.91,9.89,47
10,10,10,10,9,9,8,8,3.77,464.91,9.89,47
10,10,10,10,10,10,8,8,3.77,464.91,9.89,47
8,8,6,6,5,5,6,6,3.76,607.66,8.94,68
8,8,6,6,5,5,7,7,3.76,607.66,8.94,68
8,8,6,6,5,5,8,8,3.76,607.66,8.94,68
8,8,6,6,5,5,9,9,3.76,607.66,8.94,68
8,8,6,6,5,5,10,10,3.76,607.66,8.94,68
8,8,10,10,7,7,9,9,3.76,490.04,9.42,52
8,8,10,10,7,7,10,10,3.76,490.04,9.42,52
8,8,10,10,8,8,9,9,3.76,490.04,9.42,52
8,8,10,10,8,8,10,10,3.76,490.04,9.42,52
8,8,10,10,9,9,9,9,3.76,490.04,9.42,52
8,8,10,10,9,9,10,10,3.76,490.04,9.42,52
8,8,10,10,10,10,9,9,3.76,490.04,9.42,52
8,8,10,10,10,10,10,10,3.76,490.04,9.42,52
9,9,10,10,7,7,9,9,3.76,490.04,9.42,52
9,9,10,10,7,7,10,10,3.76,490.04,9.42,52
9,9,10,10,8,8,9,9,3.76,490.04,9.42,52
9,9,10,10,8,8,10,10,3.76,490.04,9.42,52
9,9,10,10,9,9,9,9,3.76,490.04,9.42,52
9,9,10,10,9,9,10,10,3.76,490.04,9.42,52
9,9,10,10,10,10,9,9,3.76,490.04,9.42,52
9,9,10,10,10,10,10,10,3.76,490.04,9.42,52
4,4,9,9,5,5,6,6,3.75,674.59,9.24,73
4,4,9,9,5,5,7,7,3.75,674.59,9.24,73
4,4,9,9,5,5,8,8,3.75,674.59,9.24,73
5,5,4,4,5,5,6,6,3.75,672.44,8.97,75
5,5,4,4,5,5,7,7,3.75,672.44,8.97,75
5,5,4,4,5,5,8,8,3.75,672.44,8.97,75
6,6,10,10,6,6,8,8,3.75,504.61,9.34,54
7,7,10,10,6,6,8,8,3.75,504.61,9.34,54
5,5,9,9,5,5,6,6,3.74,686.55,8.92,77
5,5,9,9,5,5,7,7,3.74,686.55,8.92,77
6,6,5,5,7,7,9,9,3.74,586.59,8.26,71
6,6,5,5,7,7,10,10,3.74,586.59,8.26,71
6,6,5,5,8,8,9,9,3.74,586.59,8.26,71
6,6,5,5,8,8,10,10,3.74,586.59,8.26,71
6,6,5,5,9,9,9,9,3.74,586.59,8.26,71
6,6,5,5,9,9,10,10,3.74,586.59,8.26,71
6,6,5,5,10,10,9,9,3.74,586.59,8.26,71
6,6,5,5,10,10,10,10,3.74,586.59,8.26,71
7,7,5,5,7,7,9,9,3.74,586.59,8.26,71
7,7,5,5,7,7,10,10,3.74,586.59,8.26,71
7,7,5,5,8,8,9,9,3.74,586.59,8.26,71
7,7,5,5,8,8,10,10,3.74,586.59,8.26,71
7,7,5,5,9,9,9,9,3.74,586.59,8.26,71
7,7,5,5,9,9,10,10,3.74,586.59,8.26,71
7,7,5,5,10,10,9,9,3.74,586.59,8.26,71
7,7,5,5,10,10,10,10,3.74,586.59,8.26,71
4,4,10,10,4,4,6,6,3.73,666.4,9.52,70
4,4,10,10,4,4,7,7,3.73,666.4,9.52,70
4,4,10,10,4,4,8,8,3.73,666.4,9.52,70
5,5,10,10,4,4,9,9,3.73,651.75,9.31,70
5,5,10,10,4,4,10,10,3.73,651.75,9.31,70
6,6,4,4,5,5,6,6,3.73,607.52,8.93,68
6,6,4,4,5,5,7,7,3.73,607.52,8.93,68
6,6,4,4,5,5,8,8,3.73,607.52,8.93,68
7,7,4,4,5,5,6,6,3.73,607.52,8.93,68
7,7,4,4,5,5,7,7,3.73,607.52,8.93,68
7,7,4,4,5,5,8,8,3.73,607.52,8.93,68
4,4,6,6,7,7,6,6,3.72,633.34,8.68,73
4,4,6,6,7,7,7,7,3.72,633.34,8.68,73
4,4,6,6,7,7,8,8,3.72,633.34,8.68,73
4,4,6,6,8,8,6,6,3.72,633.34,8.68,73
4,4,6,6,8,8,7,7,3.72,633.34,8.68,73
4,4,6,6,8,8,8,8,3.72,633.34,8.68,73
4,4,6,6,9,9,6,6,3.72,633.34,8.68,73
4,4,6,6,9,9,7,7,3.72,633.34,8.68,73
4,4,6,6,9,9,8,8,3.72,633.34,8.68,73
4,4,6,6,10,10,6,6,3.72,633.34,8.68,73
4,4,6,6,10,10,7,7,3.72,633.34,8.68,73
4,4,6,6,10,10,8,8,3.72,633.34,8.68,73
4,4,4,4,7,7,9,9,3.71,618.83,8.59,72
4,4,4,4,7,7,10,10,3.71,618.83,8.59,72
4,4,4,4,8,8,9,9,3.71,618.83,8.59,72
4,4,4,4,8,8,10,10,3.71,618.83,8.59,72
4,4,4,4,9,9,9,9,3.71,618.83,8.59,72
4,4,4,4,9,9,10,10,3.71,618.83,8.59,72
4,4,4,4,10,10,9,9,3.71,618.83,8.59,72
4,4,4,4,10,10,10,10,3.71,618.83,8.59,72
4,4,7,7,5,5,6,6,3.71,670.53,8.94,75
4,4,7,7,5,5,7,7,3.71,670.53,8.94,75
4,4,8,8,5,5,6,6,3.71,670.53,8.94,75
4,4,8,8,5,5,7,7,3.71,670.53,8.94,75
4,4,8,8,5,5,8,8,3.71,670.53,8.94,75
4,4,8,8,6,6,9,9,3.71,632.64,8.67,73
4,4,8,8,6,6,10,10,3.71,632.64,8.67,73
5,5,5,5,6,6,6,6,3.71,647.47,8.63,75
5,5,5,5,6,6,7,7,3.71,647.47,8.63,75
5,5,5,5,6,6,8,8,3.71,647.47,8.63,75
5,5,7,7,7,7,7,7,3.71,643.67,8.58,75
5,5,7,7,7,7,8,8,3.71,643.67,8.58,75
5,5,7,7,8,8,7,7,3.71,643.67,8.58,75
5,5,7,7,8,8,8,8,3.71,643.67,8.58,75
5,5,7,7,9,9,7,7,3.71,643.67,8.58,75
5,5,7,7,9,9,8,8,3.71,643.67,8.58,75
5,5,7,7,10,10,7,7,3.71,643.67,8.58,75
5,5,7,7,10,10,8,8,3.71,643.67,8.58,75
5,5,10,10,7,7,5,5,3.71,605.57,9.18,66
5,5,10,10,8,8,5,5,3.71,605.57,9.18,66
5,5,10,10,9,9,5,5,3.71,605.57,9.18,66
5,5,10,10,10,10,5,5,3.71,605.57,9.18,66
9,9,6,6,7,7,6,6,3.71,570.54,8.52,67
9,9,6,6,7,7,7,7,3.71,570.54,8.52,67
9,9,6,6,7,7,8,8,3.71,570.54,8.52,67
9,9,6,6,7,7,9,9,3.71,570.54,8.52,67
9,9,6,6,7,7,10,10,3.71,570.54,8.52,67
9,9,6,6,8,8,6,6,3.71,570.54,8.52,67
9,9,6,6,8,8,7,7,3.71,570.54,8.52,67
9,9,6,6,8,8,8,8,3.71,570.54,8.52,67
9,9,6,6,8,8,9,9,3.71,570.54,8.52,67
9,9,6,6,8,8,10,10,3.71,570.54,8.52,67
9,9,6,6,9,9,6,6,3.71,570.54,8.52,67
9,9,6,6,9,9,7,7,3.71,570.54,8.52,67
9,9,6,6,9,9,8,8,3.71,570.54,8.52,67
9,9,6,6,9,9,9,9,3.71,570.54,8.52,67
9,9,6,6,9,9,10,10,3.71,570.54,8.52,67
9,9,6,6,10,10,6,6,3.71,570.54,8.52,67
9,9,6,6,10,10,7,7,3.71,570.54,8.52,67
9,9,6,6,10,10,8,8,3.71,570.54,8.52,67
9,9,6,6,10,10,9,9,3.71,570.54,8.52,67
9,9,6,6,10,10,10,10,3.71,570.54,8.52,67
4,4,9,9,6,6,9,9,3.7,633.25,8.67,73
4,4,9,9,6,6,10,10,3.7,633.25,8.67,73
5,5,7,7,5,5,6,6,3.7,682.49,8.64,79
5,5,8,8,5,5,6,6,3.7,682.49,8.64,79
5,5,8,8,5,5,7,7,3.7,682.49,8.64,79
5,5,10,10,5,5,5,5,3.7,627.46,9.23,68
6,6,5,5,6,6,6,6,3.7,584.66,8.47,69
6,6,5,5,6,6,7,7,3.7,584.66,8.47,69
6,6,5,5,6,6,8,8,3.7,584.66,8.47,69
7,7,5,5,6,6,6,6,3.7,584.66,8.47,69
7,7,5,5,6,6,7,7,3.7,584.66,8.47,69
7,7,5,5,6,6,8,8,3.7,584.66,8.47,69
4,4,9,9,7,7,6,6,3.69,632.19,8.9,71
4,4,9,9,7,7,7,7,3.69,632.19,8.9,71
4,4,9,9,7,7,8,8,3.69,632.19,8.9,71
4,4,9,9,8,8,6,6,3.69,632.19,8.9,71
4,4,9,9,8,8,7,7,3.69,632.19,8.9,71
4,4,9,9,8,8,8,8,3.69,632.19,8.9,71
4,4,9,9,9,9,6,6,3.69,632.19,8.9,71
4,4,9,9,9,9,7,7,3.69,632.19,8.9,71
4,4,9,9,9,9,8,8,3.69,632.19,8.9,71
4,4,9,9,10,10,6,6,3.69,632.19,8.9,71
4,4,9,9,10,10,7,7,3.69,632.19,8.9,71
4,4,9,9,10,10,8,8,3.69,632.19,8.9,71
5,5,4,4,6,6,9,9,3.69,628.99,8.5,74
5,5,4,4,6,6,10,10,3.69,628.99,8.5,74
8,8,6,6,7,7,6,6,3.69,565.27,8.56,66
8,8,6,6,7,7,7,7,3.69,565.27,8.56,66
8,8,6,6,7,7,8,8,3.69,565.27,8.56,66
8,8,6,6,7,7,9,9,3.69,565.27,8.56,66
8,8,6,6,7,7,10,10,3.69,565.27,8.56,66
8,8,6,6,8,8,6,6,3.69,565.27,8.56,66
8,8,6,6,8,8,7,7,3.69,565.27,8.56,66
8,8,6,6,8,8,8,8,3.69,565.27,8.56,66
8,8,6,6,8,8,9,9,3.69,565.27,8.56,66
8,8,6,6,8,8,10,10,3.69,565.27,8.56,66
8,8,6,6,9,9,6,6,3.69,565.27,8.56,66
8,8,6,6,9,9,7,7,3.69,565.27,8.56,66
8,8,6,6,9,9,8,8,3.69,565.27,8.56,66
8,8,6,6,9,9,9,9,3.69,565.27,8.56,66
8,8,6,6,9,9,10,10,3.69,565.27,8.56,66
8,8,6,6,10,10,6,6,3.69,565.27,8.56,66
8,8,6,6,10,10,7,7,3.69,565.27,8.56,66
8,8,6,6,10,10,8,8,3.69,565.27,8.56,66
8,8,6,6,10,10,9,9,3.69,565.27,8.56,66
8,8,6,6,10,10,10,10,3.69,565.27,8.56,66
8,8,10,10,6,6,6,6,3.69,508.88,9.42,54
8,8,10,10,6,6,7,7,3.69,508.88,9.42,54
9,9,10,10,6,6,6,6,3.69,508.88,9.42,54
9,9,10,10,6,6,7,7,3.69,508.88,9.42,54
10,10,10,10,7,7,9,9,3.69,461.46,9.42,49
10,10,10,10,7,7,10,10,3.69,461.46,9.42,49
10,10,10,10,8,8,9,9,3.69,461.46,9.42,49
10,10,10,10,8,8,10,10,3.69,461.46,9.42,49
10,10,10,10,9,9,9,9,3.69,461.46,9.42,49
10,10,10,10,9,9,10,10,3.69,461.46,9.42,49
10,10,10,10,10,10,9,9,3.69,461.46,9.42,49
10,10,10,10,10,10,10,10,3.69,461.46,9.42,49
5,5,9,9,5,5,8,8,3.68,672.12,8.84,76
6,6,10,10,6,6,9,9,3.68,501.16,8.95,56
6,6,10,10,6,6,10,10,3.68,501.16,8.95,56
7,7,10,10,6,6,9,9,3.68,501.16,8.95,56
7,7,10,10,6,6,10,10,3.68,501.16,8.95,56
10,10,10,10,6,6,6,6,3.68,507.25,9.57,53
10,10,10,10,6,6,7,7,3.68,507.25,9.57,53
4,4,4,4,5,5,6,6,3.67,654.79,9.09,72
4,4,4,4,5,5,7,7,3.67,654.79,9.09,72
4,4,4,4,5,5,8,8,3.67,654.79,9.09,72
6,6,4,4,5,5,9,9,3.67,604.07,8.63,70
6,6,4,4,5,5,10,10,3.67,604.07,8.63,70
7,7,4,4,5,5,9,9,3.67,604.07,8.63,70
7,7,4,4,5,5,10,10,3.67,604.07,8.63,70
5,5,9,9,7,7,6,6,3.66,642.04,8.68,74
5,5,9,9,7,7,7,7,3.66,642.04,8.68,74
5,5,9,9,8,8,6,6,3.66,642.04,8.68,74
5,5,9,9,8,8,7,7,3.66,642.04,8.68,74
5,5,9,9,9,9,6,6,3.66,642.04,8.68,74
5,5,9,9,9,9,7,7,3.66,642.04,8.68,74
5,5,9,9,10,10,6,6,3.66,642.04,8.68,74
5,5,9,9,10,10,7,7,3.66,642.04,8.68,74
9,9,4,4,5,5,6,6,3.66,591.99,8.97,66
9,9,4,4,5,5,7,7,3.66,591.99,8.97,66
9,9,4,4,5,5,8,8,3.66,591.99,8.97,66
9,9,5,5,7,7,9,9,3.66,571.05,8.28,69
9,9,5,5,7,7,10,10,3.66,571.05,8.28,69
9,9,5,5,8,8,9,9,3.66,571.05,8.28,69
9,9,5,5,8,8,10,10,3.66,571.05,8.28,69
9,9,5,5,9,9,9,9,3.66,571.05,8.28,69
9,9,5,5,9,9,10,10,3.66,571.05,8.28,69
9,9,5,5,10,10,9,9,3.66,571.05,8.28,69
9,9,5,5,10,10,10,10,3.66,571.05,8.28,69
10,10,4,4,5,5,6,6,3.66,590.35,9.08,65
10,10,4,4,5,5,7,7,3.66,590.35,9.08,65
10,10,4,4,5,5,8,8,3.66,590.35,9.08,65
10,10,6,6,7,7,6,6,3.66,541.95,8.47,64
10,10,6,6,7,7,7,7,3.66,541.95,8.47,64
10,10,6,6,7,7,8,8,3.66,541.95,8.47,64
10,10,6,6,7,7,9,9,3.66,541.95,8.47,64
10,10,6,6,7,7,10,10,3.66,541.95,8.47,64
10,10,6,6,8,8,6,6,3.66,541.95,8.47,64
10,10,6,6,8,8,7,7,3.66,541.95,8.47,64
10,10,6,6,8,8,8,8,3.66,541.95,8.47,64
10,10,6,6,8,8,9,9,3.66,541.95,8.47,64
10,10,6,6,8,8,10,10,3.66,541.95,8.47,64
10,10,6,6,9,9,6,6,3.66,541.95,8.47,64
10,10,6,6,9,9,7,7,3.66,541.95,8.47,64
10,10,6,6,9,9,8,8,3.66,541.95,8.47,64
10,10,6,6,9,9,9,9,3.66,541.95,8.47,64
10,10,6,6,9,9,10,10,3.66,541.95,8.47,64
10,10,6,6,10,10,6,6,3.66,541.95,8.47,64
10,10,6,6,10,10,7,7,3.66,541.95,8.47,64
10,10,6,6,10,10,8,8,3.66,541.95,8.47,64
10,10,6,6,10,10,9,9,3.66,541.95,8.47,64
10,10,6,6,10,10,10,10,3.66,541.95,8.47,64
4,4,5,5,4,4,9,9,3.65,718.93,8.46,85
4,4,5,5,4,4,10,10,3.65,718.93,8.46,85
4,4,5,5,6,6,6,6,3.65,631.93,8.66,73
4,4,5,5,6,6,7,7,3.65,631.93,8.66,73
4,4,5,5,6,6,8,8,3.65,631.93,8.66,73
6,6,7,7,5,5,6,6,3.65,610.72,8.6,71
6,6,7,7,5,5,7,7,3.65,610.72,8.6,71
6,6,7,7,5,5,8,8,3.65,610.72,8.6,71
6,6,7,7,5,5,9,9,3.65,610.72,8.6,71
6,6,7,7,5,5,10,10,3.65,610.72,8.6,71
7,7,7,7,5,5,6,6,3.65,610.72,8.6,71
7,7,7,7,5,5,7,7,3.65,610.72,8.6,71
7,7,7,7,5,5,8,8,3.65,610.72,8.6,71
7,7,7,7,5,5,9,9,3.65,610.72,8.6,71
7,7,7,7,5,5,10,10,3.65,610.72,8.6,71
4,4,7,7,7,7,6,6,3.64,628.13,8.6,73
4,4,7,7,7,7,7,7,3.64,628.13,8.6,73
4,4,7,7,8,8,6,6,3.64,628.13,8.6,73
4,4,7,7,8,8,7,7,3.64,628.13,8.6,73
4,4,7,7,9,9,6,6,3.64,628.13,8.6,73
4,4,7,7,9,9,7,7,3.64,628.13,8.6,73
4,4,7,7,10,10,6,6,3.64,628.13,8.6,73
4,4,7,7,10,10,7,7,3.64,628.13,8.6,73
4,4,8,8,7,7,6,6,3.64,628.13,8.6,73
4,4,8,8,7,7,7,7,3.64,628.13,8.6,73
4,4,8,8,7,7,8,8,3.64,628.13,8.6,73
4,4,8,8,8,8,6,6,3.64,628.13,8.6,73
4,4,8,8,8,8,7,7,3.64,628.13,8.6,73
4,4,8,8,8,8,8,8,3.64,628.13,8.6,73
4,4,8,8,9,9,6,6,3.64,628.13,8.6,73
4,4,8,8,9,9,7,7,3.64,628.13,8.6,73
4,4,8,8,9,9,8,8,3.64,628.13,8.6,73
4,4,8,8,10,10,6,6,3.64,628.13,8.6,73
4,4,8,8,10,10,7,7,3.64,628.13,8.6,73
4,4,8,8,10,10,8,8,3.64,628.13,8.6,73
4,4,10,10,7,7,5,5,3.64,590.03,9.22,64
4,4,10,10,8,8,5,5,3.64,590.03,9.22,64
4,4,10,10,9,9,5,5,3.64,590.03,9.22,64
4,4,10,10,10,10,5,5,3.64,590.03,9.22,64
5,5,6,6,6,6,6,6,3.64,639.19,8.41,76
5,5,6,6,6,6,7,7,3.64,639.19,8.41,76
5,5,6,6,6,6,8,8,3.64,639.19,8.41,76
5,5,8,8,5,5,8,8,3.64,668.06,8.56,78
6,6,5,5,6,6,9,9,3.64,581.21,8.19,71
6,6,5,5,6,6,10,10,3.64,581.21,8.19,71
7,7,5,5,6,6,9,9,3.64,581.21,8.19,71
7,7,5,5,6,6,10,10,3.64,581.21,8.19,71
8,8,4,4,5,5,6,6,3.64,586.72,9.03,65
8,8,4,4,5,5,7,7,3.64,586.72,9.03,65
8,8,4,4,5,5,8,8,3.64,586.72,9.03,65
8,8,5,5,7,7,9,9,3.64,565.78,8.32,68
8,8,5,5,7,7,10,10,3.64,565.78,8.32,68
8,8,5,5,8,8,9,9,3.64,565.78,8.32,68
8,8,5,5,8,8,10,10,3.64,565.78,8.32,68
8,8,5,5,9,9,9,9,3.64,565.78,8.32,68
8,8,5,5,9,9,10,10,3.64,565.78,8.32,68
8,8,5,5,10,10,9,9,3.64,565.78,8.32,68
8,8,5,5,10,10,10,10,3.64,565.78,8.32,68
4,4,6,6,4,4,9,9,3.63,714.1,8.5,84
4,4,6,6,4,4,10,10,3.63,714.1,8.5,84
4,4,7,7,5,5,8,8,3.63,664.84,8.75,76
4,4,7,7,6,6,9,9,3.63,626.95,8.47,74
4,4,7,7,6,6,10,10,3.63,626.95,8.47,74
5,5,5,5,4,4,9,9,3.63,713.66,8.5,84
5,5,5,5,4,4,10,10,3.63,713.66,8.5,84
5,5,8,8,6,6,9,9,3.63,628.06,8.37,75
5,5,8,8,6,6,10,10,3.63,628.06,8.37,75
5,5,10,10,4,4,6,6,3.63,655.44,9.36,70
5,5,10,10,4,4,7,7,3.63,655.44,9.36,70
8,8,10,10,6,6,8,8,3.63,483.8,9.49,51
9,9,5,5,6,6,6,6,3.63,569.13,8.49,67
9,9,5,5,6,6,7,7,3.63,569.13,8.49,67
9,9,5,5,6,6,8,8,3.63,569.13,8.49,67
9,9,10,10,6,6,8,8,3.63,483.8,9.49,51
10,10,5,5,6,6,6,6,3.63,567.49,8.6,66
10,10,5,5,6,6,7,7,3.63,567.49,8.6,66
10,10,5,5,6,6,8,8,3.63,567.49,8.6,66
10,10,10,10,6,6,8,8,3.63,482.17,9.64,50
4,4,4,4,6,6,9,9,3.62,613.45,8.52,72
4,4,4,4,6,6,10,10,3.62,613.45,8.52,72
4,4,10,10,5,5,5,5,3.62,609.81,9.38,65
5,5,7,7,7,7,6,6,3.62,637.98,8.39,76
5,5,7,7,8,8,6,6,3.62,637.98,8.39,76
5,5,7,7,9,9,6,6,3.62,637.98,8.39,76
5,5,7,7,10,10,6,6,3.62,637.98,8.39,76
5,5,8,8,7,7,6,6,3.62,637.98,8.39,76
5,5,8,8,7,7,7,7,3.62,637.98,8.39,76
5,5,8,8,8,8,6,6,3.62,637.98,8.39,76
5,5,8,8,8,8,7,7,3.62,637.98,8.39,76
5,5,8,8,9,9,6,6,3.62,637.98,8.39,76
5,5,8,8,9,9,7,7,3.62,637.98,8.39,76
5,5,8,8,10,10,6,6,3.62,637.98,8.39,76
5,5,8,8,10,10,7,7,3.62,637.98,8.39,76
5,5,9,9,6,6,9,9,3.62,628.66,8.38,75
5,5,9,9,6,6,10,10,3.62,628.66,8.38,75
6,6,6,6,6,6,6,6,3.62,576.38,8.23,70
6,6,6,6,6,6,7,7,3.62,576.38,8.23,70
6,6,6,6,6,6,8,8,3.62,576.38,8.23,70
6,6,6,6,6,6,9,9,3.62,576.38,8.23,70
6,6,6,6,6,6,10,10,3.62,576.38,8.23,70
6,6,9,9,5,5,6,6,3.62,614.14,8.65,71
6,6,9,9,5,5,7,7,3.62,614.14,8.65,71
7,7,6,6,6,6,6,6,3.62,576.38,8.23,70
7,7,6,6,6,6,7,7,3.62,576.38,8.23,70
7,7,6,6,6,6,8,8,3.62,576.38,8.23,70
7,7,6,6,6,6,9,9,3.62,576.38,8.23,70
7,7,6,6,6,6,10,10,3.62,576.38,8.23,70
7,7,9,9,5,5,6,6,3.62,614.14,8.65,71
7,7,9,9,5,5,7,7,3.62,614.14,8.65,71
5,5,6,6,4,4,9,9,3.61,708.83,8.54,83
5,5,6,6,4,4,10,10,3.61,708.83,8.54,83
8,8,5,5,6,6,6,6,3.61,563.86,8.54,66
8,8,5,5,6,6,7,7,3.61,563.86,8.54,66
8,8,5,5,6,6,8,8,3.61,563.86,8.54,66
10,10,5,5,7,7,9,9,3.61,542.47,8.22,66
10,10,5,5,7,7,10,10,3.61,542.47,8.22,66
10,10,5,5,8,8,9,9,3.61,542.47,8.22,66
10,10,5,5,8,8,10,10,3.61,542.47,8.22,66
10,10,5,5,9,9,9,9,3.61,542.47,8.22,66
10,10,5,5,9,9,10,10,3.61,542.47,8.22,66
10,10,5,5,10,10,9,9,3.61,542.47,8.22,66
10,10,5,5,10,10,10,10,3.61,542.47,8.22,66
10,10,10,10,5,5,5,5,3.61,562.45,9.53,59
5,5,9,9,7,7,8,8,3.6,627.61,8.6,73
5,5,9,9,8,8,8,8,3.6,627.61,8.6,73
5,5,9,9,9,9,8,8,3.6,627.61,8.6,73
5,5,9,9,10,10,8,8,3.6,627.61,8.6,73
9,9,4,4,5,5,9,9,3.6,588.53,8.65,68
9,9,4,4,5,5,10,10,3.6,588.53,8.65,68
10,10,4,4,5,5,9,9,3.6,586.9,8.76,67
10,10,4,4,5,5,10,10,3.6,586.9,8.76,67
6,6,10,10,7,7,5,5,3.59,535.27,8.77,61
6,6,10,10,8,8,5,5,3.59,535.27,8.77,61
6,6,10,10,9,9,5,5,3.59,535.27,8.77,61
6,6,10,10,10,10,5,5,3.59,535.27,8.77,61
7,7,10,10,7,7,5,5,3.59,535.27,8.77,61
7,7,10,10,8,8,5,5,3.59,535.27,8.77,61
7,7,10,10,9,9,5,5,3.59,535.27,8.77,61
7,7,10,10,10,10,5,5,3.59,535.27,8.77,61
4,4,6,6,6,6,6,6,3.58,623.65,8.43,74
4,4,6,6,6,6,7,7,3.58,623.65,8.43,74
4,4,6,6,6,6,8,8,3.58,623.65,8.43,74
5,5,5,5,7,7,6,6,3.58,638.64,8.29,77
5,5,5,5,7,7,7,7,3.58,638.64,8.29,77
5,5,5,5,7,7,8,8,3.58,638.64,8.29,77
5,5,5,5,8,8,6,6,3.58,638.64,8.29,77
5,5,5,5,8,8,7,7,3.58,638.64,8.29,77
5,5,5,5,8,8,8,8,3.58,638.64,8.29,77
5,5,5,5,9,9,6,6,3.58,638.64,8.29,77
5,5,5,5,9,9,7,7,3.58,638.64,8.29,77
5,5,5,5,9,9,8,8,3.58,638.64,8.29,77
5,5,5,5,10,10,6,6,3.58,638.64,8.29,77
5,5,5,5,10,10,7,7,3.58,638.64,8.29,77
5,5,5,5,10,10,8,8,3.58,638.64,8.29,77
6,6,9,9,5,5,8,8,3.58,589.06,8.66,68
7,7,9,9,5,5,8,8,3.58,589.06,8.66,68
8,8,4,4,5,5,9,9,3.58,583.26,8.71,67
8,8,4,4,5,5,10,10,3.58,583.26,8.71,67
9,9,7,7,5,5,6,6,3.58,595.18,8.63,69
9,9,7,7,5,5,7,7,3.58,595.18,8.63,69
9,9,7,7,5,5,8,8,3.58,595.18,8.63,69
9,9,7,7,5,5,9,9,3.58,595.18,8.63,69
9,9,7,7,5,5,10,10,3.58,595.18,8.63,69
10,10,7,7,5,5,6,6,3.58,593.54,8.73,68
10,10,7,7,5,5,7,7,3.58,593.54,8.73,68
10,10,7,7,5,5,8,8,3.58,593.54,8.73,68
10,10,7,7,5,5,9,9,3.58,593.54,8.73,68
10,10,7,7,5,5,10,10,3.58,593.54,8.73,68
5,5,10,10,4,4,8,8,3.57,641.01,9.29,69
6,6,7,7,7,7,6,6,3.57,568.32,8.24,69
6,6,7,7,7,7,7,7,3.57,568.32,8.24,69
6,6,7,7,7,7,8,8,3.57,568.32,8.24,69
6,6,7,7,7,7,9,9,3.57,568.32,8.24,69
6,6,7,7,7,7,10,10,3.57,568.32,8.24,69
6,6,7,7,8,8,6,6,3.57,568.32,8.24,69
6,6,7,7,8,8,7,7,3.57,568.32,8.24,69
6,6,7,7,8,8,8,8,3.57,568.32,8.24,69
6,6,7,7,8,8,9,9,3.57,568.32,8.24,69
6,6,7,7,8,8,10,10,3.57,568.32,8.24,69
6,6,7,7,9,9,6,6,3.57,568.32,8.24,69
6,6,7,7,9,9,7,7,3.57,568.32,8.24,69
6,6,7,7,9,9,8,8,3.57,568.32,8.24,69
6,6,7,7,9,9,9,9,3.57,568.32,8.24,69
6,6,7,7,9,9,10,10,3.57,568.32,8.24,69
6,6,7,7,10,10,6,6,3.57,568.32,8.24,69
6,6,7,7,10,10,7,7,3.57,568.32,8.24,69
6,6,7,7,10,10,8,8,3.57,568.32,8.24,69
6,6,7,7,10,10,9,9,3.57,568.32,8.24,69
6,6,7,7,10,10,10,10,3.57,568.32,8.24,69
6,6,10,10,5,5,5,5,3.57,555.05,8.95,62
7,7,7,7,7,7,6,6,3.57,568.32,8.24,69
7,7,7,7,7,7,7,7,3.57,568.32,8.24,69
7,7,7,7,7,7,8,8,3.57,568.32,8.24,69
7,7,7,7,7,7,9,9,3.57,568.32,8.24,69
7,7,7,7,7,7,10,10,3.57,568.32,8.24,69
7,7,7,7,8,8,6,6,3.57,568.32,8.24,69
7,7,7,7,8,8,7,7,3.57,568.32,8.24,69
7,7,7,7,8,8,8,8,3.57,568.32,8.24,69
7,7,7,7,8,8,9,9,3.57,568.32,8.24,69
7,7,7,7,8,8,10,10,3.57,568.32,8.24,69
7,7,7,7,9,9,6,6,3.57,568.32,8.24,69
7,7,7,7,9,9,7,7,3.57,568.32,8.24,69
7,7,7,7,9,9,8,8,3.57,568.32,8.24,69
7,7,7,7,9,9,9,9,3.57,568.32,8.24,69
7,7,7,7,9,9,10,10,3.57,568.32,8.24,69
7,7,7,7,10,10,6,6,3.57,568.32,8.24,69
7,7,7,7,10,10,7,7,3.57,568.32,8.24,69
7,7,7,7,10,10,8,8,3.57,568.32,8.24,69
7,7,7,7,10,10,9,9,3.57,568.32,8.24,69
7,7,7,7,10,10,10,10,3.57,568.32,8.24,69
7,7,10,10,5,5,5,5,3.57,555.05,8.95,62
8,8,10,10,6,6,9,9,3.57,480.35,9.06,53
8,8,10,10,6,6,10,10,3.57,480.35,9.06,53
9,9,5,5,6,6,9,9,3.57,565.67,8.2,69
9,9,5,5,6,6,10,10,3.57,565.67,8.2,69
9,9,10,10,6,6,9,9,3.57,480.35,9.06,53
9,9,10,10,6,6,10,10,3.57,480.35,9.06,53
10,10,5,5,6,6,9,9,3.57,564.04,8.29,68
10,10,5,5,6,6,10,10,3.57,564.04,8.29,68
4,4,7,7,7,7,8,8,3.56,622.44,8.41,74
4,4,7,7,8,8,8,8,3.56,622.44,8.41,74
4,4,7,7,9,9,8,8,3.56,622.44,8.41,74
4,4,7,7,10,10,8,8,3.56,622.44,8.41,74
4,4,8,8,4,4,9,9,3.56,708.9,8.44,84
4,4,8,8,4,4,10,10,3.56,708.9,8.44,84
5,5,7,7,6,6,7,7,3.56,633.98,8.34,76
5,5,7,7,6,6,8,8,3.56,633.98,8.34,76
5,5,8,8,7,7,8,8,3.56,623.55,8.31,75
5,5,8,8,8,8,8,8,3.56,623.55,8.31,75
5,5,8,8,9,9,8,8,3.56,623.55,8.31,75
5,5,8,8,10,10,8,8,3.56,623.55,8.31,75
6,6,5,5,7,7,6,6,3.56,575.84,8.11,71
6,6,5,5,7,7,7,7,3.56,575.84,8.11,71
6,6,5,5,7,7,8,8,3.56,575.84,8.11,71
6,6,5,5,8,8,6,6,3.56,575.84,8.11,71
6,6,5,5,8,8,7,7,3.56,575.84,8.11,71
6,6,5,5,8,8,8,8,3.56,575.84,8.11,71
6,6,5,5,9,9,6,6,3.56,575.84,8.11,71
6,6,5,5,9,9,7,7,3.56,575.84,8.11,71
6,6,5,5,9,9,8,8,3.56,575.84,8.11,71
6,6,5,5,10,10,6,6,3.56,575.84,8.11,71
6,6,5,5,10,10,7,7,3.56,575.84,8.11,71
6,6,5,5,10,10,8,8,3.56,575.84,8.11,71
6,6,8,8,5,5,6,6,3.56,605.03,8.4,72
6,6,8,8,5,5,7,7,3.56,605.03,8.4,72
7,7,5,5,7,7,6,6,3.56,575.84,8.11,71
7,7,5,5,7,7,7,7,3.56,575.84,8.11,71
7,7,5,5,7,7,8,8,3.56,575.84,8.11,71
7,7,5,5,8,8,6,6,3.56,575.84,8.11,71
7,7,5,5,8,8,7,7,3.56,575.84,8.11,71
7,7,5,5,8,8,8,8,3.56,575.84,8.11,71
7,7,5,5,9,9,6,6,3.56,575.84,8.11,71
7,7,5,5,9,9,7,7,3.56,575.84,8.11,71
7,7,5,5,9,9,8,8,3.56,575.84,8.11,71
7,7,5,5,10,10,6,6,3.56,575.84,8.11,71
7,7,5,5,10,10,7,7,3.56,575.84,8.11,71
7,7,5,5,10,10,8,8,3.56,575.84,8.11,71
7,7,8,8,5,5,6,6,3.56,605.03,8.4,72
7,7,8,8,5,5,7,7,3.56,605.03,8.4,72
8,8,7,7,5,5,6,6,3.56,589.91,8.68,68
8,8,7,7,5,5,7,7,3.56,589.91,8.68,68
8,8,7,7,5,5,8,8,3.56,589.91,8.68,68
8,8,7,7,5,5,9,9,3.56,589.91,8.68,68
8,8,7,7,5,5,10,10,3.56,589.91,8.68,68
10,10,10,10,6,6,9,9,3.56,478.72,9.21,52
10,10,10,10,6,6,10,10,3.56,478.72,9.21,52
4,4,9,9,4,4,9,9,3.55,709.5,8.45,84
4,4,9,9,4,4,10,10,3.55,709.5,8.45,84
6,6,9,9,7,7,6,6,3.55,571.74,8.29,69
6,6,9,9,7,7,7,7,3.55,571.74,8.29,69
6,6,9,9,8,8,6,6,3.55,571.74,8.29,69
6,6,9,9,8,8,7,7,3.55,571.74,8.29,69
6,6,9,9,9,9,6,6,3.55,571.74,8.29,69
6,6,9,9,9,9,7,7,3.55,571.74,8.29,69
6,6,9,9,10,10,6,6,3.55,571.74,8.29,69
6,6,9,9,10,10,7,7,3.55,571.74,8.29,69
7,7,9,9,7,7,6,6,3.55,571.74,8.29,69
7,7,9,9,7,7,7,7,3.55,571.74,8.29,69
7,7,9,9,8,8,6,6,3.55,571.74,8.29,69
7,7,9,9,8,8,7,7,3.55,571.74,8.29,69
7,7,9,9,9,9,6,6,3.55,571.74,8.29,69
7,7,9,9,9,9,7,7,3.55,571.74,8.29,69
7,7,9,9,10,10,6,6,3.55,571.74,8.29,69
7,7,9,9,10,10,7,7,3.55,571.74,8.29,69
8,8,5,5,6,6,9,9,3.55,560.4,8.24,68
8,8,5,5,6,6,10,10,3.55,560.4,8.24,68
9,9,6,6,6,6,6,6,3.55,560.85,8.25,68
9,9,6,6,6,6,7,7,3.55,560.85,8.25,68
9,9,6,6,6,6,8,8,3.55,560.85,8.25,68
9,9,6,6,6,6,9,9,3.55,560.85,8.25,68
9,9,6,6,6,6,10,10,3.55,560.85,8.25,68
10,10,6,6,6,6,6,6,3.55,559.21,8.35,67
10,10,6,6,6,6,7,7,3.55,559.21,8.35,67
10,10,6,6,6,6,8,8,3.55,559.21,8.35,67
10,10,6,6,6,6,9,9,3.55,559.21,8.35,67
10,10,6,6,6,6,10,10,3.55,559.21,8.35,67
4,4,9,9,6,6,6,6,3.54,622.5,8.65,72
4,4,9,9,6,6,7,7,3.54,622.5,8.65,72
4,4,9,9,6,6,8,8,3.54,622.5,8.65,72
5,5,5,5,5,5,5,5,3.54,674.94,8.33,81
5,5,7,7,4,4,9,9,3.54,703.62,8.48,83
5,5,7,7,4,4,10,10,3.54,703.62,8.48,83
5,5,4,4,6,6,6,6,3.53,618.24,8.47,73
5,5,4,4,6,6,7,7,3.53,618.24,8.47,73
5,5,4,4,6,6,8,8,3.53,618.24,8.47,73
5,5,6,6,7,7,5,5,3.53,648.22,8.31,78
5,5,6,6,8,8,5,5,3.53,648.22,8.31,78
5,5,6,6,9,9,5,5,3.53,648.22,8.31,78
5,5,6,6,10,10,5,5,3.53,648.22,8.31,78
6,6,4,4,7,7,9,9,3.53,557.36,8.08,69
6,6,4,4,7,7,10,10,3.53,557.36,8.08,69
6,6,4,4,8,8,9,9,3.53,557.36,8.08,69
6,6,4,4,8,8,10,10,3.53,557.36,8.08,69
6,6,4,4,9,9,9,9,3.53,557.36,8.08,69
6,6,4,4,9,9,10,10,3.53,557.36,8.08,69
6,6,4,4,10,10,9,9,3.53,557.36,8.08,69
6,6,4,4,10,10,10,10,3.53,557.36,8.08,69
7,7,4,4,7,7,9,9,3.53,557.36,8.08,69
7,7,4,4,7,7,10,10,3.53,557.36,8.08,69
7,7,4,4,8,8,9,9,3.53,557.36,8.08,69
7,7,4,4,8,8,10,10,3.53,557.36,8.08,69
7,7,4,4,9,9,9,9,3.53,557.36,8.08,69
7,7,4,4,9,9,10,10,3.53,557.36,8.08,69
7,7,4,4,10,10,9,9,3.53,557.36,8.08,69
7,7,4,4,10,10,10,10,3.53,557.36,8.08,69
8,8,6,6,6,6,6,6,3.53,555.57,8.29,67
8,8,6,6,6,6,7,7,3.53,555.57,8.29,67
8,8,6,6,6,6,8,8,3.53,555.57,8.29,67
8,8,6,6,6,6,9,9,3.53,555.57,8.29,67
8,8,6,6,6,6,10,10,3.53,555.57,8.29,67
8,8,9,9,5,5,6,6,3.53,593.33,8.73,68
8,8,9,9,5,5,7,7,3.53,593.33,8.73,68
9,9,9,9,5,5,6,6,3.53,593.33,8.73,68
9,9,9,9,5,5,7,7,3.53,593.33,8.73,68
10,10,9,9,5,5,6,6,3.53,591.69,8.83,67
10,10,9,9,5,5,7,7,3.53,591.69,8.83,67
4,4,5,5,7,7,6,6,3.52,623.11,8.31,75
4,4,5,5,7,7,7,7,3.52,623.11,8.31,75
4,4,5,5,7,7,8,8,3.52,623.11,8.31,75
4,4,5,5,8,8,6,6,3.52,623.11,8.31,75
4,4,5,5,8,8,7,7,3.52,623.11,8.31,75
4,4,5,5,8,8,8,8,3.52,623.11,8.31,75
4,4,5,5,9,9,6,6,3.52,623.11,8.31,75
4,4,5,5,9,9,7,7,3.52,623.11,8.31,75
4,4,5,5,9,9,8,8,3.52,623.11,8.31,75
4,4,5,5,10,10,6,6,3.52,623.11,8.31,75
4,4,5,5,10,10,7,7,3.52,623.11,8.31,75
4,4,5,5,10,10,8,8,3.52,623.11,8.31,75
5,5,6,6,5,5,5,5,3.52,670.11,8.38,80
5,5,9,9,6,6,6,6,3.52,632.35,8.43,75
5,5,9,9,6,6,7,7,3.52,632.35,8.43,75
6,6,9,9,5,5,9,9,3.52,585.61,8.37,70
6,6,9,9,5,5,10,10,3.52,585.61,8.37,70
7,7,9,9,5,5,9,9,3.52,585.61,8.37,70
7,7,9,9,5,5,10,10,3.52,585.61,8.37,70
4,4,5,5,4,4,6,6,3.51,708.19,8.43,84
4,4,5,5,4,4,7,7,3.51,708.19,8.43,84
4,4,5,5,4,4,8,8,3.51,708.19,8.43,84
6,6,5,5,5,5,5,5,3.51,610.02,8.24,74
6,6,6,6,7,7,5,5,3.51,585.41,8.13,72
6,6,6,6,8,8,5,5,3.51,585.41,8.13,72
6,6,6,6,9,9,5,5,3.51,585.41,8.13,72
6,6,6,6,10,10,5,5,3.51,585.41,8.13,72
6,6,8,8,5,5,8,8,3.51,579.95,8.41,69
6,6,8,8,5,5,9,9,3.51,579.95,8.41,69
6,6,8,8,5,5,10,10,3.51,579.95,8.41,69
7,7,5,5,5,5,5,5,3.51,610.02,8.24,74
7,7,6,6,7,7,5,5,3.51,585.41,8.13,72
7,7,6,6,8,8,5,5,3.51,585.41,8.13,72
7,7,6,6,9,9,5,5,3.51,585.41,8.13,72
7,7,6,6,10,10,5,5,3.51,585.41,8.13,72
7,7,8,8,5,5,8,8,3.51,579.95,8.41,69
7,7,8,8,5,5,9,9,3.51,579.95,8.41,69
7,7,8,8,5,5,10,10,3.51,579.95,8.41,69
4,4,7,7,6,6,6,6,3.5,618.44,8.36,74
4,4,7,7,6,6,7,7,3.5,618.44,8.36,74
4,4,8,8,6,6,6,6,3.5,618.44,8.36,74
4,4,8,8,6,6,7,7,3.5,618.44,8.36,74
4,4,8,8,6,6,8,8,3.5,618.44,8.36,74
6,6,4,4,6,6,6,6,3.5,555.44,8.29,67
6,6,4,4,6,6,7,7,3.5,555.44,8.29,67
6,6,4,4,6,6,8,8,3.5,555.44,8.29,67
6,6,9,9,7,7,8,8,3.5,546.66,8.28,66
6,6,9,9,8,8,8,8,3.5,546.66,8.28,66
6,6,9,9,9,9,8,8,3.5,546.66,8.28,66
6,6,9,9,10,10,8,8,3.5,546.66,8.28,66
6,6,10,10,4,4,6,6,3.5,583.03,9.11,64
6,6,10,10,4,4,7,7,3.5,583.03,9.11,64
7,7,4,4,6,6,6,6,3.5,555.44,8.29,67
7,7,4,4,6,6,7,7,3.5,555.44,8.29,67
7,7,4,4,6,6,8,8,3.5,555.44,8.29,67
7,7,9,9,7,7,8,8,3.5,546.66,8.28,66
7,7,9,9,8,8,8,8,3.5,546.66,8.28,66
7,7,9,9,9,9,8,8,3.5,546.66,8.28,66
7,7,9,9,10,10,8,8,3.5,546.66,8.28,66
7,7,10,10,4,4,6,6,3.5,583.03,9.11,64
7,7,10,10,4,4,7,7,3.5,583.03,9.11,64
8,8,10,10,4,4,6,6,3.5,583.03,9.11,64
8,8,10,10,4,4,7,7,3.5,583.03,9.11,64
9,9,7,7,7,7,6,6,3.5,552.78,8.25,67
9,9,7,7,7,7,7,7,3.5,552.78,8.25,67
9,9,7,7,7,7,8,8,3.5,552.78,8.25,67
9,9,7,7,7,7,9,9,3.5,552.78,8.25,67
9,9,7,7,7,7,10,10,3.5,552.78,8.25,67
9,9,7,7,8,8,6,6,3.5,552.78,8.25,67
9,9,7,7,8,8,7,7,3.5,552.78,8.25,67
9,9,7,7,8,8,8,8,3.5,552.78,8.25,67
9,9,7,7,8,8,9,9,3.5,552.78,8.25,67
9,9,7,7,8,8,10,10,3.5,552.78,8.25,67
9,9,7,7,9,9,6,6,3.5,552.78,8.25,67
9,9,7,7,9,9,7,7,3.5,552.78,8.25,67
9,9,7,7,9,9,8,8,3.5,552.78,8.25,67
9,9,7,7,9,9,9,9,3.5,552.78,8.25,67
9,9,7,7,9,9,10,10,3.5,552.78,8.25,67
9,9,7,7,10,10,6,6,3.5,552.78,8.25,67
9,9,7,7,10,10,7,7,3.5,552.78,8.25,67
9,9,7,7,10,10,8,8,3.5,552.78,8.25,67
9,9,7,7,10,10,9,9,3.5,552.78,8.25,67
9,9,7,7,10,10,10,10,3.5,552.78,8.25,67
9,9,10,10,4,4,6,6,3.5,583.03,9.11,64
9,9,10,10,4,4,7,7,3.5,583.03,9.11,64
10,10,10,10,4,4,6,6,3.5,581.39,9.23,63
10,10,10,10,4,4,7,7,3.5,581.39,9.23,63
4,4,7,7,4,4,9,9,3.49,703.2,8.27,85
4,4,7,7,4,4,10,10,3.49,703.2,8.27,85
5,5,5,5,4,4,6,6,3.49,702.92,8.47,83
5,5,5,5,4,4,7,7,3.49,702.92,8.47,83
5,5,5,5,4,4,8,8,3.49,702.92,8.47,83
5,5,5,5,7,7,5,5,3.49,648.74,8.11,80
5,5,5,5,8,8,5,5,3.49,648.74,8.11,80
5,5,5,5,9,9,5,5,3.49,648.74,8.11,80
5,5,5,5,10,10,5,5,3.49,648.74,8.11,80
6,6,6,6,5,5,5,5,3.49,605.19,8.29,73
7,7,6,6,5,5,5,5,3.49,605.19,8.29,73
8,8,9,9,5,5,8,8,3.49,568.25,8.74,65
8,8,10,10,7,7,5,5,3.49,514.46,8.87,58
8,8,10,10,8,8,5,5,3.49,514.46,8.87,58
8,8,10,10,9,9,5,5,3.49,514.46,8.87,58
8,8,10,10,10,10,5,5,3.49,514.46,8.87,58
9,9,5,5,7,7,6,6,3.49,560.3,8.12,69
9,9,5,5,7,7,7,7,3.49,560.3,8.12,69
9,9,5,5,7,7,8,8,3.49,560.3,8.12,69
9,9,5,5,8,8,6,6,3.49,560.3,8.12,69
9,9,5,5,8,8,7,7,3.49,560.3,8.12,69
9,9,5,5,8,8,8,8,3.49,560.3,8.12,69
9,9,5,5,9,9,6,6,3.49,560.3,8.12,69
9,9,5,5,9,9,7,7,3.49,560.3,8.12,69
9,9,5,5,9,9,8,8,3.49,560.3,8.12,69
9,9,5,5,10,10,6,6,3.49,560.3,8.12,69
9,9,5,5,10,10,7,7,3.49,560.3,8.12,69
9,9,5,5,10,10,8,8,3.49,560.3,8.12,69
9,9,8,8,5,5,6,6,3.49,589.49,8.42,70
9,9,8,8,5,5,7,7,3.49,589.49,8.42,70
9,9,9,9,5,5,8,8,3.49,568.25,8.74,65
9,9,10,10,7,7,5,5,3.49,514.46,8.87,58
9,9,10,10,8,8,5,5,3.49,514.46,8.87,58
9,9,10,10,9,9,5,5,3.49,514.46,8.87,58
9,9,10,10,10,10,5,5,3.49,514.46,8.87,58
10,10,8,8,5,5,6,6,3.49,587.85,8.52,69
10,10,8,8,5,5,7,7,3.49,587.85,8.52,69
4,4,4,4,4,4,9,9,3.48,689.71,8.31,83
4,4,4,4,4,4,10,10,3.48,689.71,8.31,83
4,4,5,5,5,5,5,5,3.48,657.29,8.43,78
5,5,7,7,6,6,6,6,3.48,628.29,8.16,77
5,5,8,8,6,6,6,6,3.48,628.29,8.16,77
5,5,8,8,6,6,7,7,3.48,628.29,8.16,77
6,6,8,8,7,7,6,6,3.48,562.63,8.04,70
6,6,8,8,7,7,7,7,3.48,562.63,8.04,70
6,6,8,8,8,8,6,6,3.48,562.63,8.04,70
6,6,8,8,8,8,7,7,3.48,562.63,8.04,70
6,6,8,8,9,9,6,6,3.48,562.63,8.04,70
6,6,8,8,9,9,7,7,3.48,562.63,8.04,70
6,6,8,8,10,10,6,6,3.48,562.63,8.04,70
6,6,8,8,10,10,7,7,3.48,562.63,8.04,70
7,7,8,8,7,7,6,6,3.48,562.63,8.04,70
7,7,8,8,7,7,7,7,3.48,562.63,8.04,70
7,7,8,8,8,8,6,6,3.48,562.63,8.04,70
7,7,8,8,8,8,7,7,3.48,562.63,8.04,70
7,7,8,8,9,9,6,6,3.48,562.63,8.04,70
7,7,8,8,9,9,7,7,3.48,562.63,8.04,70
7,7,8,8,10,10,6,6,3.48,562.63,8.04,70
7,7,8,8,10,10,7,7,3.48,562.63,8.04,70
8,8,7,7,7,7,6,6,3.48,547.51,8.3,66
8,8,7,7,7,7,7,7,3.48,547.51,8.3,66
8,8,7,7,7,7,8,8,3.48,547.51,8.3,66
8,8,7,7,7,7,9,9,3.48,547.51,8.3,66
8,8,7,7,7,7,10,10,3.48,547.51,8.3,66
8,8,7,7,8,8,6,6,3.48,547.51,8.3,66
8,8,7,7,8,8,7,7,3.48,547.51,8.3,66
8,8,7,7,8,8,8,8,3.48,547.51,8.3,66
8,8,7,7,8,8,9,9,3.48,547.51,8.3,66
8,8,7,7,8,8,10,10,3.48,547.51,8.3,66
8,8,7,7,9,9,6,6,3.48,547.51,8.3,66
8,8,7,7,9,9,7,7,3.48,547.51,8.3,66
8,8,7,7,9,9,8,8,3.48,547.51,8.3,66
8,8,7,7,9,9,9,9,3.48,547.51,8.3,66
8,8,7,7,9,9,10,10,3.48,547.51,8.3,66
8,8,7,7,10,10,6,6,3.48,547.51,8.3,66
8,8,7,7,10,10,7,7,3.48,547.51,8.3,66
8,8,7,7,10,10,8,8,3.48,547.51,8.3,66
8,8,7,7,10,10,9,9,3.48,547.51,8.3,66
8,8,7,7,10,10,10,10,3.48,547.51,8.3,66
10,10,9,9,5,5,8,8,3.48,566.61,8.85,64
4,4,6,6,7,7,5,5,3.47,632.68,8.32,76
4,4,6,6,8,8,5,5,3.47,632.68,8.32,76
4,4,6,6,9,9,5,5,3.47,632.68,8.32,76
4,4,6,6,10,10,5,5,3.47,632.68,8.32,76
5,5,4,4,4,4,9,9,3.47,684.44,8.35,82
5,5,4,4,4,4,10,10,3.47,684.44,8.35,82
8,8,8,8,5,5,6,6,3.47,584.22,8.47,69
8,8,8,8,5,5,7,7,3.47,584.22,8.47,69
8,8,10,10,5,5,5,5,3.47,534.24,9.05,59
9,9,5,5,4,4,6,6,3.47,643.27,8.35,77
9,9,5,5,4,4,7,7,3.47,643.27,8.35,77
9,9,5,5,4,4,8,8,3.47,643.27,8.35,77
9,9,10,10,5,5,5,5,3.47,534.24,9.05,59
10,10,5,5,4,4,6,6,3.47,641.63,8.44,76
10,10,5,5,4,4,7,7,3.47,641.63,8.44,76
10,10,5,5,4,4,8,8,3.47,641.63,8.44,76
4,4,4,4,6,6,6,6,3.46,602.71,8.49,71
4,4,4,4,6,6,7,7,3.46,602.71,8.49,71
4,4,4,4,6,6,8,8,3.46,602.71,8.49,71
4,4,6,6,5,5,5,5,3.46,652.46,8.47,77
5,5,9,9,6,6,8,8,3.46,617.92,8.35,74
5,5,10,10,6,6,5,5,3.46,573.26,8.69,66
6,6,5,5,7,7,5,5,3.46,585.93,7.92,74
6,6,5,5,8,8,5,5,3.46,585.93,7.92,74
6,6,5,5,9,9,5,5,3.46,585.93,7.92,74
6,6,5,5,10,10,5,5,3.46,585.93,7.92,74
7,7,5,5,7,7,5,5,3.46,585.93,7.92,74
7,7,5,5,8,8,5,5,3.46,585.93,7.92,74
7,7,5,5,9,9,5,5,3.46,585.93,7.92,74
7,7,5,5,10,10,5,5,3.46,585.93,7.92,74
8,8,5,5,7,7,6,6,3.46,555.03,8.16,68
8,8,5,5,7,7,7,7,3.46,555.03,8.16,68
8,8,5,5,7,7,8,8,3.46,555.03,8.16,68
8,8,5,5,8,8,6,6,3.46,555.03,8.16,68
8,8,5,5,8,8,7,7,3.46,555.03,8.16,68
8,8,5,5,8,8,8,8,3.46,555.03,8.16,68
8,8,5,5,9,9,6,6,3.46,555.03,8.16,68
8,8,5,5,9,9,7,7,3.46,555.03,8.16,68
8,8,5,5,9,9,8,8,3.46,555.03,8.16,68
8,8,5,5,10,10,6,6,3.46,555.03,8.16,68
8,8,5,5,10,10,7,7,3.46,555.03,8.16,68
8,8,5,5,10,10,8,8,3.46,555.03,8.16,68
9,9,4,4,7,7,9,9,3.46,541.83,8.09,67
9,9,4,4,7,7,10,10,3.46,541.83,8.09,67
9,9,4,4,8,8,9,9,3.46,541.83,8.09,67
9,9,4,4,8,8,10,10,3.46,541.83,8.09,67
9,9,4,4,9,9,9,9,3.46,541.83,8.09,67
9,9,4,4,9,9,10,10,3.46,541.83,8.09,67
9,9,4,4,10,10,9,9,3.46,541.83,8.09,67
9,9,4,4,10,10,10,10,3.46,541.83,8.09,67
4,4,6,6,4,4,6,6,3.45,699.91,8.23,85
4,4,6,6,4,4,7,7,3.45,699.91,8.23,85
4,4,6,6,4,4,8,8,3.45,699.91,8.23,85
6,6,5,5,4,4,6,6,3.45,638,8.39,76
6,6,5,5,4,4,7,7,3.45,638,8.39,76
6,6,5,5,4,4,8,8,3.45,638,8.39,76
6,6,10,10,4,4,8,8,3.45,557.95,9.15,61
7,7,5,5,4,4,6,6,3.45,638,8.39,76
7,7,5,5,4,4,7,7,3.45,638,8.39,76
7,7,5,5,4,4,8,8,3.45,638,8.39,76
7,7,10,10,4,4,8,8,3.45,557.95,9.15,61
8,8,5,5,4,4,6,6,3.45,638,8.39,76
8,8,5,5,4,4,7,7,3.45,638,8.39,76
8,8,5,5,4,4,8,8,3.45,638,8.39,76
8,8,9,9,7,7,6,6,3.45,550.93,8.35,66
8,8,9,9,7,7,7,7,3.45,550.93,8.35,66
8,8,9,9,8,8,6,6,3.45,550.93,8.35,66
8,8,9,9,8,8,7,7,3.45,550.93,8.35,66
8,8,9,9,9,9,6,6,3.45,550.93,8.35,66
8,8,9,9,9,9,7,7,3.45,550.93,8.35,66
8,8,9,9,10,10,6,6,3.45,550.93,8.35,66
8,8,9,9,10,10,7,7,3.45,550.93,8.35,66
8,8,10,10,4,4,8,8,3.45,557.95,9.15,61
9,9,5,5,5,5,5,5,3.45,594.48,8.26,72
9,9,8,8,5,5,8,8,3.45,564.41,8.42,67
9,9,8,8,5,5,9,9,3.45,564.41,8.42,67
9,9,8,8,5,5,10,10,3.45,564.41,8.42,67
9,9,9,9,7,7,6,6,3.45,550.93,8.35,66
9,9,9,9,7,7,7,7,3.45,550.93,8.35,66
9,9,9,9,8,8,6,6,3.45,550.93,8.35,66
9,9,9,9,8,8,7,7,3.45,550.93,8.35,66
9,9,9,9,9,9,6,6,3.45,550.93,8.35,66
9,9,9,9,9,9,7,7,3.45,550.93,8.35,66
9,9,9,9,10,10,6,6,3.45,550.93,8.35,66
9,9,9,9,10,10,7,7,3.45,550.93,8.35,66
9,9,10,10,4,4,8,8,3.45,557.95,9.15,61
10,10,10,10,4,4,8,8,3.45,556.31,9.27,60
4,4,5,5,7,7,5,5,3.44,633.2,8.12,78
4,4,5,5,8,8,5,5,3.44,633.2,8.12,78
4,4,5,5,9,9,5,5,3.44,633.2,8.12,78
4,4,5,5,10,10,5,5,3.44,633.2,8.12,78
6,6,4,4,6,6,9,9,3.44,551.98,8,69
6,6,4,4,6,6,10,10,3.44,551.98,8,69
6,6,9,9,7,7,9,9,3.44,543.21,7.99,68
6,6,9,9,7,7,10,10,3.44,543.21,7.99,68
6,6,9,9,8,8,9,9,3.44,543.21,7.99,68
6,6,9,9,8,8,10,10,3.44,543.21,7.99,68
6,6,9,9,9,9,9,9,3.44,543.21,7.99,68
6,6,9,9,9,9,10,10,3.44,543.21,7.99,68
6,6,9,9,10,10,9,9,3.44,543.21,7.99,68
6,6,9,9,10,10,10,10,3.44,543.21,7.99,68
7,7,4,4,6,6,9,9,3.44,551.98,8,69
7,7,4,4,6,6,10,10,3.44,551.98,8,69
7,7,9,9,7,7,9,9,3.44,543.21,7.99,68
7,7,9,9,7,7,10,10,3.44,543.21,7.99,68
7,7,9,9,8,8,9,9,3.44,543.21,7.99,68
7,7,9,9,8,8,10,10,3.44,543.21,7.99,68
7,7,9,9,9,9,9,9,3.44,543.21,7.99,68
7,7,9,9,9,9,10,10,3.44,543.21,7.99,68
7,7,9,9,10,10,9,9,3.44,543.21,7.99,68
7,7,9,9,10,10,10,10,3.44,543.21,7.99,68
8,8,9,9,5,5,9,9,3.44,564.8,8.43,67
8,8,9,9,5,5,10,10,3.44,564.8,8.43,67
9,9,6,6,7,7,5,5,3.44,569.88,8.14,70
9,9,6,6,8,8,5,5,3.44,569.88,8.14,70
9,9,6,6,9,9,5,5,3.44,569.88,8.14,70
9,9,6,6,10,10,5,5,3.44,569.88,8.14,70
9,9,9,9,5,5,9,9,3.44,564.8,8.43,67
9,9,9,9,5,5,10,10,3.44,564.8,8.43,67
10,10,5,5,5,5,5,5,3.44,592.85,8.35,71
10,10,7,7,7,7,6,6,3.44,524.2,8.19,64
10,10,7,7,7,7,7,7,3.44,524.2,8.19,64
10,10,7,7,7,7,8,8,3.44,524.2,8.19,64
10,10,7,7,7,7,9,9,3.44,524.2,8.19,64
10,10,7,7,7,7,10,10,3.44,524.2,8.19,64
10,10,7,7,8,8,6,6,3.44,524.2,8.19,64
10,10,7,7,8,8,7,7,3.44,524.2,8.19,64
10,10,7,7,8,8,8,8,3.44,524.2,8.19,64
10,10,7,7,8,8,9,9,3.44,524.2,8.19,64
10,10,7,7,8,8,10,10,3.44,524.2,8.19,64
10,10,7,7,9,9,6,6,3.44,524.2,8.19,64
10,10,7,7,9,9,7,7,3.44,524.2,8.19,64
10,10,7,7,9,9,8,8,3.44,524.2,8.19,64
10,10,7,7,9,9,9,9,3.44,524.2,8.19,64
10,10,7,7,9,9,10,10,3.44,524.2,8.19,64
10,10,7,7,10,10,6,6,3.44,524.2,8.19,64
10,10,7,7,10,10,7,7,3.44,524.2,8.19,64
10,10,7,7,10,10,8,8,3.44,524.2,8.19,64
10,10,7,7,10,10,9,9,3.44,524.2,8.19,64
10,10,7,7,10,10,10,10,3.44,524.2,8.19,64
10,10,8,8,5,5,8,8,3.44,562.78,8.53,66
10,10,8,8,5,5,9,9,3.44,562.78,8.53,66
10,10,8,8,5,5,10,10,3.44,562.78,8.53,66
5,5,6,6,4,4,6,6,3.43,694.64,8.27,84
5,5,6,6,4,4,7,7,3.43,694.64,8.27,84
5,5,6,6,4,4,8,8,3.43,694.64,8.27,84
5,5,8,8,6,6,8,8,3.43,613.86,8.08,76
6,6,8,8,7,7,8,8,3.43,537.55,8.02,67
6,6,8,8,7,7,9,9,3.43,537.55,8.02,67
6,6,8,8,7,7,10,10,3.43,537.55,8.02,67
6,6,8,8,8,8,8,8,3.43,537.55,8.02,67
6,6,8,8,8,8,9,9,3.43,537.55,8.02,67
6,6,8,8,8,8,10,10,3.43,537.55,8.02,67
6,6,8,8,9,9,8,8,3.43,537.55,8.02,67
6,6,8,8,9,9,9,9,3.43,537.55,8.02,67
6,6,8,8,9,9,10,10,3.43,537.55,8.02,67
6,6,8,8,10,10,8,8,3.43,537.55,8.02,67
6,6,8,8,10,10,9,9,3.43,537.55,8.02,67
6,6,8,8,10,10,10,10,3.43,537.55,8.02,67
7,7,8,8,7,7,8,8,3.43,537.55,8.02,67
7,7,8,8,7,7,9,9,3.43,537.55,8.02,67
7,7,8,8,7,7,10,10,3.43,537.55,8.02,67
7,7,8,8,8,8,8,8,3.43,537.55,8.02,67
7,7,8,8,8,8,9,9,3.43,537.55,8.02,67
7,7,8,8,8,8,10,10,3.43,537.55,8.02,67
7,7,8,8,9,9,8,8,3.43,537.55,8.02,67
7,7,8,8,9,9,9,9,3.43,537.55,8.02,67
7,7,8,8,9,9,10,10,3.43,537.55,8.02,67
7,7,8,8,10,10,8,8,3.43,537.55,8.02,67
7,7,8,8,10,10,9,9,3.43,537.55,8.02,67
7,7,8,8,10,10,10,10,3.43,537.55,8.02,67
8,8,4,4,7,7,9,9,3.43,536.56,8.13,66
8,8,4,4,7,7,10,10,3.43,536.56,8.13,66
8,8,4,4,8,8,9,9,3.43,536.56,8.13,66
8,8,4,4,8,8,10,10,3.43,536.56,8.13,66
8,8,4,4,9,9,9,9,3.43,536.56,8.13,66
8,8,4,4,9,9,10,10,3.43,536.56,8.13,66
8,8,4,4,10,10,9,9,3.43,536.56,8.13,66
8,8,4,4,10,10,10,10,3.43,536.56,8.13,66
9,9,4,4,6,6,6,6,3.43,539.9,8.31,65
9,9,4,4,6,6,7,7,3.43,539.9,8.31,65
9,9,4,4,6,6,8,8,3.43,539.9,8.31,65
9,9,5,5,4,4,9,9,3.43,639.82,8.1,79
9,9,5,5,4,4,10,10,3.43,639.82,8.1,79
9,9,6,6,5,5,5,5,3.43,589.65,8.3,71
10,10,5,5,4,4,9,9,3.43,638.18,8.18,78
10,10,5,5,4,4,10,10,3.43,638.18,8.18,78
10,10,5,5,7,7,6,6,3.43,531.71,8.06,66
10,10,5,5,7,7,7,7,3.43,531.71,8.06,66
10,10,5,5,7,7,8,8,3.43,531.71,8.06,66
10,10,5,5,8,8,6,6,3.43,531.71,8.06,66
10,10,5,5,8,8,7,7,3.43,531.71,8.06,66
10,10,5,5,8,8,8,8,3.43,531.71,8.06,66
10,10,5,5,9,9,6,6,3.43,531.71,8.06,66
10,10,5,5,9,9,7,7,3.43,531.71,8.06,66
10,10,5,5,9,9,8,8,3.43,531.71,8.06,66
10,10,5,5,10,10,6,6,3.43,531.71,8.06,66
10,10,5,5,10,10,7,7,3.43,531.71,8.06,66
10,10,5,5,10,10,8,8,3.43,531.71,8.06,66
10,10,9,9,5,5,9,9,3.43,563.16,8.53,66
10,10,9,9,5,5,10,10,3.43,563.16,8.53,66
4,4,7,7,6,6,8,8,3.42,612.75,8.17,75
4,4,9,9,4,4,6,6,3.42,698.76,8.42,83
4,4,9,9,4,4,7,7,3.42,698.76,8.42,83
4,4,9,9,4,4,8,8,3.42,698.76,8.42,83
4,4,10,10,4,4,5,5,3.42,643.87,8.7,74
5,5,8,8,4,4,9,9,3.42,683.5,8.23,83
5,5,8,8,4,4,10,10,3.42,683.5,8.23,83
6,6,7,7,6,6,6,6,3.42,558.63,7.98,70
6,6,7,7,6,6,7,7,3.42,558.63,7.98,70
6,6,7,7,6,6,8,8,3.42,558.63,7.98,70
6,6,7,7,6,6,9,9,3.42,558.63,7.98,70
6,6,7,7,6,6,10,10,3.42,558.63,7.98,70
7,7,7,7,6,6,6,6,3.42,558.63,7.98,70
7,7,7,7,6,6,7,7,3.42,558.63,7.98,70
7,7,7,7,6,6,8,8,3.42,558.63,7.98,70
7,7,7,7,6,6,9,9,3.42,558.63,7.98,70
7,7,7,7,6,6,10,10,3.42,558.63,7.98,70
8,8,5,5,5,5,5,5,3.42,589.21,8.3,71
8,8,6,6,7,7,5,5,3.42,564.61,8.18,69
8,8,6,6,8,8,5,5,3.42,564.61,8.18,69
8,8,6,6,9,9,5,5,3.42,564.61,8.18,69
8,8,6,6,10,10,5,5,3.42,564.61,8.18,69
8,8,8,8,5,5,8,8,3.42,559.14,8.47,66
8,8,8,8,5,5,9,9,3.42,559.14,8.47,66
8,8,8,8,5,5,10,10,3.42,559.14,8.47,66
10,10,4,4,6,6,6,6,3.42,538.26,8.41,64
10,10,4,4,6,6,7,7,3.42,538.26,8.41,64
10,10,4,4,6,6,8,8,3.42,538.26,8.41,64
10,10,6,6,5,5,5,5,3.42,588.02,8.4,70
5,5,9,9,4,4,9,9,3.41,684.11,8.24,83
5,5,9,9,4,4,10,10,3.41,684.11,8.24,83
6,6,5,5,4,4,9,9,3.41,634.55,8.14,78
6,6,5,5,4,4,10,10,3.41,634.55,8.14,78
7,7,5,5,4,4,9,9,3.41,634.55,8.14,78
7,7,5,5,4,4,10,10,3.41,634.55,8.14,78
8,8,5,5,4,4,9,9,3.41,634.55,8.14,78
8,8,5,5,4,4,10,10,3.41,634.55,8.14,78
9,9,6,6,4,4,6,6,3.41,634.99,8.14,78
9,9,6,6,4,4,7,7,3.41,634.99,8.14,78
9,9,6,6,4,4,8,8,3.41,634.99,8.14,78
9,9,6,6,4,4,9,9,3.41,634.99,8.14,78
9,9,6,6,4,4,10,10,3.41,634.99,8.14,78
9,9,8,8,7,7,6,6,3.41,547.09,8.05,68
9,9,8,8,7,7,7,7,3.41,547.09,8.05,68
9,9,8,8,8,8,6,6,3.41,547.09,8.05,68
9,9,8,8,8,8,7,7,3.41,547.09,8.05,68
9,9,8,8,9,9,6,6,3.41,547.09,8.05,68
9,9,8,8,9,9,7,7,3.41,547.09,8.05,68
9,9,8,8,10,10,6,6,3.41,547.09,8.05,68
9,9,8,8,10,10,7,7,3.41,547.09,8.05,68
10,10,6,6,4,4,6,6,3.41,633.35,8.23,77
10,10,6,6,4,4,7,7,3.41,633.35,8.23,77
10,10,6,6,4,4,8,8,3.41,633.35,8.23,77
10,10,6,6,4,4,9,9,3.41,633.35,8.23,77
10,10,6,6,4,4,10,10,3.41,633.35,8.23,77
4,4,10,10,6,6,5,5,3.4,557.72,8.71,64
5,5,4,4,7,7,6,6,3.4,609.42,8.13,75
5,5,4,4,7,7,7,7,3.4,609.42,8.13,75
5,5,4,4,7,7,8,8,3.4,609.42,8.13,75
5,5,4,4,8,8,6,6,3.4,609.42,8.13,75
5,5,4,4,8,8,7,7,3.4,609.42,8.13,75
5,5,4,4,8,8,8,8,3.4,609.42,8.13,75
5,5,4,4,9,9,6,6,3.4,609.42,8.13,75
5,5,4,4,9,9,7,7,3.4,609.42,8.13,75
5,5,4,4,9,9,8,8,3.4,609.42,8.13,75
5,5,4,4,10,10,6,6,3.4,609.42,8.13,75
5,5,4,4,10,10,7,7,3.4,609.42,8.13,75
5,5,4,4,10,10,8,8,3.4,609.42,8.13,75
5,5,10,10,4,4,5,5,3.4,638.6,8.75,73
6,6,9,9,6,6,6,6,3.4,562.05,8.03,70
6,6,9,9,6,6,7,7,3.4,562.05,8.03,70
6,6,10,10,4,4,9,9,3.4,554.5,8.8,63
6,6,10,10,4,4,10,10,3.4,554.5,8.8,63
7,7,9,9,6,6,6,6,3.4,562.05,8.03,70
7,7,9,9,6,6,7,7,3.4,562.05,8.03,70
7,7,10,10,4,4,9,9,3.4,554.5,8.8,63
7,7,10,10,4,4,10,10,3.4,554.5,8.8,63
8,8,4,4,6,6,6,6,3.4,534.63,8.35,64
8,8,4,4,6,6,7,7,3.4,534.63,8.35,64
8,8,4,4,6,6,8,8,3.4,534.63,8.35,64
8,8,6,6,5,5,5,5,3.4,584.38,8.35,70
8,8,9,9,7,7,8,8,3.4,525.85,8.35,63
8,8,9,9,8,8,8,8,3.4,525.85,8.35,63
8,8,9,9,9,9,8,8,3.4,525.85,8.35,63
8,8,9,9,10,10,8,8,3.4,525.85,8.35,63
8,8,10,10,4,4,9,9,3.4,554.5,8.8,63
8,8,10,10,4,4,10,10,3.4,554.5,8.8,63
9,9,5,5,7,7,5,5,3.4,570.39,7.92,72
9,9,5,5,8,8,5,5,3.4,570.39,7.92,72
9,9,5,5,9,9,5,5,3.4,570.39,7.92,72
9,9,5,5,10,10,5,5,3.4,570.39,7.92,72
9,9,9,9,7,7,8,8,3.4,525.85,8.35,63
9,9,9,9,8,8,8,8,3.4,525.85,8.35,63
9,9,9,9,9,9,8,8,3.4,525.85,8.35,63
9,9,9,9,10,10,8,8,3.4,525.85,8.35,63
9,9,10,10,4,4,9,9,3.4,554.5,8.8,63
9,9,10,10,4,4,10,10,3.4,554.5,8.8,63
10,10,10,10,4,4,9,9,3.4,552.86,8.92,62
10,10,10,10,4,4,10,10,3.4,552.86,8.92,62
4,4,7,7,4,4,6,6,3.39,694.7,8.17,85
4,4,7,7,4,4,7,7,3.39,694.7,8.17,85
4,4,8,8,4,4,6,6,3.39,694.7,8.17,85
4,4,8,8,4,4,7,7,3.39,694.7,8.17,85
4,4,8,8,4,4,8,8,3.39,694.7,8.17,85
5,5,7,7,5,5,5,5,3.39,659.21,8.14,81
5,5,7,7,7,7,5,5,3.39,637.32,8.07,79
5,5,7,7,8,8,5,5,3.39,637.32,8.07,79
5,5,7,7,9,9,5,5,3.39,637.32,8.07,79
5,5,7,7,10,10,5,5,3.39,637.32,8.07,79
5,5,8,8,5,5,5,5,3.39,659.21,8.14,81
5,5,8,8,7,7,5,5,3.39,637.32,8.07,79
5,5,8,8,8,8,5,5,3.39,637.32,8.07,79
5,5,8,8,9,9,5,5,3.39,637.32,8.07,79
5,5,8,8,10,10,5,5,3.39,637.32,8.07,79
6,6,6,6,4,4,6,6,3.39,629.72,8.18,77
6,6,6,6,4,4,7,7,3.39,629.72,8.18,77
6,6,6,6,4,4,8,8,3.39,629.72,8.18,77
6,6,6,6,4,4,9,9,3.39,629.72,8.18,77
6,6,6,6,4,4,10,10,3.39,629.72,8.18,77
7,7,6,6,4,4,6,6,3.39,629.72,8.18,77
7,7,6,6,4,4,7,7,3.39,629.72,8.18,77
7,7,6,6,4,4,8,8,3.39,629.72,8.18,77
7,7,6,6,4,4,9,9,3.39,629.72,8.18,77
7,7,6,6,4,4,10,10,3.39,629.72,8.18,77
8,8,6,6,4,4,6,6,3.39,629.72,8.18,77
8,8,6,6,4,4,7,7,3.39,629.72,8.18,77
8,8,6,6,4,4,8,8,3.39,629.72,8.18,77
8,8,6,6,4,4,9,9,3.39,629.72,8.18,77
8,8,6,6,4,4,10,10,3.39,629.72,8.18,77
8,8,8,8,7,7,6,6,3.39,541.82,8.09,67
8,8,8,8,7,7,7,7,3.39,541.82,8.09,67
8,8,8,8,8,8,6,6,3.39,541.82,8.09,67
8,8,8,8,8,8,7,7,3.39,541.82,8.09,67
8,8,8,8,9,9,6,6,3.39,541.82,8.09,67
8,8,8,8,9,9,7,7,3.39,541.82,8.09,67
8,8,8,8,10,10,6,6,3.39,541.82,8.09,67
8,8,8,8,10,10,7,7,3.39,541.82,8.09,67
10,10,4,4,7,7,9,9,3.39,513.24,8.02,64
10,10,4,4,7,7,10,10,3.39,513.24,8.02,64
10,10,4,4,8,8,9,9,3.39,513.24,8.02,64
10,10,4,4,8,8,10,10,3.39,513.24,8.02,64
10,10,4,4,9,9,9,9,3.39,513.24,8.02,64
10,10,4,4,9,9,10,10,3.39,513.24,8.02,64
10,10,4,4,10,10,9,9,3.39,513.24,8.02,64
10,10,4,4,10,10,10,10,3.39,513.24,8.02,64
10,10,9,9,7,7,6,6,3.39,522.35,8.29,63
10,10,9,9,7,7,7,7,3.39,522.35,8.29,63
10,10,9,9,8,8,6,6,3.39,522.35,8.29,63
10,10,9,9,8,8,7,7,3.39,522.35,8.29,63
10,10,9,9,9,9,6,6,3.39,522.35,8.29,63
10,10,9,9,9,9,7,7,3.39,522.35,8.29,63
10,10,9,9,10,10,6,6,3.39,522.35,8.29,63
10,10,9,9,10,10,7,7,3.39,522.35,8.29,63
5,5,4,4,5,5,5,5,3.38,645.71,8.17,79
5,5,9,9,5,5,5,5,3.38,659.81,8.15,81
5,5,9,9,7,7,5,5,3.38,637.93,8.08,79
5,5,9,9,8,8,5,5,3.38,637.93,8.08,79
5,5,9,9,9,9,5,5,3.38,637.93,8.08,79
5,5,9,9,10,10,5,5,3.38,637.93,8.08,79
5,5,10,10,7,7,4,4,3.38,586.53,8.38,70
5,5,10,10,8,8,4,4,3.38,586.53,8.38,70
5,5,10,10,9,9,4,4,3.38,586.53,8.38,70
5,5,10,10,10,10,4,4,3.38,586.53,8.38,70
8,8,5,5,7,7,5,5,3.38,565.12,7.96,71
8,8,5,5,8,8,5,5,3.38,565.12,7.96,71
8,8,5,5,9,9,5,5,3.38,565.12,7.96,71
8,8,5,5,10,10,5,5,3.38,565.12,7.96,71
10,10,10,10,4,4,5,5,3.38,594.4,8.87,67
5,5,7,7,4,4,7,7,3.37,689.43,8.21,84
5,5,7,7,4,4,8,8,3.37,689.43,8.21,84
5,5,10,10,5,5,4,4,3.37,608.41,8.45,72
9,9,4,4,6,6,9,9,3.37,536.45,8.01,67
9,9,4,4,6,6,10,10,3.37,536.45,8.01,67
10,10,4,4,6,6,9,9,3.37,534.81,8.1,66
10,10,4,4,6,6,10,10,3.37,534.81,8.1,66
10,10,7,7,5,5,5,5,3.37,600.12,8.45,71
10,10,10,10,6,6,5,5,3.37,510.36,8.8,58
6,6,4,4,7,7,6,6,3.36,546.61,7.92,69
6,6,4,4,7,7,7,7,3.36,546.61,7.92,69
6,6,4,4,7,7,8,8,3.36,546.61,7.92,69
6,6,4,4,8,8,6,6,3.36,546.61,7.92,69
6,6,4,4,8,8,7,7,3.36,546.61,7.92,69
6,6,4,4,8,8,8,8,3.36,546.61,7.92,69
6,6,4,4,9,9,6,6,3.36,546.61,7.92,69
6,6,4,4,9,9,7,7,3.36,546.61,7.92,69
6,6,4,4,9,9,8,8,3.36,546.61,7.92,69
6,6,4,4,10,10,6,6,3.36,546.61,7.92,69
6,6,4,4,10,10,7,7,3.36,546.61,7.92,69
6,6,4,4,10,10,8,8,3.36,546.61,7.92,69
7,7,4,4,7,7,6,6,3.36,546.61,7.92,69
7,7,4,4,7,7,7,7,3.36,546.61,7.92,69
7,7,4,4,7,7,8,8,3.36,546.61,7.92,69
7,7,4,4,8,8,6,6,3.36,546.61,7.92,69
7,7,4,4,8,8,7,7,3.36,546.61,7.92,69
7,7,4,4,8,8,8,8,3.36,546.61,7.92,69
7,7,4,4,9,9,6,6,3.36,546.61,7.92,69
7,7,4,4,9,9,7,7,3.36,546.61,7.92,69
7,7,4,4,9,9,8,8,3.36,546.61,7.92,69
7,7,4,4,10,10,6,6,3.36,546.61,7.92,69
7,7,4,4,10,10,7,7,3.36,546.61,7.92,69
7,7,4,4,10,10,8,8,3.36,546.61,7.92,69
9,9,8,8,7,7,8,8,3.36,522.01,8.03,65
9,9,8,8,7,7,9,9,3.36,522.01,8.03,65
9,9,8,8,7,7,10,10,3.36,522.01,8.03,65
9,9,8,8,8,8,8,8,3.36,522.01,8.03,65
9,9,8,8,8,8,9,9,3.36,522.01,8.03,65
9,9,8,8,8,8,10,10,3.36,522.01,8.03,65
9,9,8,8,9,9,8,8,3.36,522.01,8.03,65
9,9,8,8,9,9,9,9,3.36,522.01,8.03,65
9,9,8,8,9,9,10,10,3.36,522.01,8.03,65
9,9,8,8,10,10,8,8,3.36,522.01,8.03,65
9,9,8,8,10,10,9,9,3.36,522.01,8.03,65
9,9,8,8,10,10,10,10,3.36,522.01,8.03,65
4,4,4,4,4,4,6,6,3.35,678.96,8.28,82
4,4,4,4,4,4,7,7,3.35,678.96,8.28,82
4,4,4,4,4,4,8,8,3.35,678.96,8.28,82
6,6,9,9,6,6,8,8,3.35,536.97,8.01,67
7,7,9,9,6,6,8,8,3.35,536.97,8.01,67
8,8,4,4,6,6,9,9,3.35,531.18,8.05,66
8,8,4,4,6,6,10,10,3.35,531.18,8.05,66
8,8,9,9,7,7,9,9,3.35,522.4,8.04,65
8,8,9,9,7,7,10,10,3.35,522.4,8.04,65
8,8,9,9,8,8,9,9,3.35,522.4,8.04,65
8,8,9,9,8,8,10,10,3.35,522.4,8.04,65
8,8,9,9,9,9,9,9,3.35,522.4,8.04,65
8,8,9,9,9,9,10,10,3.35,522.4,8.04,65
8,8,9,9,10,10,9,9,3.35,522.4,8.04,65
8,8,9,9,10,10,10,10,3.35,522.4,8.04,65
9,9,7,7,6,6,6,6,3.35,543.09,7.99,68
9,9,7,7,6,6,7,7,3.35,543.09,7.99,68
9,9,7,7,6,6,8,8,3.35,543.09,7.99,68
9,9,7,7,6,6,9,9,3.35,543.09,7.99,68
9,9,7,7,6,6,10,10,3.35,543.09,7.99,68
9,9,9,9,7,7,9,9,3.35,522.4,8.04,65
9,9,9,9,7,7,10,10,3.35,522.4,8.04,65
9,9,9,9,8,8,9,9,3.35,522.4,8.04,65
9,9,9,9,8,8,10,10,3.35,522.4,8.04,65
9,9,9,9,9,9,9,9,3.35,522.4,8.04,65
9,9,9,9,9,9,10,10,3.35,522.4,8.04,65
9,9,9,9,10,10,9,9,3.35,522.4,8.04,65
9,9,9,9,10,10,10,10,3.35,522.4,8.04,65
10,10,7,7,6,6,6,6,3.35,541.46,8.08,67
10,10,7,7,6,6,7,7,3.35,541.46,8.08,67
10,10,7,7,6,6,8,8,3.35,541.46,8.08,67
10,10,7,7,6,6,9,9,3.35,541.46,8.08,67
10,10,7,7,6,6,10,10,3.35,541.46,8.08,67
10,10,8,8,7,7,6,6,3.35,518.51,7.98,65
10,10,8,8,7,7,7,7,3.35,518.51,7.98,65
10,10,8,8,8,8,6,6,3.35,518.51,7.98,65
10,10,8,8,8,8,7,7,3.35,518.51,7.98,65
10,10,8,8,9,9,6,6,3.35,518.51,7.98,65
10,10,8,8,9,9,7,7,3.35,518.51,7.98,65
10,10,8,8,10,10,6,6,3.35,518.51,7.98,65
10,10,8,8,10,10,7,7,3.35,518.51,7.98,65
4,4,4,4,7,7,6,6,3.34,593.88,8.14,73
4,4,4,4,7,7,7,7,3.34,593.88,8.14,73
4,4,4,4,7,7,8,8,3.34,593.88,8.14,73
4,4,4,4,8,8,6,6,3.34,593.88,8.14,73
4,4,4,4,8,8,7,7,3.34,593.88,8.14,73
4,4,4,4,8,8,8,8,3.34,593.88,8.14,73
4,4,4,4,9,9,6,6,3.34,593.88,8.14,73
4,4,4,4,9,9,7,7,3.34,593.88,8.14,73
4,4,4,4,9,9,8,8,3.34,593.88,8.14,73
4,4,4,4,10,10,6,6,3.34,593.88,8.14,73
4,4,4,4,10,10,7,7,3.34,593.88,8.14,73
4,4,4,4,10,10,8,8,3.34,593.88,8.14,73
5,5,4,4,4,4,6,6,3.34,673.69,8.32,81
5,5,4,4,4,4,7,7,3.34,673.69,8.32,81
5,5,4,4,4,4,8,8,3.34,673.69,8.32,81
5,5,5,5,6,6,5,5,3.34,620.74,7.86,79
5,5,9,9,4,4,6,6,3.34,687.8,8.29,83
5,5,9,9,4,4,7,7,3.34,687.8,8.29,83
6,6,8,8,6,6,6,6,3.34,552.94,7.79,71
6,6,8,8,6,6,7,7,3.34,552.94,7.79,71
7,7,8,8,6,6,6,6,3.34,552.94,7.79,71
7,7,8,8,6,6,7,7,3.34,552.94,7.79,71
8,8,8,8,7,7,8,8,3.34,516.74,8.07,64
8,8,8,8,7,7,9,9,3.34,516.74,8.07,64
8,8,8,8,7,7,10,10,3.34,516.74,8.07,64
8,8,8,8,8,8,8,8,3.34,516.74,8.07,64
8,8,8,8,8,8,9,9,3.34,516.74,8.07,64
8,8,8,8,8,8,10,10,3.34,516.74,8.07,64
8,8,8,8,9,9,8,8,3.34,516.74,8.07,64
8,8,8,8,9,9,9,9,3.34,516.74,8.07,64
8,8,8,8,9,9,10,10,3.34,516.74,8.07,64
8,8,8,8,10,10,8,8,3.34,516.74,8.07,64
8,8,8,8,10,10,9,9,3.34,516.74,8.07,64
8,8,8,8,10,10,10,10,3.34,516.74,8.07,64
10,10,9,9,7,7,8,8,3.34,497.27,8.29,60
10,10,9,9,8,8,8,8,3.34,497.27,8.29,60
10,10,9,9,9,9,8,8,3.34,497.27,8.29,60
10,10,9,9,10,10,8,8,3.34,497.27,8.29,60
4,4,7,7,7,7,5,5,3.33,621.78,8.08,77
4,4,7,7,8,8,5,5,3.33,621.78,8.08,77
4,4,7,7,9,9,5,5,3.33,621.78,8.08,77
4,4,7,7,10,10,5,5,3.33,621.78,8.08,77
4,4,8,8,7,7,5,5,3.33,621.78,8.08,77
4,4,8,8,8,8,5,5,3.33,621.78,8.08,77
4,4,8,8,9,9,5,5,3.33,621.78,8.08,77
4,4,8,8,10,10,5,5,3.33,621.78,8.08,77
5,5,4,4,7,7,5,5,3.33,619.51,7.94,78
5,5,4,4,8,8,5,5,3.33,619.51,7.94,78
5,5,4,4,9,9,5,5,3.33,619.51,7.94,78
5,5,4,4,10,10,5,5,3.33,619.51,7.94,78
6,6,4,4,5,5,5,5,3.33,580.79,8.07,72
6,6,10,10,6,6,5,5,3.33,502.96,8.25,61
7,7,4,4,5,5,5,5,3.33,580.79,8.07,72
7,7,10,10,6,6,5,5,3.33,502.96,8.25,61
8,8,7,7,6,6,6,6,3.33,537.82,8.03,67
8,8,7,7,6,6,7,7,3.33,537.82,8.03,67
8,8,7,7,6,6,8,8,3.33,537.82,8.03,67
8,8,7,7,6,6,9,9,3.33,537.82,8.03,67
8,8,7,7,6,6,10,10,3.33,537.82,8.03,67
4,4,7,7,4,4,8,8,3.32,689.01,8.01,86
4,4,7,7,5,5,5,5,3.32,641.56,8.23,78
4,4,8,8,5,5,5,5,3.32,641.56,8.23,78
4,4,9,9,7,7,5,5,3.32,622.39,8.08,77
4,4,9,9,8,8,5,5,3.32,622.39,8.08,77
4,4,9,9,9,9,5,5,3.32,622.39,8.08,77
4,4,9,9,10,10,5,5,3.32,622.39,8.08,77
5,5,6,6,6,6,5,5,3.32,615.91,7.9,78
6,6,7,7,7,7,5,5,3.32,567.66,7.88,72
6,6,7,7,8,8,5,5,3.32,567.66,7.88,72
6,6,7,7,9,9,5,5,3.32,567.66,7.88,72
6,6,7,7,10,10,5,5,3.32,567.66,7.88,72
7,7,7,7,7,7,5,5,3.32,567.66,7.88,72
7,7,7,7,8,8,5,5,3.32,567.66,7.88,72
7,7,7,7,9,9,5,5,3.32,567.66,7.88,72
7,7,7,7,10,10,5,5,3.32,567.66,7.88,72
4,4,4,4,5,5,5,5,3.31,628.06,8.26,76
4,4,5,5,4,4,5,5,3.31,691.35,7.95,87
4,4,9,9,5,5,5,5,3.31,642.17,8.23,78
4,4,10,10,7,7,4,4,3.31,570.99,8.4,68
4,4,10,10,8,8,4,4,3.31,570.99,8.4,68
4,4,10,10,9,9,4,4,3.31,570.99,8.4,68
4,4,10,10,10,10,4,4,3.31,570.99,8.4,68
5,5,7,7,4,4,6,6,3.31,683.74,8.04,85
5,5,8,8,4,4,6,6,3.31,683.74,8.04,85
5,5,8,8,4,4,7,7,3.31,683.74,8.04,85
6,6,7,7,5,5,5,5,3.31,587.44,8.05,73
7,7,7,7,5,5,5,5,3.31,587.44,8.05,73
8,8,9,9,6,6,6,6,3.31,541.24,8.08,67
8,8,9,9,6,6,7,7,3.31,541.24,8.08,67
9,9,4,4,4,4,6,6,3.31,614.04,8.19,75
9,9,4,4,4,4,7,7,3.31,614.04,8.19,75
9,9,4,4,4,4,8,8,3.31,614.04,8.19,75
9,9,9,9,6,6,6,6,3.31,541.24,8.08,67
9,9,9,9,6,6,7,7,3.31,541.24,8.08,67
10,10,4,4,4,4,6,6,3.31,612.41,8.28,74
10,10,4,4,4,4,7,7,3.31,612.41,8.28,74
10,10,4,4,4,4,8,8,3.31,612.41,8.28,74
10,10,9,9,6,6,6,6,3.31,539.6,8.18,66
10,10,9,9,6,6,7,7,3.31,539.6,8.18,66
10,10,10,10,7,7,5,5,3.31,463.26,8.58,54
10,10,10,10,8,8,5,5,3.31,463.26,8.58,54
10,10,10,10,9,9,5,5,3.31,463.26,8.58,54
10,10,10,10,10,10,5,5,3.31,463.26,8.58,54
4,4,6,6,4,4,5,5,3.3,686.52,7.98,86
4,4,10,10,5,5,4,4,3.3,590.76,8.56,69
6,6,9,9,6,6,9,9,3.3,533.52,7.73,69
6,6,9,9,6,6,10,10,3.3,533.52,7.73,69
7,7,9,9,6,6,9,9,3.3,533.52,7.73,69
7,7,9,9,6,6,10,10,3.3,533.52,7.73,69
9,9,4,4,7,7,6,6,3.3,531.07,7.93,67
9,9,4,4,7,7,7,7,3.3,531.07,7.93,67
9,9,4,4,7,7,8,8,3.3,531.07,7.93,67
9,9,4,4,8,8,6,6,3.3,531.07,7.93,67
9,9,4,4,8,8,7,7,3.3,531.07,7.93,67
9,9,4,4,8,8,8,8,3.3,531.07,7.93,67
9,9,4,4,9,9,6,6,3.3,531.07,7.93,67
9,9,4,4,9,9,7,7,3.3,531.07,7.93,67
9,9,4,4,9,9,8,8,3.3,531.07,7.93,67
9,9,4,4,10,10,6,6,3.3,531.07,7.93,67
9,9,4,4,10,10,7,7,3.3,531.07,7.93,67
9,9,4,4,10,10,8,8,3.3,531.07,7.93,67
10,10,8,8,7,7,8,8,3.3,493.43,7.96,62
10,10,8,8,7,7,9,9,3.3,493.43,7.96,62
10,10,8,8,7,7,10,10,3.3,493.43,7.96,62
10,10,8,8,8,8,8,8,3.3,493.43,7.96,62
10,10,8,8,8,8,9,9,3.3,493.43,7.96,62
10,10,8,8,8,8,10,10,3.3,493.43,7.96,62
10,10,8,8,9,9,8,8,3.3,493.43,7.96,62
10,10,8,8,9,9,9,9,3.3,493.43,7.96,62
10,10,8,8,9,9,10,10,3.3,493.43,7.96,62
10,10,8,8,10,10,8,8,3.3,493.43,7.96,62
10,10,8,8,10,10,9,9,3.3,493.43,7.96,62
10,10,8,8,10,10,10,10,3.3,493.43,7.96,62
5,5,5,5,4,4,5,5,3.29,686.08,7.98,86
5,5,9,9,4,4,8,8,3.29,673.36,8.21,82
6,6,4,4,4,4,6,6,3.29,608.77,8.23,74
6,6,4,4,4,4,7,7,3.29,608.77,8.23,74
6,6,4,4,4,4,8,8,3.29,608.77,8.23,74
6,6,5,5,6,6,5,5,3.29,557.93,7.64,73
6,6,8,8,6,6,8,8,3.29,527.86,7.76,68
6,6,8,8,6,6,9,9,3.29,527.86,7.76,68
6,6,8,8,6,6,10,10,3.29,527.86,7.76,68
7,7,4,4,4,4,6,6,3.29,608.77,8.23,74
7,7,4,4,4,4,7,7,3.29,608.77,8.23,74
7,7,4,4,4,4,8,8,3.29,608.77,8.23,74
7,7,5,5,6,6,5,5,3.29,557.93,7.64,73
7,7,8,8,6,6,8,8,3.29,527.86,7.76,68
7,7,8,8,6,6,9,9,3.29,527.86,7.76,68
7,7,8,8,6,6,10,10,3.29,527.86,7.76,68
8,8,4,4,4,4,6,6,3.29,608.77,8.23,74
8,8,4,4,4,4,7,7,3.29,608.77,8.23,74
8,8,4,4,4,4,8,8,3.29,608.77,8.23,74
10,10,8,8,5,5,5,5,3.29,594.42,8.26,72
10,10,9,9,7,7,9,9,3.29,493.82,7.96,62
10,10,9,9,7,7,10,10,3.29,493.82,7.96,62
10,10,9,9,8,8,9,9,3.29,493.82,7.96,62
10,10,9,9,8,8,10,10,3.29,493.82,7.96,62
10,10,9,9,9,9,9,9,3.29,493.82,7.96,62
10,10,9,9,9,9,10,10,3.29,493.82,7.96,62
10,10,9,9,10,10,9,9,3.29,493.82,7.96,62
10,10,9,9,10,10,10,10,3.29,493.82,7.96,62
4,4,5,5,6,6,5,5,3.28,605.2,7.86,77
5,5,6,6,4,4,5,5,3.28,681.25,8.01,85
6,6,4,4,7,7,5,5,3.28,556.7,7.73,72
6,6,4,4,8,8,5,5,3.28,556.7,7.73,72
6,6,4,4,9,9,5,5,3.28,556.7,7.73,72
6,6,4,4,10,10,5,5,3.28,556.7,7.73,72
7,7,4,4,7,7,5,5,3.28,556.7,7.73,72
7,7,4,4,8,8,5,5,3.28,556.7,7.73,72
7,7,4,4,9,9,5,5,3.28,556.7,7.73,72
7,7,4,4,10,10,5,5,3.28,556.7,7.73,72
10,10,6,6,7,7,5,5,3.28,518.67,7.86,66
10,10,6,6,8,8,5,5,3.28,518.67,7.86,66
10,10,6,6,9,9,5,5,3.28,518.67,7.86,66
10,10,6,6,10,10,5,5,3.28,518.67,7.86,66
10,10,9,9,5,5,5,5,3.28,594.81,8.26,72
4,4,4,4,7,7,5,5,3.27,603.97,7.95,76
4,4,4,4,8,8,5,5,3.27,603.97,7.95,76
4,4,4,4,9,9,5,5,3.27,603.97,7.95,76
4,4,4,4,10,10,5,5,3.27,603.97,7.95,76
5,5,5,5,5,5,4,4,3.27,655.89,7.72,85
6,6,6,6,6,6,5,5,3.27,553.1,7.68,72
6,6,10,10,4,4,5,5,3.27,566.19,8.45,67
7,7,6,6,6,6,5,5,3.27,553.1,7.68,72
7,7,10,10,4,4,5,5,3.27,566.19,8.45,67
8,8,4,4,7,7,6,6,3.27,525.8,7.97,66
8,8,4,4,7,7,7,7,3.27,525.8,7.97,66
8,8,4,4,7,7,8,8,3.27,525.8,7.97,66
8,8,4,4,8,8,6,6,3.27,525.8,7.97,66
8,8,4,4,8,8,7,7,3.27,525.8,7.97,66
8,8,4,4,8,8,8,8,3.27,525.8,7.97,66
8,8,4,4,9,9,6,6,3.27,525.8,7.97,66
8,8,4,4,9,9,7,7,3.27,525.8,7.97,66
8,8,4,4,9,9,8,8,3.27,525.8,7.97,66
8,8,4,4,10,10,6,6,3.27,525.8,7.97,66
8,8,4,4,10,10,7,7,3.27,525.8,7.97,66
8,8,4,4,10,10,8,8,3.27,525.8,7.97,66
8,8,10,10,4,4,5,5,3.27,566.19,8.45,67
9,9,4,4,4,4,9,9,3.27,610.59,7.93,77
9,9,4,4,4,4,10,10,3.27,610.59,7.93,77
9,9,4,4,5,5,5,5,3.27,565.25,8.08,70
9,9,8,8,6,6,6,6,3.27,537.4,7.79,69
9,9,8,8,6,6,7,7,3.27,537.4,7.79,69
9,9,10,10,4,4,5,5,3.27,566.19,8.45,67
10,10,4,4,5,5,5,5,3.27,563.62,8.17,69
10,10,8,8,6,6,6,6,3.27,535.76,7.88,68
10,10,8,8,6,6,7,7,3.27,535.76,7.88,68
10,10,10,10,5,5,4,4,3.27,543.41,8.63,63
4,4,6,6,6,6,5,5,3.26,600.37,7.9,76
5,5,8,8,4,4,8,8,3.26,669.3,7.97,84
6,6,9,9,7,7,5,5,3.26,567.63,7.67,74
6,6,9,9,8,8,5,5,3.26,567.63,7.67,74
6,6,9,9,9,9,5,5,3.26,567.63,7.67,74
6,6,9,9,10,10,5,5,3.26,567.63,7.67,74
7,7,9,9,7,7,5,5,3.26,567.63,7.67,74
7,7,9,9,8,8,5,5,3.26,567.63,7.67,74
7,7,9,9,9,9,5,5,3.26,567.63,7.67,74
7,7,9,9,10,10,5,5,3.26,567.63,7.67,74
8,8,9,9,6,6,8,8,3.26,516.16,8.07,64
9,9,5,5,4,4,5,5,3.26,626.43,7.83,80
9,9,7,7,7,7,5,5,3.26,552.12,7.89,70
9,9,7,7,8,8,5,5,3.26,552.12,7.89,70
9,9,7,7,9,9,5,5,3.26,552.12,7.89,70
9,9,7,7,10,10,5,5,3.26,552.12,7.89,70
9,9,9,9,6,6,8,8,3.26,516.16,8.07,64
10,10,4,4,4,4,9,9,3.26,608.95,8.01,76
10,10,4,4,4,4,10,10,3.26,608.95,8.01,76
10,10,5,5,4,4,5,5,3.26,624.8,7.91,79
10,10,9,9,6,6,8,8,3.26,514.53,8.17,63
5,5,6,6,5,5,4,4,3.25,651.06,7.75,84
5,5,6,6,7,7,4,4,3.25,629.18,7.67,82
5,5,6,6,8,8,4,4,3.25,629.18,7.67,82
5,5,6,6,9,9,4,4,3.25,629.18,7.67,82
5,5,6,6,10,10,4,4,3.25,629.18,7.67,82
6,6,4,4,4,4,9,9,3.25,605.32,7.96,76
6,6,4,4,4,4,10,10,3.25,605.32,7.96,76
6,6,8,8,7,7,5,5,3.25,561.97,7.7,73
6,6,8,8,8,8,5,5,3.25,561.97,7.7,73
6,6,8,8,9,9,5,5,3.25,561.97,7.7,73
6,6,8,8,10,10,5,5,3.25,561.97,7.7,73
6,6,9,9,5,5,5,5,3.25,587.4,7.83,75
7,7,4,4,4,4,9,9,3.25,605.32,7.96,76
7,7,4,4,4,4,10,10,3.25,605.32,7.96,76
7,7,8,8,7,7,5,5,3.25,561.97,7.7,73
7,7,8,8,8,8,5,5,3.25,561.97,7.7,73
7,7,8,8,9,9,5,5,3.25,561.97,7.7,73
7,7,8,8,10,10,5,5,3.25,561.97,7.7,73
7,7,9,9,5,5,5,5,3.25,587.4,7.83,75
8,8,4,4,4,4,9,9,3.25,605.32,7.96,76
8,8,4,4,4,4,10,10,3.25,605.32,7.96,76
8,8,4,4,5,5,5,5,3.25,559.98,8.12,69
8,8,8,8,6,6,6,6,3.25,532.13,7.83,68
8,8,8,8,6,6,7,7,3.25,532.13,7.83,68
9,9,6,6,4,4,5,5,3.25,621.61,7.87,79
9,9,7,7,4,4,6,6,3.25,617.24,7.91,78
9,9,7,7,4,4,7,7,3.25,617.24,7.91,78
9,9,7,7,4,4,8,8,3.25,617.24,7.91,78
9,9,7,7,4,4,9,9,3.25,617.24,7.91,78
9,9,7,7,4,4,10,10,3.25,617.24,7.91,78
9,9,7,7,5,5,5,5,3.25,571.9,8.05,71
10,10,7,7,4,4,6,6,3.25,615.6,7.99,77
10,10,7,7,4,4,7,7,3.25,615.6,7.99,77
10,10,7,7,4,4,8,8,3.25,615.6,7.99,77
10,10,7,7,4,4,9,9,3.25,615.6,7.99,77
10,10,7,7,4,4,10,10,3.25,615.6,7.99,77
6,6,5,5,4,4,5,5,3.24,621.16,7.86,79
6,6,8,8,5,5,5,5,3.24,581.75,7.86,74
6,6,10,10,7,7,4,4,3.24,516.22,7.94,65
6,6,10,10,8,8,4,4,3.24,516.22,7.94,65
6,6,10,10,9,9,4,4,3.24,516.22,7.94,65
6,6,10,10,10,10,4,4,3.24,516.22,7.94,65
7,7,5,5,4,4,5,5,3.24,621.16,7.86,79
7,7,8,8,5,5,5,5,3.24,581.75,7.86,74
7,7,10,10,7,7,4,4,3.24,516.22,7.94,65
7,7,10,10,8,8,4,4,3.24,516.22,7.94,65
7,7,10,10,9,9,4,4,3.24,516.22,7.94,65
7,7,10,10,10,10,4,4,3.24,516.22,7.94,65
8,8,5,5,4,4,5,5,3.24,621.16,7.86,79
8,8,7,7,7,7,5,5,3.24,546.85,7.93,69
8,8,7,7,8,8,5,5,3.24,546.85,7.93,69
8,8,7,7,9,9,5,5,3.24,546.85,7.93,69
8,8,7,7,10,10,5,5,3.24,546.85,7.93,69
10,10,5,5,7,7,5,5,3.24,519.19,7.64,68
10,10,5,5,8,8,5,5,3.24,519.19,7.64,68
10,10,5,5,9,9,5,5,3.24,519.19,7.64,68
10,10,5,5,10,10,5,5,3.24,519.19,7.64,68
10,10,6,6,4,4,5,5,3.24,619.97,7.95,78
6,6,6,6,4,4,5,5,3.23,616.34,7.9,78
6,6,7,7,4,4,6,6,3.23,611.97,7.95,77
6,6,7,7,4,4,7,7,3.23,611.97,7.95,77
6,6,7,7,4,4,8,8,3.23,611.97,7.95,77
6,6,7,7,4,4,9,9,3.23,611.97,7.95,77
6,6,7,7,4,4,10,10,3.23,611.97,7.95,77
6,6,10,10,5,5,4,4,3.23,536,8.12,66
7,7,6,6,4,4,5,5,3.23,616.34,7.9,78
7,7,7,7,4,4,6,6,3.23,611.97,7.95,77
7,7,7,7,4,4,7,7,3.23,611.97,7.95,77
7,7,7,7,4,4,8,8,3.23,611.97,7.95,77
7,7,7,7,4,4,9,9,3.23,611.97,7.95,77
7,7,7,7,4,4,10,10,3.23,611.97,7.95,77
7,7,10,10,5,5,4,4,3.23,536,8.12,66
8,8,6,6,4,4,5,5,3.23,616.34,7.9,78
8,8,7,7,4,4,6,6,3.23,611.97,7.95,77
8,8,7,7,4,4,7,7,3.23,611.97,7.95,77
8,8,7,7,4,4,8,8,3.23,611.97,7.95,77
8,8,7,7,4,4,9,9,3.23,611.97,7.95,77
8,8,7,7,4,4,10,10,3.23,611.97,7.95,77
8,8,7,7,5,5,5,5,3.23,566.63,8.09,70
8,8,10,10,6,6,5,5,3.23,482.15,8.31,58
9,9,5,5,6,6,5,5,3.23,542.39,7.64,71
9,9,10,10,6,6,5,5,3.23,482.15,8.31,58
10,10,4,4,7,7,6,6,3.23,502.49,7.85,64
10,10,4,4,7,7,7,7,3.23,502.49,7.85,64
10,10,4,4,7,7,8,8,3.23,502.49,7.85,64
10,10,4,4,8,8,6,6,3.23,502.49,7.85,64
10,10,4,4,8,8,7,7,3.23,502.49,7.85,64
10,10,4,4,8,8,8,8,3.23,502.49,7.85,64
10,10,4,4,9,9,6,6,3.23,502.49,7.85,64
10,10,4,4,9,9,7,7,3.23,502.49,7.85,64
10,10,4,4,9,9,8,8,3.23,502.49,7.85,64
10,10,4,4,10,10,6,6,3.23,502.49,7.85,64
10,10,4,4,10,10,7,7,3.23,502.49,7.85,64
10,10,4,4,10,10,8,8,3.23,502.49,7.85,64
10,10,5,5,6,6,5,5,3.23,540.76,7.73,70
5,5,5,5,7,7,4,4,3.22,629.69,7.5,84
5,5,5,5,8,8,4,4,3.22,629.69,7.5,84
5,5,5,5,9,9,4,4,3.22,629.69,7.5,84
5,5,5,5,10,10,4,4,3.22,629.69,7.5,84
6,6,9,9,4,4,6,6,3.22,615.38,7.99,77
6,6,9,9,4,4,7,7,3.22,615.38,7.99,77
7,7,9,9,4,4,6,6,3.22,615.38,7.99,77
7,7,9,9,4,4,7,7,3.22,615.38,7.99,77
8,8,9,9,4,4,6,6,3.22,615.38,7.99,77
8,8,9,9,4,4,7,7,3.22,615.38,7.99,77
9,9,4,4,7,7,5,5,3.22,541.17,7.73,70
9,9,4,4,8,8,5,5,3.22,541.17,7.73,70
9,9,4,4,9,9,5,5,3.22,541.17,7.73,70
9,9,4,4,10,10,5,5,3.22,541.17,7.73,70
9,9,8,8,6,6,8,8,3.22,512.32,7.76,66
9,9,8,8,6,6,9,9,3.22,512.32,7.76,66
9,9,8,8,6,6,10,10,3.22,512.32,7.76,66
9,9,9,9,4,4,6,6,3.22,615.38,7.99,77
9,9,9,9,4,4,7,7,3.22,615.38,7.99,77
10,10,8,8,6,6,8,8,3.22,510.69,7.86,65
10,10,8,8,6,6,9,9,3.22,510.69,7.86,65
10,10,8,8,6,6,10,10,3.22,510.69,7.86,65
4,4,5,5,5,5,4,4,3.21,638.24,7.78,82
6,6,5,5,5,5,4,4,3.21,590.97,7.58,78
7,7,5,5,5,5,4,4,3.21,590.97,7.58,78
8,8,5,5,6,6,5,5,3.21,537.12,7.67,70
8,8,9,9,6,6,9,9,3.21,512.71,7.77,66
8,8,9,9,6,6,10,10,3.21,512.71,7.77,66
9,9,6,6,6,6,5,5,3.21,537.56,7.68,70
9,9,9,9,6,6,9,9,3.21,512.71,7.77,66
9,9,9,9,6,6,10,10,3.21,512.71,7.77,66
10,10,6,6,6,6,5,5,3.21,535.93,7.77,69
10,10,9,9,4,4,6,6,3.21,613.75,8.08,76
10,10,9,9,4,4,7,7,3.21,613.75,8.08,76
10,10,9,9,6,6,9,9,3.21,511.07,7.86,65
10,10,9,9,6,6,10,10,3.21,511.07,7.86,65
4,4,6,6,7,7,4,4,3.2,613.64,7.67,80
4,4,6,6,8,8,4,4,3.2,613.64,7.67,80
4,4,6,6,9,9,4,4,3.2,613.64,7.67,80
4,4,6,6,10,10,4,4,3.2,613.64,7.67,80
6,6,6,6,5,5,4,4,3.2,586.15,7.61,77
6,6,6,6,7,7,4,4,3.2,566.37,7.45,76
6,6,6,6,8,8,4,4,3.2,566.37,7.45,76
6,6,6,6,9,9,4,4,3.2,566.37,7.45,76
6,6,6,6,10,10,4,4,3.2,566.37,7.45,76
7,7,6,6,5,5,4,4,3.2,586.15,7.61,77
7,7,6,6,7,7,4,4,3.2,566.37,7.45,76
7,7,6,6,8,8,4,4,3.2,566.37,7.45,76
7,7,6,6,9,9,4,4,3.2,566.37,7.45,76
7,7,6,6,10,10,4,4,3.2,566.37,7.45,76
8,8,4,4,7,7,5,5,3.2,535.9,7.77,69
8,8,4,4,8,8,5,5,3.2,535.9,7.77,69
8,8,4,4,9,9,5,5,3.2,535.9,7.77,69
8,8,4,4,10,10,5,5,3.2,535.9,7.77,69
8,8,8,8,6,6,8,8,3.2,507.05,7.8,65
8,8,8,8,6,6,9,9,3.2,507.05,7.8,65
8,8,8,8,6,6,10,10,3.2,507.05,7.8,65
10,10,7,7,4,4,5,5,3.2,632.07,8,79
4,4,6,6,5,5,4,4,3.19,633.41,7.82,81
5,5,7,7,6,6,5,5,3.19,605.01,7.66,79
5,5,8,8,6,6,5,5,3.19,605.01,7.66,79
8,8,6,6,6,6,5,5,3.19,532.29,7.71,69
9,9,8,8,7,7,5,5,3.19,546.43,7.7,71
9,9,8,8,8,8,5,5,3.19,546.43,7.7,71
9,9,8,8,9,9,5,5,3.19,546.43,7.7,71
9,9,8,8,10,10,5,5,3.19,546.43,7.7,71
4,4,7,7,4,4,5,5,3.18,675.62,7.77,87
4,4,8,8,4,4,5,5,3.18,675.62,7.77,87
5,5,4,4,6,6,5,5,3.18,591.51,7.68,77
5,5,9,9,6,6,5,5,3.18,605.62,7.67,79
8,8,9,9,7,7,5,5,3.18,546.82,7.7,71
8,8,9,9,8,8,5,5,3.18,546.82,7.7,71
8,8,9,9,9,9,5,5,3.18,546.82,7.7,71
8,8,9,9,10,10,5,5,3.18,546.82,7.7,71
9,9,8,8,4,4,6,6,3.18,611.55,7.74,79
9,9,8,8,4,4,7,7,3.18,611.55,7.74,79
9,9,8,8,5,5,5,5,3.18,566.21,7.86,72
9,9,9,9,7,7,5,5,3.18,546.82,7.7,71
9,9,9,9,8,8,5,5,3.18,546.82,7.7,71
9,9,9,9,9,9,5,5,3.18,546.82,7.7,71
9,9,9,9,10,10,5,5,3.18,546.82,7.7,71
10,10,8,8,4,4,6,6,3.18,609.91,7.82,78
10,10,8,8,4,4,7,7,3.18,609.91,7.82,78
4,4,4,4,4,4,5,5,3.17,662.12,7.79,85
4,4,9,9,4,4,5,5,3.17,676.23,7.77,87
6,6,5,5,7,7,4,4,3.17,566.89,7.27,78
6,6,5,5,8,8,4,4,3.17,566.89,7.27,78
6,6,5,5,9,9,4,4,3.17,566.89,7.27,78
6,6,5,5,10,10,4,4,3.17,566.89,7.27,78
6,6,8,8,4,4,6,6,3.17,606.28,7.77,78
6,6,8,8,4,4,7,7,3.17,606.28,7.77,78
6,6,9,9,4,4,8,8,3.17,590.31,7.98,74
7,7,5,5,7,7,4,4,3.17,566.89,7.27,78
7,7,5,5,8,8,4,4,3.17,566.89,7.27,78
7,7,5,5,9,9,4,4,3.17,566.89,7.27,78
7,7,5,5,10,10,4,4,3.17,566.89,7.27,78
7,7,8,8,4,4,6,6,3.17,606.28,7.77,78
7,7,8,8,4,4,7,7,3.17,606.28,7.77,78
7,7,9,9,4,4,8,8,3.17,590.31,7.98,74
8,8,8,8,4,4,6,6,3.17,606.28,7.77,78
8,8,8,8,4,4,7,7,3.17,606.28,7.77,78
8,8,9,9,4,4,8,8,3.17,590.31,7.98,74
8,8,9,9,5,5,5,5,3.17,566.59,7.87,72
9,9,9,9,4,4,8,8,3.17,590.31,7.98,74
9,9,9,9,5,5,5,5,3.17,566.59,7.87,72
10,10,9,9,4,4,8,8,3.17,588.67,8.06,73
4,4,5,5,7,7,4,4,3.16,614.16,7.49,82
4,4,5,5,8,8,4,4,3.16,614.16,7.49,82
4,4,5,5,9,9,4,4,3.16,614.16,7.49,82
4,4,5,5,10,10,4,4,3.16,614.16,7.49,82
5,5,7,7,4,4,5,5,3.16,670.35,7.79,86
5,5,8,8,4,4,5,5,3.16,670.35,7.79,86
5,5,9,9,4,4,5,5,3.16,670.96,7.8,86
5,5,10,10,6,6,4,4,3.16,554.21,7.92,70
8,8,8,8,5,5,5,5,3.16,560.94,7.9,71
8,8,8,8,7,7,5,5,3.16,541.16,7.73,70
8,8,8,8,8,8,5,5,3.16,541.16,7.73,70
8,8,8,8,9,9,5,5,3.16,541.16,7.73,70
8,8,8,8,10,10,5,5,3.16,541.16,7.73,70
9,9,5,5,5,5,4,4,3.16,575.44,7.57,76
10,10,7,7,6,6,5,5,3.16,548.03,7.83,70
4,4,10,10,4,4,4,4,3.15,624.83,8.01,78
5,5,4,4,4,4,5,5,3.15,656.85,7.82,84
8,8,10,10,5,5,4,4,3.15,515.19,8.18,63
8,8,10,10,7,7,4,4,3.15,495.41,7.99,62
8,8,10,10,8,8,4,4,3.15,495.41,7.99,62
8,8,10,10,9,9,4,4,3.15,495.41,7.99,62
8,8,10,10,10,10,4,4,3.15,495.41,7.99,62
9,9,10,10,5,5,4,4,3.15,515.19,8.18,63
9,9,10,10,7,7,4,4,3.15,495.41,7.99,62
9,9,10,10,8,8,4,4,3.15,495.41,7.99,62
9,9,10,10,9,9,4,4,3.15,495.41,7.99,62
9,9,10,10,10,10,4,4,3.15,495.41,7.99,62
10,10,5,5,5,5,4,4,3.15,573.8,7.65,75
5,5,10,10,4,4,4,4,3.14,619.56,8.05,77
8,8,5,5,5,5,4,4,3.14,570.16,7.6,75
9,9,6,6,5,5,4,4,3.14,570.61,7.61,75
9,9,6,6,7,7,4,4,3.14,550.83,7.44,74
9,9,6,6,8,8,4,4,3.14,550.83,7.44,74
9,9,6,6,9,9,4,4,3.14,550.83,7.44,74
9,9,6,6,10,10,4,4,3.14,550.83,7.44,74
9,9,8,8,4,4,8,8,3.14,586.47,7.72,76
9,9,8,8,4,4,9,9,3.14,586.47,7.72,76
9,9,8,8,4,4,10,10,3.14,586.47,7.72,76
10,10,6,6,5,5,4,4,3.14,568.97,7.69,74
10,10,8,8,4,4,5,5,3.14,626.38,7.83,80
10,10,8,8,4,4,8,8,3.14,584.83,7.8,75
10,10,8,8,4,4,9,9,3.14,584.83,7.8,75
10,10,8,8,4,4,10,10,3.14,584.83,7.8,75
4,4,7,7,6,6,5,5,3.13,589.47,7.66,77
4,4,8,8,6,6,5,5,3.13,589.47,7.66,77
4,4,9,9,6,6,5,5,3.13,590.08,7.66,77
5,5,7,7,5,5,4,4,3.13,640.16,7.53,85
5,5,7,7,7,7,4,4,3.13,618.28,7.45,83
5,5,7,7,8,8,4,4,3.13,618.28,7.45,83
5,5,7,7,9,9,4,4,3.13,618.28,7.45,83
5,5,7,7,10,10,4,4,3.13,618.28,7.45,83
5,5,8,8,5,5,4,4,3.13,640.16,7.53,85
5,5,8,8,7,7,4,4,3.13,618.28,7.45,83
5,5,8,8,8,8,4,4,3.13,618.28,7.45,83
5,5,8,8,9,9,4,4,3.13,618.28,7.45,83
5,5,8,8,10,10,4,4,3.13,618.28,7.45,83
5,5,9,9,5,5,4,4,3.13,640.77,7.54,85
6,6,9,9,4,4,9,9,3.13,586.85,7.72,76
6,6,9,9,4,4,10,10,3.13,586.85,7.72,76
7,7,9,9,4,4,9,9,3.13,586.85,7.72,76
7,7,9,9,4,4,10,10,3.13,586.85,7.72,76
8,8,9,9,4,4,9,9,3.13,586.85,7.72,76
8,8,9,9,4,4,10,10,3.13,586.85,7.72,76
9,9,9,9,4,4,9,9,3.13,586.85,7.72,76
9,9,9,9,4,4,10,10,3.13,586.85,7.72,76
10,10,9,9,4,4,5,5,3.13,626.76,7.83,80
10,10,9,9,4,4,9,9,3.13,585.22,7.8,75
10,10,9,9,4,4,10,10,3.13,585.22,7.8,75
4,4,4,4,6,6,5,5,3.12,575.97,7.68,75
5,5,4,4,5,5,4,4,3.12,626.66,7.55,83
5,5,9,9,7,7,4,4,3.12,618.88,7.46,83
5,5,9,9,8,8,4,4,3.12,618.88,7.46,83
5,5,9,9,9,9,4,4,3.12,618.88,7.46,83
5,5,9,9,10,10,4,4,3.12,618.88,7.46,83
6,6,4,4,6,6,5,5,3.12,528.7,7.45,71
6,6,8,8,4,4,8,8,3.12,581.2,7.75,75
6,6,8,8,4,4,9,9,3.12,581.2,7.75,75
6,6,8,8,4,4,10,10,3.12,581.2,7.75,75
7,7,4,4,6,6,5,5,3.12,528.7,7.45,71
7,7,8,8,4,4,8,8,3.12,581.2,7.75,75
7,7,8,8,4,4,9,9,3.12,581.2,7.75,75
7,7,8,8,4,4,10,10,3.12,581.2,7.75,75
8,8,6,6,5,5,4,4,3.12,565.34,7.64,74
8,8,6,6,7,7,4,4,3.12,545.56,7.47,73
8,8,6,6,8,8,4,4,3.12,545.56,7.47,73
8,8,6,6,9,9,4,4,3.12,545.56,7.47,73
8,8,6,6,10,10,4,4,3.12,545.56,7.47,73
8,8,8,8,4,4,8,8,3.12,581.2,7.75,75
8,8,8,8,4,4,9,9,3.12,581.2,7.75,75
8,8,8,8,4,4,10,10,3.12,581.2,7.75,75
6,6,7,7,6,6,5,5,3.11,535.35,7.44,72
7,7,7,7,6,6,5,5,3.11,535.35,7.44,72
9,9,4,4,4,4,5,5,3.11,597.21,7.66,78
9,9,5,5,7,7,4,4,3.11,551.35,7.25,76
9,9,5,5,8,8,4,4,3.11,551.35,7.25,76
9,9,5,5,9,9,4,4,3.11,551.35,7.25,76
9,9,5,5,10,10,4,4,3.11,551.35,7.25,76
10,10,4,4,4,4,5,5,3.11,595.57,7.73,77
10,10,10,10,4,4,4,4,3.11,575.36,8.1,71
4,4,10,10,6,6,4,4,3.1,538.68,7.92,68
9,9,7,7,4,4,5,5,3.1,603.85,7.64,79
10,10,7,7,5,5,4,4,3.1,581.07,7.75,75
10,10,7,7,7,7,5,5,3.1,500.92,7.59,66
10,10,7,7,8,8,5,5,3.1,500.92,7.59,66
10,10,7,7,9,9,5,5,3.1,500.92,7.59,66
10,10,7,7,10,10,5,5,3.1,500.92,7.59,66
6,6,4,4,4,4,5,5,3.09,591.94,7.69,77
7,7,4,4,4,4,5,5,3.09,591.94,7.69,77
8,8,4,4,4,4,5,5,3.09,591.94,7.69,77
8,8,5,5,7,7,4,4,3.09,546.08,7.28,75
8,8,5,5,8,8,4,4,3.09,546.08,7.28,75
8,8,5,5,9,9,4,4,3.09,546.08,7.28,75
8,8,5,5,10,10,4,4,3.09,546.08,7.28,75
10,10,8,8,6,6,5,5,3.09,542.34,7.64,71
4,4,5,5,4,4,4,4,3.08,672.3,7.39,91
4,4,7,7,7,7,4,4,3.08,602.74,7.44,81
4,4,7,7,8,8,4,4,3.08,602.74,7.44,81
4,4,7,7,9,9,4,4,3.08,602.74,7.44,81
4,4,7,7,10,10,4,4,3.08,602.74,7.44,81
4,4,8,8,7,7,4,4,3.08,602.74,7.44,81
4,4,8,8,8,8,4,4,3.08,602.74,7.44,81
4,4,8,8,9,9,4,4,3.08,602.74,7.44,81
4,4,8,8,10,10,4,4,3.08,602.74,7.44,81
5,5,5,5,6,6,4,4,3.08,601.69,7.25,83
6,6,7,7,4,4,5,5,3.08,598.58,7.67,78
7,7,7,7,4,4,5,5,3.08,598.58,7.67,78
8,8,7,7,4,4,5,5,3.08,598.58,7.67,78
10,10,9,9,6,6,5,5,3.08,542.72,7.64,71
4,4,6,6,4,4,4,4,3.07,667.48,7.42,90
4,4,7,7,5,5,4,4,3.07,622.51,7.59,82
4,4,8,8,5,5,4,4,3.07,622.51,7.59,82
4,4,9,9,5,5,4,4,3.07,623.12,7.6,82
4,4,9,9,7,7,4,4,3.07,603.34,7.45,81
4,4,9,9,8,8,4,4,3.07,603.34,7.45,81
4,4,9,9,9,9,4,4,3.07,603.34,7.45,81
4,4,9,9,10,10,4,4,3.07,603.34,7.45,81
5,5,4,4,7,7,4,4,3.07,600.47,7.32,82
5,5,4,4,8,8,4,4,3.07,600.47,7.32,82
5,5,4,4,9,9,4,4,3.07,600.47,7.32,82
5,5,4,4,10,10,4,4,3.07,600.47,7.32,82
5,5,5,5,4,4,4,4,3.07,667.03,7.41,90
4,4,4,4,5,5,4,4,3.06,609.02,7.61,80
5,5,6,6,6,6,4,4,3.06,596.86,7.28,82
6,6,4,4,5,5,4,4,3.06,561.75,7.39,76
7,7,4,4,5,5,4,4,3.06,561.75,7.39,76
9,9,4,4,6,6,5,5,3.06,513.17,7.44,69
10,10,4,4,6,6,5,5,3.06,511.53,7.52,68
10,10,4,4,7,7,5,5,3.06,489.96,7.42,66
10,10,4,4,8,8,5,5,3.06,489.96,7.42,66
10,10,4,4,9,9,5,5,3.06,489.96,7.42,66
10,10,4,4,10,10,5,5,3.06,489.96,7.42,66
5,5,6,6,4,4,4,4,3.05,662.21,7.44,89
6,6,7,7,5,5,4,4,3.05,568.39,7.38,77
6,6,7,7,7,7,4,4,3.05,548.62,7.22,76
6,6,7,7,8,8,4,4,3.05,548.62,7.22,76
6,6,7,7,9,9,4,4,3.05,548.62,7.22,76
6,6,7,7,10,10,4,4,3.05,548.62,7.22,76
6,6,9,9,6,6,5,5,3.05,535.32,7.23,74
7,7,7,7,5,5,4,4,3.05,568.39,7.38,77
7,7,7,7,7,7,4,4,3.05,548.62,7.22,76
7,7,7,7,8,8,4,4,3.05,548.62,7.22,76
7,7,7,7,9,9,4,4,3.05,548.62,7.22,76
7,7,7,7,10,10,4,4,3.05,548.62,7.22,76
7,7,9,9,6,6,5,5,3.05,535.32,7.23,74
9,9,7,7,6,6,5,5,3.05,519.81,7.43,70
10,10,10,10,6,6,4,4,3.05,491.32,7.92,62
6,6,8,8,6,6,5,5,3.04,529.66,7.26,73
7,7,8,8,6,6,5,5,3.04,529.66,7.26,73
8,8,4,4,6,6,5,5,3.04,507.9,7.47,68
9,9,8,8,4,4,5,5,3.04,598.16,7.48,80
4,4,5,5,6,6,4,4,3.03,586.16,7.24,81
6,6,9,9,4,4,5,5,3.03,598.55,7.48,80
7,7,9,9,4,4,5,5,3.03,598.55,7.48,80
8,8,7,7,6,6,5,5,3.03,514.54,7.46,69
8,8,9,9,4,4,5,5,3.03,598.55,7.48,80
9,9,9,9,4,4,5,5,3.03,598.55,7.48,80
10,10,8,8,5,5,4,4,3.03,575.38,7.57,76
10,10,8,8,7,7,5,5,3.03,495.23,7.39,67
10,10,8,8,8,8,5,5,3.03,495.23,7.39,67
10,10,8,8,9,9,5,5,3.03,495.23,7.39,67
10,10,8,8,10,10,5,5,3.03,495.23,7.39,67
10,10,9,9,5,5,4,4,3.03,575.76,7.58,76
4,4,4,4,7,7,4,4,3.02,584.93,7.31,80
4,4,4,4,8,8,4,4,3.02,584.93,7.31,80
4,4,4,4,9,9,4,4,3.02,584.93,7.31,80
4,4,4,4,10,10,4,4,3.02,584.93,7.31,80
6,6,5,5,6,6,4,4,3.02,538.89,7,77
6,6,8,8,4,4,5,5,3.02,592.89,7.5,79
6,6,10,10,6,6,4,4,3.02,483.91,7.44,65
7,7,5,5,6,6,4,4,3.02,538.89,7,77
7,7,8,8,4,4,5,5,3.02,592.89,7.5,79
7,7,10,10,6,6,4,4,3.02,483.91,7.44,65
8,8,8,8,4,4,5,5,3.02,592.89,7.5,79
9,9,5,5,4,4,4,4,3.02,607.39,7.23,84
10,10,5,5,4,4,4,4,3.02,605.75,7.3,83
10,10,9,9,7,7,5,5,3.02,495.61,7.4,67
10,10,9,9,8,8,5,5,3.02,495.61,7.4,67
10,10,9,9,9,9,5,5,3.02,495.61,7.4,67
10,10,9,9,10,10,5,5,3.02,495.61,7.4,67
4,4,6,6,6,6,4,4,3.01,581.33,7.27,80
6,6,4,4,7,7,4,4,3.01,537.66,7.07,76
6,6,4,4,8,8,4,4,3.01,537.66,7.07,76
6,6,4,4,9,9,4,4,3.01,537.66,7.07,76
6,6,4,4,10,10,4,4,3.01,537.66,7.07,76
7,7,4,4,7,7,4,4,3.01,537.66,7.07,76
7,7,4,4,8,8,4,4,3.01,537.66,7.07,76
7,7,4,4,9,9,4,4,3.01,537.66,7.07,76
7,7,4,4,10,10,4,4,3.01,537.66,7.07,76
9,9,6,6,4,4,4,4,3.01,602.56,7.26,83
6,6,5,5,4,4,4,4,3,602.12,7.25,83
6,6,6,6,6,6,4,4,3,534.06,7.03,76
6,6,9,9,5,5,4,4,3,568.36,7.19,79
6,6,10,10,4,4,4,4,3,547.14,7.71,71
7,7,5,5,4,4,4,4,3,602.12,7.25,83
7,7,6,6,6,6,4,4,3,534.06,7.03,76
7,7,9,9,5,5,4,4,3,568.36,7.19,79
7,7,10,10,4,4,4,4,3,547.14,7.71,71
8,8,5,5,4,4,4,4,3,602.12,7.25,83
8,8,10,10,4,4,4,4,3,547.14,7.71,71
9,9,4,4,5,5,4,4,3,546.21,7.38,74
9,9,10,10,4,4,4,4,3,547.14,7.71,71
10,10,4,4,5,5,4,4,3,544.57,7.46,73
10,10,6,6,4,4,4,4,3,600.92,7.33,82
6,6,6,6,4,4,4,4,2.99,597.29,7.28,82
6,6,9,9,7,7,4,4,2.99,548.58,7.03,78
6,6,9,9,8,8,4,4,2.99,548.58,7.03,78
6,6,9,9,9,9,4,4,2.99,548.58,7.03,78
6,6,9,9,10,10,4,4,2.99,548.58,7.03,78
7,7,6,6,4,4,4,4,2.99,597.29,7.28,82
7,7,9,9,7,7,4,4,2.99,548.58,7.03,78
7,7,9,9,8,8,4,4,2.99,548.58,7.03,78
7,7,9,9,9,9,4,4,2.99,548.58,7.03,78
7,7,9,9,10,10,4,4,2.99,548.58,7.03,78
8,8,6,6,4,4,4,4,2.99,597.29,7.28,82
9,9,7,7,5,5,4,4,2.99,552.85,7.37,75
9,9,7,7,7,7,4,4,2.99,533.08,7.2,74
9,9,7,7,8,8,4,4,2.99,533.08,7.2,74
9,9,7,7,9,9,4,4,2.99,533.08,7.2,74
9,9,7,7,10,10,4,4,2.99,533.08,7.2,74
10,10,6,6,7,7,4,4,2.99,499.63,7.14,70
10,10,6,6,8,8,4,4,2.99,499.63,7.14,70
10,10,6,6,9,9,4,4,2.99,499.63,7.14,70
10,10,6,6,10,10,4,4,2.99,499.63,7.14,70
6,6,8,8,5,5,4,4,2.98,562.7,7.21,78
6,6,8,8,7,7,4,4,2.98,542.92,7.05,77
6,6,8,8,8,8,4,4,2.98,542.92,7.05,77
6,6,8,8,9,9,4,4,2.98,542.92,7.05,77
6,6,8,8,10,10,4,4,2.98,542.92,7.05,77
7,7,8,8,5,5,4,4,2.98,562.7,7.21,78
7,7,8,8,7,7,4,4,2.98,542.92,7.05,77
7,7,8,8,8,8,4,4,2.98,542.92,7.05,77
7,7,8,8,9,9,4,4,2.98,542.92,7.05,77
7,7,8,8,10,10,4,4,2.98,542.92,7.05,77
8,8,4,4,5,5,4,4,2.98,540.94,7.41,73
9,9,8,8,6,6,5,5,2.98,514.12,7.24,71
10,10,10,10,7,7,4,4,2.98,444.21,7.66,58
10,10,10,10,8,8,4,4,2.98,444.21,7.66,58
10,10,10,10,9,9,4,4,2.98,444.21,7.66,58
10,10,10,10,10,10,4,4,2.98,444.21,7.66,58
4,4,7,7,4,4,4,4,2.97,656.57,7.22,91
4,4,8,8,4,4,4,4,2.97,656.57,7.22,91
8,8,7,7,5,5,4,4,2.97,547.58,7.4,74
8,8,7,7,7,7,4,4,2.97,527.81,7.23,73
8,8,7,7,8,8,4,4,2.97,527.81,7.23,73
8,8,7,7,9,9,4,4,2.97,527.81,7.23,73
8,8,7,7,10,10,4,4,2.97,527.81,7.23,73
8,8,9,9,6,6,5,5,2.97,514.51,7.25,71
9,9,9,9,6,6,5,5,2.97,514.51,7.25,71
10,10,7,7,4,4,4,4,2.97,613.02,7.39,83
4,4,9,9,4,4,4,4,2.96,657.18,7.22,91
8,8,8,8,6,6,5,5,2.96,508.85,7.27,70
9,9,5,5,6,6,4,4,2.96,523.35,6.98,75
10,10,5,5,6,6,4,4,2.96,521.71,7.05,74
10,10,5,5,7,7,4,4,2.96,500.14,6.95,72
10,10,5,5,8,8,4,4,2.96,500.14,6.95,72
10,10,5,5,9,9,4,4,2.96,500.14,6.95,72
10,10,5,5,10,10,4,4,2.96,500.14,6.95,72
4,4,4,4,4,4,4,4,2.95,643.08,7.23,89
5,5,7,7,4,4,4,4,2.95,651.3,7.24,90
5,5,7,7,6,6,4,4,2.95,585.96,7.06,83
5,5,8,8,4,4,4,4,2.95,651.3,7.24,90
5,5,8,8,6,6,4,4,2.95,585.96,7.06,83
5,5,9,9,4,4,4,4,2.95,651.91,7.24,90
5,5,9,9,6,6,4,4,2.95,586.57,7.07,83
9,9,4,4,7,7,4,4,2.95,522.12,7.06,74
9,9,4,4,8,8,4,4,2.95,522.12,7.06,74
9,9,4,4,9,9,4,4,2.95,522.12,7.06,74
9,9,4,4,10,10,4,4,2.95,522.12,7.06,74
5,5,4,4,4,4,4,4,2.94,637.81,7.25,88
5,5,4,4,6,6,4,4,2.94,572.47,7.07,81
8,8,5,5,6,6,4,4,2.94,518.08,7,74
9,9,6,6,6,6,4,4,2.94,518.52,7.01,74
10,10,6,6,6,6,4,4,2.94,516.88,7.08,73
8,8,4,4,7,7,4,4,2.93,516.85,7.08,73
8,8,4,4,8,8,4,4,2.93,516.85,7.08,73
8,8,4,4,9,9,4,4,2.93,516.85,7.08,73
8,8,4,4,10,10,4,4,2.93,516.85,7.08,73
8,8,10,10,6,6,4,4,2.93,463.1,7.47,62
9,9,8,8,5,5,4,4,2.93,547.16,7.2,76
9,9,8,8,7,7,4,4,2.93,527.39,7.03,75
9,9,8,8,8,8,4,4,2.93,527.39,7.03,75
9,9,8,8,9,9,4,4,2.93,527.39,7.03,75
9,9,8,8,10,10,4,4,2.93,527.39,7.03,75
9,9,10,10,6,6,4,4,2.93,463.1,7.47,62
8,8,6,6,6,6,4,4,2.92,513.25,7.03,73
8,8,9,9,5,5,4,4,2.92,547.55,7.2,76
8,8,9,9,7,7,4,4,2.92,527.77,7.04,75
8,8,9,9,8,8,4,4,2.92,527.77,7.04,75
8,8,9,9,9,9,4,4,2.92,527.77,7.04,75
8,8,9,9,10,10,4,4,2.92,527.77,7.04,75
9,9,9,9,5,5,4,4,2.92,547.55,7.2,76
9,9,9,9,7,7,4,4,2.92,527.77,7.04,75
9,9,9,9,8,8,4,4,2.92,527.77,7.04,75
9,9,9,9,9,9,4,4,2.92,527.77,7.04,75
9,9,9,9,10,10,4,4,2.92,527.77,7.04,75
10,10,8,8,4,4,4,4,2.92,607.33,7.23,84
8,8,8,8,5,5,4,4,2.91,541.89,7.23,75
8,8,8,8,7,7,4,4,2.91,522.12,7.06,74
8,8,8,8,8,8,4,4,2.91,522.12,7.06,74
8,8,8,8,9,9,4,4,2.91,522.12,7.06,74
8,8,8,8,10,10,4,4,2.91,522.12,7.06,74
10,10,7,7,6,6,4,4,2.91,528.98,7.15,74
10,10,9,9,4,4,4,4,2.91,607.72,7.23,84
4,4,7,7,6,6,4,4,2.9,570.43,7.04,81
4,4,8,8,6,6,4,4,2.9,570.43,7.04,81
4,4,9,9,6,6,4,4,2.9,571.03,7.05,81
4,4,4,4,6,6,4,4,2.89,556.93,7.05,79
9,9,4,4,4,4,4,4,2.89,578.16,7.05,82
9,9,7,7,4,4,4,4,2.88,584.81,7.05,83
10,10,4,4,4,4,4,4,2.88,576.52,7.12,81
6,6,4,4,4,4,4,4,2.87,572.89,7.07,81
6,6,4,4,6,6,4,4,2.87,509.66,6.8,75
7,7,4,4,4,4,4,4,2.87,572.89,7.07,81
7,7,4,4,6,6,4,4,2.87,509.66,6.8,75
8,8,4,4,4,4,4,4,2.87,572.89,7.07,81
6,6,7,7,4,4,4,4,2.86,579.54,7.07,82
6,6,7,7,6,6,4,4,2.86,516.3,6.79,76
7,7,7,7,4,4,4,4,2.86,579.54,7.07,82
7,7,7,7,6,6,4,4,2.86,516.3,6.79,76
8,8,7,7,4,4,4,4,2.86,579.54,7.07,82
10,10,8,8,6,6,4,4,2.85,523.29,6.98,75
10,10,7,7,7,7,4,4,2.84,481.87,6.88,70
10,10,7,7,8,8,4,4,2.84,481.87,6.88,70
10,10,7,7,9,9,4,4,2.84,481.87,6.88,70
10,10,7,7,10,10,4,4,2.84,481.87,6.88,70
10,10,9,9,6,6,4,4,2.84,523.67,6.98,75
9,9,8,8,4,4,4,4,2.83,579.11,6.89,84
6,6,9,9,4,4,4,4,2.82,579.5,6.9,84
7,7,9,9,4,4,4,4,2.82,579.5,6.9,84
8,8,9,9,4,4,4,4,2.82,579.5,6.9,84
9,9,9,9,4,4,4,4,2.82,579.5,6.9,84
6,6,8,8,4,4,4,4,2.81,573.84,6.91,83
6,6,9,9,6,6,4,4,2.81,516.27,6.62,78
7,7,8,8,4,4,4,4,2.81,573.84,6.91,83
7,7,9,9,6,6,4,4,2.81,516.27,6.62,78
8,8,8,8,4,4,4,4,2.81,573.84,6.91,83
9,9,4,4,6,6,4,4,2.81,494.12,6.77,73
10,10,4,4,6,6,4,4,2.81,492.48,6.84,72
6,6,8,8,6,6,4,4,2.8,510.61,6.63,77
7,7,8,8,6,6,4,4,2.8,510.61,6.63,77
9,9,7,7,6,6,4,4,2.8,500.77,6.77,74
10,10,4,4,7,7,4,4,2.8,470.92,6.73,70
10,10,4,4,8,8,4,4,2.8,470.92,6.73,70
10,10,4,4,9,9,4,4,2.8,470.92,6.73,70
10,10,4,4,10,10,4,4,2.8,470.92,6.73,70
8,8,4,4,6,6,4,4,2.79,488.85,6.79,72
8,8,7,7,6,6,4,4,2.78,495.5,6.79,73
10,10,8,8,7,7,4,4,2.78,476.18,6.71,71
10,10,8,8,8,8,4,4,2.78,476.18,6.71,71
10,10,8,8,9,9,4,4,2.78,476.18,6.71,71
10,10,8,8,10,10,4,4,2.78,476.18,6.71,71
10,10,9,9,7,7,4,4,2.77,476.57,6.71,71
10,10,9,9,8,8,4,4,2.77,476.57,6.71,71
10,10,9,9,9,9,4,4,2.77,476.57,6.71,71
10,10,9,9,10,10,4,4,2.77,476.57,6.71,71
9,9,8,8,6,6,4,4,2.75,495.07,6.6,75
8,8,9,9,6,6,4,4,2.74,495.46,6.61,75
9,9,9,9,6,6,4,4,2.74,495.46,6.61,75
8,8,8,8,6,6,4,4,2.73,489.8,6.62,74
