high_by_point_n,low_by_point_n,high_by_point_n_on_trend,low_by_point_n_on_trend,high_by_point_m,low_by_point_m,high_by_point_m_on_trend,low_by_point_m_on_trend,Fit Score,Total Pnl%,Avg Pnl% per entry,Trade Count
4,4,4,4,4,4,4,4,3.37,293.86,5.25,56
4,4,4,5,4,4,4,5,3.37,293.86,5.25,56
4,4,4,6,4,4,4,6,4.37,321.25,6.3,51
4,4,4,7,4,4,4,7,4.37,321.25,6.3,51
4,4,4,8,4,4,4,8,4.37,321.25,6.3,51
4,4,4,9,4,4,4,9,4.37,321.25,6.3,51
4,4,4,10,4,4,4,10,5.51,343.53,7.47,46
4,4,5,4,4,4,5,4,3.64,299.25,5.75,52
4,4,5,5,4,4,5,5,3.64,299.25,5.75,52
4,4,5,6,4,4,5,6,4.89,329.18,7.0,47
4,4,5,7,4,4,5,7,4.89,329.18,7.0,47
4,4,5,8,4,4,5,8,4.89,329.18,7.0,47
4,4,5,9,4,4,5,9,4.89,329.18,7.0,47
4,4,5,10,4,4,5,10,6.38,351.46,8.37,42
4,4,6,4,4,4,6,4,3.37,274.82,5.97,46
4,4,6,5,4,4,6,5,3.37,274.82,5.97,46
4,4,6,6,4,4,6,6,4.5,304.74,7.43,41
4,4,6,7,4,4,6,7,4.5,304.74,7.43,41
4,4,6,8,4,4,6,8,4.5,304.74,7.43,41
4,4,6,9,4,4,6,9,4.5,304.74,7.43,41
4,4,6,10,4,4,6,10,5.82,327.03,9.08,36
4,4,7,4,4,4,7,4,3.45,277.6,6.17,45
4,4,7,5,4,4,7,5,3.45,277.6,6.17,45
4,4,7,6,4,4,7,6,4.65,307.52,7.69,40
4,4,7,7,4,4,7,7,4.65,307.52,7.69,40
4,4,7,8,4,4,7,8,4.65,307.52,7.69,40
4,4,7,9,4,4,7,9,4.65,307.52,7.69,40
4,4,7,10,4,4,7,10,6.06,329.81,9.42,35
4,4,8,4,4,4,8,4,3.33,264.25,6.01,44
4,4,8,5,4,4,8,5,3.33,264.25,6.01,44
4,4,8,6,4,4,8,6,4.49,294.17,7.54,39
4,4,8,7,4,4,8,7,4.49,294.17,7.54,39
4,4,8,8,4,4,8,8,4.49,294.17,7.54,39
4,4,8,9,4,4,8,9,4.49,294.17,7.54,39
4,4,8,10,4,4,8,10,5.86,316.46,9.31,34
4,4,9,4,4,4,9,4,3.33,264.25,6.01,44
4,4,9,5,4,4,9,5,3.33,264.25,6.01,44
4,4,9,6,4,4,9,6,4.14,264.94,6.97,38
4,4,9,7,4,4,9,7,4.14,264.94,6.97,38
4,4,9,8,4,4,9,8,4.14,264.94,6.97,38
4,4,9,9,4,4,9,9,4.14,264.94,6.97,38
4,4,9,10,4,4,9,10,5.41,287.22,8.7,33
4,4,10,4,4,4,10,4,3.49,269.41,6.27,43
4,4,10,5,4,4,10,5,3.49,269.41,6.27,43
4,4,10,6,4,4,10,6,4.41,270.1,7.3,37
4,4,10,7,4,4,10,7,4.41,270.1,7.3,37
4,4,10,8,4,4,10,8,4.41,270.1,7.3,37
4,4,10,9,4,4,10,9,4.41,270.1,7.3,37
4,4,10,10,4,4,10,10,5.88,292.38,9.14,32
4,5,4,4,4,5,4,4,3.56,331.09,5.43,61
4,5,4,5,4,5,4,5,3.37,293.86,5.25,56
4,5,4,6,4,5,4,6,4.37,321.25,6.3,51
4,5,4,7,4,5,4,7,4.37,321.25,6.3,51
4,5,4,8,4,5,4,8,4.37,321.25,6.3,51
4,5,4,9,4,5,4,9,4.37,321.25,6.3,51
4,5,4,10,4,5,4,10,5.33,329.52,7.49,44
4,5,5,4,4,5,5,4,3.84,336.48,5.9,57
4,5,5,5,4,5,5,5,3.64,299.25,5.75,52
4,5,5,6,4,5,5,6,4.89,329.18,7.0,47
4,5,5,7,4,5,5,7,4.89,329.18,7.0,47
4,5,5,8,4,5,5,8,4.89,329.18,7.0,47
4,5,5,9,4,5,5,9,4.89,329.18,7.0,47
4,5,5,10,4,5,5,10,6.17,337.45,8.44,40
4,5,6,4,4,5,6,4,3.58,312.04,6.12,51
4,5,6,5,4,5,6,5,3.37,274.82,5.97,46
4,5,6,6,4,5,6,6,4.5,304.74,7.43,41
4,5,6,7,4,5,6,7,4.5,304.74,7.43,41
4,5,6,8,4,5,6,8,4.5,304.74,7.43,41
4,5,6,9,4,5,6,9,4.5,304.74,7.43,41
4,5,6,10,4,5,6,10,5.61,313.02,9.21,34
4,5,7,4,4,5,7,4,3.66,314.82,6.3,50
4,5,7,5,4,5,7,5,3.45,277.6,6.17,45
4,5,7,6,4,5,7,6,4.65,307.52,7.69,40
4,5,7,7,4,5,7,7,4.65,307.52,7.69,40
4,5,7,8,4,5,7,8,4.65,307.52,7.69,40
4,5,7,9,4,5,7,9,4.65,307.52,7.69,40
4,5,7,10,4,5,7,10,5.85,315.8,9.57,33
4,5,8,4,4,5,8,4,3.55,301.47,6.15,49
4,5,8,5,4,5,8,5,3.33,264.25,6.01,44
4,5,8,6,4,5,8,6,4.49,294.17,7.54,39
4,5,8,7,4,5,8,7,4.49,294.17,7.54,39
4,5,8,8,4,5,8,8,4.49,294.17,7.54,39
4,5,8,9,4,5,8,9,4.49,294.17,7.54,39
4,5,8,10,4,5,8,10,5.64,302.45,9.45,32
4,5,9,4,4,5,9,4,3.55,301.47,6.15,49
4,5,9,5,4,5,9,5,3.33,264.25,6.01,44
4,5,9,6,4,5,9,6,4.14,264.94,6.97,38
4,5,9,7,4,5,9,7,4.14,264.94,6.97,38
4,5,9,8,4,5,9,8,4.14,264.94,6.97,38
4,5,9,9,4,5,9,9,4.14,264.94,6.97,38
4,5,9,10,4,5,9,10,5.2,273.21,8.81,31
4,5,10,4,4,5,10,4,3.71,306.63,6.39,48
4,5,10,5,4,5,10,5,3.49,269.41,6.27,43
4,5,10,6,4,5,10,6,4.41,270.1,7.3,37
4,5,10,7,4,5,10,7,4.41,270.1,7.3,37
4,5,10,8,4,5,10,8,4.41,270.1,7.3,37
4,5,10,9,4,5,10,9,4.41,270.1,7.3,37
4,5,10,10,4,5,10,10,5.64,278.37,9.28,30
4,6,4,4,4,6,4,4,4.08,347.36,5.99,58
4,6,4,5,4,6,4,5,3.87,310.14,5.85,53
4,6,4,6,4,6,4,6,5.27,337.52,7.03,48
4,6,4,7,4,6,4,7,5.27,337.52,7.03,48
4,6,4,8,4,6,4,8,5.27,337.52,7.03,48
4,6,4,9,4,6,4,9,5.27,337.52,7.03,48
4,6,4,10,4,6,4,10,6.78,345.8,8.43,41
4,6,5,4,4,6,5,4,4.45,352.75,6.53,54
4,6,5,5,4,6,5,5,4.25,315.53,6.44,49
4,6,5,6,4,6,5,6,6.06,345.45,7.85,44
4,6,5,7,4,6,5,7,6.06,345.45,7.85,44
4,6,5,8,4,6,5,8,6.06,345.45,7.85,44
4,6,5,9,4,6,5,9,6.06,345.45,7.85,44
4,6,5,10,4,6,5,10,8.21,353.73,9.56,37
4,6,6,4,4,6,6,4,4.14,328.32,6.84,48
4,6,6,5,4,6,6,5,3.92,291.09,6.77,43
4,6,6,6,4,6,6,6,5.53,321.02,8.45,38
4,6,6,7,4,6,6,7,5.53,321.02,8.45,38
4,6,6,8,4,6,6,8,5.53,321.02,8.45,38
4,6,6,9,4,6,6,9,5.53,321.02,8.45,38
4,6,6,10,4,6,6,10,7.38,329.29,10.62,31
4,6,7,4,4,6,7,4,4.25,331.1,7.04,47
4,6,7,5,4,6,7,5,4.03,293.87,7.0,42
4,6,7,6,4,6,7,6,5.76,323.8,8.75,37
4,6,7,7,4,6,7,7,5.76,323.8,8.75,37
4,6,7,8,4,6,7,8,5.76,323.8,8.75,37
4,6,7,9,4,6,7,9,5.76,323.8,8.75,37
4,6,7,10,4,6,7,10,7.8,332.07,11.07,30
4,6,8,4,4,6,8,4,4.12,317.74,6.91,46
4,6,8,5,4,6,8,5,3.89,280.52,6.84,41
4,6,8,6,4,6,8,6,5.56,310.45,8.62,36
4,6,8,7,4,6,8,7,5.56,310.45,8.62,36
4,6,8,8,4,6,8,8,5.56,310.45,8.62,36
4,6,8,9,4,6,8,9,5.56,310.45,8.62,36
4,6,8,10,4,6,8,10,7.53,318.72,10.99,29
4,6,9,4,4,6,9,4,4.12,317.74,6.91,46
4,6,9,5,4,6,9,5,3.89,280.52,6.84,41
4,6,9,6,4,6,9,6,5.13,281.21,8.03,35
4,6,9,7,4,6,9,7,5.13,281.21,8.03,35
4,6,9,8,4,6,9,8,5.13,281.21,8.03,35
4,6,9,9,4,6,9,9,5.13,281.21,8.03,35
4,6,9,10,4,6,9,10,6.93,289.49,10.34,28
4,6,10,4,4,6,10,4,4.34,322.9,7.18,45
4,6,10,5,4,6,10,5,4.11,285.68,7.14,40
4,6,10,6,4,6,10,6,5.55,286.37,8.42,34
4,6,10,7,4,6,10,7,5.55,286.37,8.42,34
4,6,10,8,4,6,10,8,5.55,286.37,8.42,34
4,6,10,9,4,6,10,9,5.55,286.37,8.42,34
4,6,10,10,4,6,10,10,7.75,294.65,10.91,27
4,7,4,4,4,7,4,4,3.78,303.12,5.83,52
4,7,4,5,4,7,4,5,3.71,292.71,5.74,51
4,7,4,6,4,7,4,6,5.13,318.79,7.08,45
4,7,4,7,4,7,4,7,5.33,338.47,7.05,48
4,7,4,8,4,7,4,8,5.33,338.47,7.05,48
4,7,4,9,4,7,4,9,5.33,338.47,7.05,48
4,7,4,10,4,7,4,10,6.65,327.06,8.61,38
4,7,5,4,4,7,5,4,4.14,308.51,6.43,48
4,7,5,5,4,7,5,5,4.07,298.1,6.34,47
4,7,5,6,4,7,5,6,5.93,326.72,7.97,41
4,7,5,7,4,7,5,7,6.14,346.4,7.87,44
4,7,5,8,4,7,5,8,6.14,346.4,7.87,44
4,7,5,9,4,7,5,9,6.14,346.4,7.87,44
4,7,5,10,4,7,5,10,8.12,334.99,9.85,34
4,7,6,4,4,7,6,4,3.82,284.07,6.76,42
4,7,6,5,4,7,6,5,3.74,273.67,6.67,41
4,7,6,6,4,7,6,6,5.39,302.28,8.64,35
4,7,6,7,4,7,6,7,5.6,321.96,8.47,38
4,7,6,8,4,7,6,8,5.6,321.96,8.47,38
4,7,6,9,4,7,6,9,5.6,321.96,8.47,38
4,7,6,10,4,7,6,10,7.26,310.56,11.09,28
4,7,7,4,4,7,7,4,3.93,286.85,7.0,41
4,7,7,5,4,7,7,5,3.85,276.45,6.91,40
4,7,7,6,4,7,7,6,5.62,305.06,8.97,34
4,7,7,7,4,7,7,7,5.84,324.74,8.78,37
4,7,7,8,4,7,7,8,5.84,324.74,8.78,37
4,7,7,9,4,7,7,9,5.84,324.74,8.78,37
4,7,7,10,4,7,7,10,7.69,313.34,11.61,27
4,7,8,4,4,7,8,4,3.79,273.5,6.84,40
4,7,8,5,4,7,8,5,3.71,263.1,6.75,39
4,7,8,6,4,7,8,6,5.41,291.71,8.84,33
4,7,8,7,4,7,8,7,5.64,311.39,8.65,36
4,7,8,8,4,7,8,8,5.64,311.39,8.65,36
4,7,8,9,4,7,8,9,5.64,311.39,8.65,36
4,7,8,10,4,7,8,10,7.4,299.99,11.54,26
4,7,9,4,4,7,9,4,3.79,273.5,6.84,40
4,7,9,5,4,7,9,5,3.71,263.1,6.75,39
4,7,9,6,4,7,9,6,4.97,262.48,8.2,32
4,7,9,7,4,7,9,7,5.2,282.16,8.06,35
4,7,9,8,4,7,9,8,5.2,282.16,8.06,35
4,7,9,9,4,7,9,9,5.2,282.16,8.06,35
4,7,9,10,4,7,9,10,6.78,270.75,10.83,25
4,7,10,4,4,7,10,4,4.0,278.66,7.15,39
4,7,10,5,4,7,10,5,3.92,268.26,7.06,38
4,7,10,6,4,7,10,6,5.39,267.64,8.63,31
4,7,10,7,4,7,10,7,5.64,287.32,8.45,34
4,7,10,8,4,7,10,8,5.64,287.32,8.45,34
4,7,10,9,4,7,10,9,5.64,287.32,8.45,34
4,7,10,10,4,7,10,10,7.62,275.91,11.5,24
4,8,4,4,4,8,4,4,3.78,303.12,5.83,52
4,8,4,5,4,8,4,5,3.71,292.71,5.74,51
4,8,4,6,4,8,4,6,5.13,318.79,7.08,45
4,8,4,7,4,8,4,7,5.33,338.47,7.05,48
4,8,4,8,4,8,4,8,5.33,338.47,7.05,48
4,8,4,9,4,8,4,9,5.33,338.47,7.05,48
4,8,4,10,4,8,4,10,6.65,327.06,8.61,38
4,8,5,4,4,8,5,4,4.14,308.51,6.43,48
4,8,5,5,4,8,5,5,4.07,298.1,6.34,47
4,8,5,6,4,8,5,6,5.93,326.72,7.97,41
4,8,5,7,4,8,5,7,6.14,346.4,7.87,44
4,8,5,8,4,8,5,8,6.14,346.4,7.87,44
4,8,5,9,4,8,5,9,6.14,346.4,7.87,44
4,8,5,10,4,8,5,10,8.12,334.99,9.85,34
4,8,6,4,4,8,6,4,3.82,284.07,6.76,42
4,8,6,5,4,8,6,5,3.74,273.67,6.67,41
4,8,6,6,4,8,6,6,5.39,302.28,8.64,35
4,8,6,7,4,8,6,7,5.6,321.96,8.47,38
4,8,6,8,4,8,6,8,5.6,321.96,8.47,38
4,8,6,9,4,8,6,9,5.6,321.96,8.47,38
4,8,6,10,4,8,6,10,7.26,310.56,11.09,28
4,8,7,4,4,8,7,4,3.93,286.85,7.0,41
4,8,7,5,4,8,7,5,3.85,276.45,6.91,40
4,8,7,6,4,8,7,6,5.62,305.06,8.97,34
4,8,7,7,4,8,7,7,5.84,324.74,8.78,37
4,8,7,8,4,8,7,8,5.84,324.74,8.78,37
4,8,7,9,4,8,7,9,5.84,324.74,8.78,37
4,8,7,10,4,8,7,10,7.69,313.34,11.61,27
4,8,8,4,4,8,8,4,3.79,273.5,6.84,40
4,8,8,5,4,8,8,5,3.71,263.1,6.75,39
4,8,8,6,4,8,8,6,5.41,291.71,8.84,33
4,8,8,7,4,8,8,7,5.64,311.39,8.65,36
4,8,8,8,4,8,8,8,5.64,311.39,8.65,36
4,8,8,9,4,8,8,9,5.64,311.39,8.65,36
4,8,8,10,4,8,8,10,7.4,299.99,11.54,26
4,8,9,4,4,8,9,4,3.79,273.5,6.84,40
4,8,9,5,4,8,9,5,3.71,263.1,6.75,39
4,8,9,6,4,8,9,6,4.97,262.48,8.2,32
4,8,9,7,4,8,9,7,5.2,282.16,8.06,35
4,8,9,8,4,8,9,8,5.2,282.16,8.06,35
4,8,9,9,4,8,9,9,5.2,282.16,8.06,35
4,8,9,10,4,8,9,10,6.78,270.75,10.83,25
4,8,10,4,4,8,10,4,4.0,278.66,7.15,39
4,8,10,5,4,8,10,5,3.92,268.26,7.06,38
4,8,10,6,4,8,10,6,5.39,267.64,8.63,31
4,8,10,7,4,8,10,7,5.64,287.32,8.45,34
4,8,10,8,4,8,10,8,5.64,287.32,8.45,34
4,8,10,9,4,8,10,9,5.64,287.32,8.45,34
4,8,10,10,4,8,10,10,7.62,275.91,11.5,24
4,9,4,4,4,9,4,4,3.78,303.12,5.83,52
4,9,4,5,4,9,4,5,3.71,292.71,5.74,51
4,9,4,6,4,9,4,6,5.13,318.79,7.08,45
4,9,4,7,4,9,4,7,5.33,338.47,7.05,48
4,9,4,8,4,9,4,8,5.33,338.47,7.05,48
4,9,4,9,4,9,4,9,5.33,338.47,7.05,48
4,9,4,10,4,9,4,10,6.65,327.06,8.61,38
4,9,5,4,4,9,5,4,4.14,308.51,6.43,48
4,9,5,5,4,9,5,5,4.07,298.1,6.34,47
4,9,5,6,4,9,5,6,5.93,326.72,7.97,41
4,9,5,7,4,9,5,7,6.14,346.4,7.87,44
4,9,5,8,4,9,5,8,6.14,346.4,7.87,44
4,9,5,9,4,9,5,9,6.14,346.4,7.87,44
4,9,5,10,4,9,5,10,8.12,334.99,9.85,34
4,9,6,4,4,9,6,4,3.82,284.07,6.76,42
4,9,6,5,4,9,6,5,3.74,273.67,6.67,41
4,9,6,6,4,9,6,6,5.39,302.28,8.64,35
4,9,6,7,4,9,6,7,5.6,321.96,8.47,38
4,9,6,8,4,9,6,8,5.6,321.96,8.47,38
4,9,6,9,4,9,6,9,5.6,321.96,8.47,38
4,9,6,10,4,9,6,10,7.26,310.56,11.09,28
4,9,7,4,4,9,7,4,3.93,286.85,7.0,41
4,9,7,5,4,9,7,5,3.85,276.45,6.91,40
4,9,7,6,4,9,7,6,5.62,305.06,8.97,34
4,9,7,7,4,9,7,7,5.84,324.74,8.78,37
4,9,7,8,4,9,7,8,5.84,324.74,8.78,37
4,9,7,9,4,9,7,9,5.84,324.74,8.78,37
4,9,7,10,4,9,7,10,7.69,313.34,11.61,27
4,9,8,4,4,9,8,4,3.79,273.5,6.84,40
4,9,8,5,4,9,8,5,3.71,263.1,6.75,39
4,9,8,6,4,9,8,6,5.41,291.71,8.84,33
4,9,8,7,4,9,8,7,5.64,311.39,8.65,36
4,9,8,8,4,9,8,8,5.64,311.39,8.65,36
4,9,8,9,4,9,8,9,5.64,311.39,8.65,36
4,9,8,10,4,9,8,10,7.4,299.99,11.54,26
4,9,9,4,4,9,9,4,3.79,273.5,6.84,40
4,9,9,5,4,9,9,5,3.71,263.1,6.75,39
4,9,9,6,4,9,9,6,4.97,262.48,8.2,32
4,9,9,7,4,9,9,7,5.2,282.16,8.06,35
4,9,9,8,4,9,9,8,5.2,282.16,8.06,35
4,9,9,9,4,9,9,9,5.2,282.16,8.06,35
4,9,9,10,4,9,9,10,6.78,270.75,10.83,25
4,9,10,4,4,9,10,4,4.0,278.66,7.15,39
4,9,10,5,4,9,10,5,3.92,268.26,7.06,38
4,9,10,6,4,9,10,6,5.39,267.64,8.63,31
4,9,10,7,4,9,10,7,5.64,287.32,8.45,34
4,9,10,8,4,9,10,8,5.64,287.32,8.45,34
4,9,10,9,4,9,10,9,5.64,287.32,8.45,34
4,9,10,10,4,9,10,10,7.62,275.91,11.5,24
4,10,4,4,4,10,4,4,3.78,303.12,5.83,52
4,10,4,5,4,10,4,5,3.71,292.71,5.74,51
4,10,4,6,4,10,4,6,5.13,318.79,7.08,45
4,10,4,7,4,10,4,7,5.33,338.47,7.05,48
4,10,4,8,4,10,4,8,5.33,338.47,7.05,48
4,10,4,9,4,10,4,9,5.33,338.47,7.05,48
4,10,4,10,4,10,4,10,6.65,327.06,8.61,38
4,10,5,4,4,10,5,4,4.14,308.51,6.43,48
4,10,5,5,4,10,5,5,4.07,298.1,6.34,47
4,10,5,6,4,10,5,6,5.93,326.72,7.97,41
4,10,5,7,4,10,5,7,6.14,346.4,7.87,44
4,10,5,8,4,10,5,8,6.14,346.4,7.87,44
4,10,5,9,4,10,5,9,6.14,346.4,7.87,44
4,10,5,10,4,10,5,10,8.12,334.99,9.85,34
4,10,6,4,4,10,6,4,3.82,284.07,6.76,42
4,10,6,5,4,10,6,5,3.74,273.67,6.67,41
4,10,6,6,4,10,6,6,5.39,302.28,8.64,35
4,10,6,7,4,10,6,7,5.6,321.96,8.47,38
4,10,6,8,4,10,6,8,5.6,321.96,8.47,38
4,10,6,9,4,10,6,9,5.6,321.96,8.47,38
4,10,6,10,4,10,6,10,7.26,310.56,11.09,28
4,10,7,4,4,10,7,4,3.93,286.85,7.0,41
4,10,7,5,4,10,7,5,3.85,276.45,6.91,40
4,10,7,6,4,10,7,6,5.62,305.06,8.97,34
4,10,7,7,4,10,7,7,5.84,324.74,8.78,37
4,10,7,8,4,10,7,8,5.84,324.74,8.78,37
4,10,7,9,4,10,7,9,5.84,324.74,8.78,37
4,10,7,10,4,10,7,10,7.69,313.34,11.61,27
4,10,8,4,4,10,8,4,3.79,273.5,6.84,40
4,10,8,5,4,10,8,5,3.71,263.1,6.75,39
4,10,8,6,4,10,8,6,5.41,291.71,8.84,33
4,10,8,7,4,10,8,7,5.64,311.39,8.65,36
4,10,8,8,4,10,8,8,5.64,311.39,8.65,36
4,10,8,9,4,10,8,9,5.64,311.39,8.65,36
4,10,8,10,4,10,8,10,7.4,299.99,11.54,26
4,10,9,4,4,10,9,4,3.79,273.5,6.84,40
4,10,9,5,4,10,9,5,3.71,263.1,6.75,39
4,10,9,6,4,10,9,6,4.97,262.48,8.2,32
4,10,9,7,4,10,9,7,5.2,282.16,8.06,35
4,10,9,8,4,10,9,8,5.2,282.16,8.06,35
4,10,9,9,4,10,9,9,5.2,282.16,8.06,35
4,10,9,10,4,10,9,10,6.78,270.75,10.83,25
4,10,10,4,4,10,10,4,4.0,278.66,7.15,39
4,10,10,5,4,10,10,5,3.92,268.26,7.06,38
4,10,10,6,4,10,10,6,5.39,267.64,8.63,31
4,10,10,7,4,10,10,7,5.64,287.32,8.45,34
4,10,10,8,4,10,10,8,5.64,287.32,8.45,34
4,10,10,9,4,10,10,9,5.64,287.32,8.45,34
4,10,10,10,4,10,10,10,7.62,275.91,11.5,24
5,4,4,4,5,4,4,4,3.15,267.45,4.86,55
5,4,4,5,5,4,4,5,3.15,267.45,4.86,55
5,4,4,6,5,4,4,6,4.09,294.84,5.9,50
5,4,4,7,5,4,4,7,4.09,294.84,5.9,50
5,4,4,8,5,4,4,8,4.09,294.84,5.9,50
5,4,4,9,5,4,4,9,4.09,294.84,5.9,50
5,4,4,10,5,4,4,10,4.98,303.12,7.05,43
5,4,5,4,5,4,5,4,3.41,272.84,5.35,51
5,4,5,5,5,4,5,5,3.41,272.84,5.35,51
5,4,5,6,5,4,5,6,4.58,302.77,6.58,46
5,4,5,7,5,4,5,7,4.58,302.77,6.58,46
5,4,5,8,5,4,5,8,4.58,302.77,6.58,46
5,4,5,9,5,4,5,9,4.58,302.77,6.58,46
5,4,5,10,5,4,5,10,5.76,311.04,7.98,39
5,4,6,4,5,4,6,4,3.14,248.41,5.52,45
5,4,6,5,5,4,6,5,3.14,248.41,5.52,45
5,4,6,6,5,4,6,6,4.19,278.34,6.96,40
5,4,6,7,5,4,6,7,4.19,278.34,6.96,40
5,4,6,8,5,4,6,8,4.19,278.34,6.96,40
5,4,6,9,5,4,6,9,4.19,278.34,6.96,40
5,4,6,10,5,4,6,10,5.22,286.61,8.69,33
5,4,7,4,5,4,7,4,3.22,251.19,5.71,44
5,4,7,5,5,4,7,5,3.22,251.19,5.71,44
5,4,7,6,5,4,7,6,4.33,281.12,7.21,39
5,4,7,7,5,4,7,7,4.33,281.12,7.21,39
5,4,7,8,5,4,7,8,4.33,281.12,7.21,39
5,4,7,9,5,4,7,9,4.33,281.12,7.21,39
5,4,7,10,5,4,7,10,5.44,289.39,9.04,32
5,4,8,4,5,4,8,4,3.1,237.84,5.53,43
5,4,8,5,5,4,8,5,3.1,237.84,5.53,43
5,4,8,6,5,4,8,6,4.17,267.76,7.05,38
5,4,8,7,5,4,8,7,4.17,267.76,7.05,38
5,4,8,8,5,4,8,8,4.17,267.76,7.05,38
5,4,8,9,5,4,8,9,4.17,267.76,7.05,38
5,4,8,10,5,4,8,10,5.24,276.04,8.9,31
5,4,9,4,5,4,9,4,3.1,237.84,5.53,43
5,4,9,5,5,4,9,5,3.1,237.84,5.53,43
5,4,9,6,5,4,9,6,3.83,238.53,6.45,37
5,4,9,7,5,4,9,7,3.83,238.53,6.45,37
5,4,9,8,5,4,9,8,3.83,238.53,6.45,37
5,4,9,9,5,4,9,9,3.83,238.53,6.45,37
5,4,9,10,5,4,9,10,4.79,246.8,8.23,30
5,4,10,4,5,4,10,4,3.25,243.0,5.79,42
5,4,10,5,5,4,10,5,3.25,243.0,5.79,42
5,4,10,6,5,4,10,6,4.08,243.69,6.77,36
5,4,10,7,5,4,10,7,4.08,243.69,6.77,36
5,4,10,8,5,4,10,8,4.08,243.69,6.77,36
5,4,10,9,5,4,10,9,4.08,243.69,6.77,36
5,4,10,10,5,4,10,10,5.2,251.96,8.69,29
5,5,4,4,5,5,4,4,3.36,304.68,5.08,60
5,5,4,5,5,5,4,5,3.15,267.45,4.86,55
5,5,4,6,5,5,4,6,4.09,294.84,5.9,50
5,5,4,7,5,5,4,7,4.09,294.84,5.9,50
5,5,4,8,5,5,4,8,4.09,294.84,5.9,50
5,5,4,9,5,5,4,9,4.09,294.84,5.9,50
5,5,4,10,5,5,4,10,4.98,303.12,7.05,43
5,5,5,4,5,5,5,4,3.62,310.07,5.54,56
5,5,5,5,5,5,5,5,3.41,272.84,5.35,51
5,5,5,6,5,5,5,6,4.58,302.77,6.58,46
5,5,5,7,5,5,5,7,4.58,302.77,6.58,46
5,5,5,8,5,5,5,8,4.58,302.77,6.58,46
5,5,5,9,5,5,5,9,4.58,302.77,6.58,46
5,5,5,10,5,5,5,10,5.76,311.04,7.98,39
5,5,6,4,5,5,6,4,3.36,285.63,5.71,50
5,5,6,5,5,5,6,5,3.14,248.41,5.52,45
5,5,6,6,5,5,6,6,4.19,278.34,6.96,40
5,5,6,7,5,5,6,7,4.19,278.34,6.96,40
5,5,6,8,5,5,6,8,4.19,278.34,6.96,40
5,5,6,9,5,5,6,9,4.19,278.34,6.96,40
5,5,6,10,5,5,6,10,5.22,286.61,8.69,33
5,5,7,4,5,5,7,4,3.44,288.41,5.89,49
5,5,7,5,5,5,7,5,3.22,251.19,5.71,44
5,5,7,6,5,5,7,6,4.33,281.12,7.21,39
5,5,7,7,5,5,7,7,4.33,281.12,7.21,39
5,5,7,8,5,5,7,8,4.33,281.12,7.21,39
5,5,7,9,5,5,7,9,4.33,281.12,7.21,39
5,5,7,10,5,5,7,10,5.44,289.39,9.04,32
5,5,8,4,5,5,8,4,3.33,275.06,5.73,48
5,5,8,5,5,5,8,5,3.1,237.84,5.53,43
5,5,8,6,5,5,8,6,4.17,267.76,7.05,38
5,5,8,7,5,5,8,7,4.17,267.76,7.05,38
5,5,8,8,5,5,8,8,4.17,267.76,7.05,38
5,5,8,9,5,5,8,9,4.17,267.76,7.05,38
5,5,8,10,5,5,8,10,5.24,276.04,8.9,31
5,5,9,4,5,5,9,4,3.33,275.06,5.73,48
5,5,9,5,5,5,9,5,3.1,237.84,5.53,43
5,5,9,6,5,5,9,6,3.83,238.53,6.45,37
5,5,9,7,5,5,9,7,3.83,238.53,6.45,37
5,5,9,8,5,5,9,8,3.83,238.53,6.45,37
5,5,9,9,5,5,9,9,3.83,238.53,6.45,37
5,5,9,10,5,5,9,10,4.79,246.8,8.23,30
5,5,10,4,5,5,10,4,3.48,280.22,5.96,47
5,5,10,5,5,5,10,5,3.25,243.0,5.79,42
5,5,10,6,5,5,10,6,4.08,243.69,6.77,36
5,5,10,7,5,5,10,7,4.08,243.69,6.77,36
5,5,10,8,5,5,10,8,4.08,243.69,6.77,36
5,5,10,9,5,5,10,9,4.08,243.69,6.77,36
5,5,10,10,5,5,10,10,5.2,251.96,8.69,29
5,6,4,4,5,6,4,4,3.84,320.95,5.63,57
5,6,4,5,5,6,4,5,3.63,283.73,5.46,52
5,6,4,6,5,6,4,6,4.93,311.11,6.62,47
5,6,4,7,5,6,4,7,4.93,311.11,6.62,47
5,6,4,8,5,6,4,8,4.93,311.11,6.62,47
5,6,4,9,5,6,4,9,4.93,311.11,6.62,47
5,6,4,10,5,6,4,10,6.34,319.39,7.98,40
5,6,5,4,5,6,5,4,4.2,326.34,6.16,53
5,6,5,5,5,6,5,5,3.98,289.12,6.02,48
5,6,5,6,5,6,5,6,5.67,319.04,7.42,43
5,6,5,7,5,6,5,7,5.67,319.04,7.42,43
5,6,5,8,5,6,5,8,5.67,319.04,7.42,43
5,6,5,9,5,6,5,9,5.67,319.04,7.42,43
5,6,5,10,5,6,5,10,7.67,327.32,9.09,36
5,6,6,4,5,6,6,4,3.88,301.91,6.42,47
5,6,6,5,5,6,6,5,3.65,264.69,6.3,42
5,6,6,6,5,6,6,6,5.16,294.61,7.96,37
5,6,6,7,5,6,6,7,5.16,294.61,7.96,37
5,6,6,8,5,6,6,8,5.16,294.61,7.96,37
5,6,6,9,5,6,6,9,5.16,294.61,7.96,37
5,6,6,10,5,6,6,10,6.87,302.89,10.1,30
5,6,7,4,5,6,7,4,3.99,304.69,6.62,46
5,6,7,5,5,6,7,5,3.76,267.47,6.52,41
5,6,7,6,5,6,7,6,5.37,297.39,8.26,36
5,6,7,7,5,6,7,7,5.37,297.39,8.26,36
5,6,7,8,5,6,7,8,5.37,297.39,8.26,36
5,6,7,9,5,6,7,9,5.37,297.39,8.26,36
5,6,7,10,5,6,7,10,7.26,305.67,10.54,29
5,6,8,4,5,6,8,4,3.86,291.34,6.47,45
5,6,8,5,5,6,8,5,3.62,254.11,6.35,40
5,6,8,6,5,6,8,6,5.17,284.04,8.12,35
5,6,8,7,5,6,8,7,5.17,284.04,8.12,35
5,6,8,8,5,6,8,8,5.17,284.04,8.12,35
5,6,8,9,5,6,8,9,5.17,284.04,8.12,35
5,6,8,10,5,6,8,10,6.98,292.31,10.44,28
5,6,9,4,5,6,9,4,3.86,291.34,6.47,45
5,6,9,5,5,6,9,5,3.62,254.11,6.35,40
5,6,9,6,5,6,9,6,4.74,254.8,7.49,34
5,6,9,7,5,6,9,7,4.74,254.8,7.49,34
5,6,9,8,5,6,9,8,4.74,254.8,7.49,34
5,6,9,9,5,6,9,9,4.74,254.8,7.49,34
5,6,9,10,5,6,9,10,6.39,263.08,9.74,27
5,6,10,4,5,6,10,4,4.06,296.5,6.74,44
5,6,10,5,5,6,10,5,3.82,259.27,6.65,39
5,6,10,6,5,6,10,6,5.13,259.96,7.88,33
5,6,10,7,5,6,10,7,5.13,259.96,7.88,33
5,6,10,8,5,6,10,8,5.13,259.96,7.88,33
5,6,10,9,5,6,10,9,5.13,259.96,7.88,33
5,6,10,10,5,6,10,10,7.14,268.24,10.32,26
5,7,4,4,5,7,4,4,3.54,276.71,5.43,51
5,7,4,5,5,7,4,5,3.47,266.31,5.33,50
5,7,4,6,5,7,4,6,4.79,292.38,6.64,44
5,7,4,7,5,7,4,7,4.99,312.06,6.64,47
5,7,4,8,5,7,4,8,4.99,312.06,6.64,47
5,7,4,9,5,7,4,9,4.99,312.06,6.64,47
5,7,4,10,5,7,4,10,6.2,300.65,8.13,37
5,7,5,4,5,7,5,4,3.87,282.1,6.0,47
5,7,5,5,5,7,5,5,3.8,271.7,5.91,46
5,7,5,6,5,7,5,6,5.53,300.31,7.51,40
5,7,5,7,5,7,5,7,5.75,319.99,7.44,43
5,7,5,8,5,7,5,8,5.75,319.99,7.44,43
5,7,5,9,5,7,5,9,5.75,319.99,7.44,43
5,7,5,10,5,7,5,10,7.56,308.58,9.35,33
5,7,6,4,5,7,6,4,3.56,257.66,6.28,41
5,7,6,5,5,7,6,5,3.48,247.26,6.18,40
5,7,6,6,5,7,6,6,5.01,275.87,8.11,34
5,7,6,7,5,7,6,7,5.23,295.55,7.99,37
5,7,6,8,5,7,6,8,5.23,295.55,7.99,37
5,7,6,9,5,7,6,9,5.23,295.55,7.99,37
5,7,6,10,5,7,6,10,6.72,284.15,10.52,27
5,7,7,4,5,7,7,4,3.66,260.44,6.51,40
5,7,7,5,5,7,7,5,3.58,250.04,6.41,39
5,7,7,6,5,7,7,6,5.22,278.65,8.44,33
5,7,7,7,5,7,7,7,5.44,298.33,8.29,36
5,7,7,8,5,7,7,8,5.44,298.33,8.29,36
5,7,7,9,5,7,7,9,5.44,298.33,8.29,36
5,7,7,10,5,7,7,10,7.12,286.93,11.04,26
5,7,8,4,5,7,8,4,3.52,247.09,6.34,39
5,7,8,5,5,7,8,5,3.44,236.69,6.23,38
5,7,8,6,5,7,8,6,5.01,265.3,8.29,32
5,7,8,7,5,7,8,7,5.24,284.98,8.14,35
5,7,8,8,5,7,8,8,5.24,284.98,8.14,35
5,7,8,9,5,7,8,9,5.24,284.98,8.14,35
5,7,8,10,5,7,8,10,6.84,273.58,10.94,25
5,7,9,4,5,7,9,4,3.52,247.09,6.34,39
5,7,9,5,5,7,9,5,3.44,236.69,6.23,38
5,7,9,6,5,7,9,6,4.57,236.07,7.62,31
5,7,9,7,5,7,9,7,4.81,255.75,7.52,34
5,7,9,8,5,7,9,8,4.81,255.75,7.52,34
5,7,9,9,5,7,9,9,4.81,255.75,7.52,34
5,7,9,10,5,7,9,10,6.21,244.34,10.18,24
5,7,10,4,5,7,10,4,3.72,252.25,6.64,38
5,7,10,5,5,7,10,5,3.64,241.85,6.54,37
5,7,10,6,5,7,10,6,4.96,241.23,8.04,30
5,7,10,7,5,7,10,7,5.21,260.91,7.91,33
5,7,10,8,5,7,10,8,5.21,260.91,7.91,33
5,7,10,9,5,7,10,9,5.21,260.91,7.91,33
5,7,10,10,5,7,10,10,6.98,249.5,10.85,23
5,8,4,4,5,8,4,4,3.54,276.71,5.43,51
5,8,4,5,5,8,4,5,3.47,266.31,5.33,50
5,8,4,6,5,8,4,6,4.79,292.38,6.64,44
5,8,4,7,5,8,4,7,4.99,312.06,6.64,47
5,8,4,8,5,8,4,8,4.99,312.06,6.64,47
5,8,4,9,5,8,4,9,4.99,312.06,6.64,47
5,8,4,10,5,8,4,10,6.2,300.65,8.13,37
5,8,5,4,5,8,5,4,3.87,282.1,6.0,47
5,8,5,5,5,8,5,5,3.8,271.7,5.91,46
5,8,5,6,5,8,5,6,5.53,300.31,7.51,40
5,8,5,7,5,8,5,7,5.75,319.99,7.44,43
5,8,5,8,5,8,5,8,5.75,319.99,7.44,43
5,8,5,9,5,8,5,9,5.75,319.99,7.44,43
5,8,5,10,5,8,5,10,7.56,308.58,9.35,33
5,8,6,4,5,8,6,4,3.56,257.66,6.28,41
5,8,6,5,5,8,6,5,3.48,247.26,6.18,40
5,8,6,6,5,8,6,6,5.01,275.87,8.11,34
5,8,6,7,5,8,6,7,5.23,295.55,7.99,37
5,8,6,8,5,8,6,8,5.23,295.55,7.99,37
5,8,6,9,5,8,6,9,5.23,295.55,7.99,37
5,8,6,10,5,8,6,10,6.72,284.15,10.52,27
5,8,7,4,5,8,7,4,3.66,260.44,6.51,40
5,8,7,5,5,8,7,5,3.58,250.04,6.41,39
5,8,7,6,5,8,7,6,5.22,278.65,8.44,33
5,8,7,7,5,8,7,7,5.44,298.33,8.29,36
5,8,7,8,5,8,7,8,5.44,298.33,8.29,36
5,8,7,9,5,8,7,9,5.44,298.33,8.29,36
5,8,7,10,5,8,7,10,7.12,286.93,11.04,26
5,8,8,4,5,8,8,4,3.52,247.09,6.34,39
5,8,8,5,5,8,8,5,3.44,236.69,6.23,38
5,8,8,6,5,8,8,6,5.01,265.3,8.29,32
5,8,8,7,5,8,8,7,5.24,284.98,8.14,35
5,8,8,8,5,8,8,8,5.24,284.98,8.14,35
5,8,8,9,5,8,8,9,5.24,284.98,8.14,35
5,8,8,10,5,8,8,10,6.84,273.58,10.94,25
5,8,9,4,5,8,9,4,3.52,247.09,6.34,39
5,8,9,5,5,8,9,5,3.44,236.69,6.23,38
5,8,9,6,5,8,9,6,4.57,236.07,7.62,31
5,8,9,7,5,8,9,7,4.81,255.75,7.52,34
5,8,9,8,5,8,9,8,4.81,255.75,7.52,34
5,8,9,9,5,8,9,9,4.81,255.75,7.52,34
5,8,9,10,5,8,9,10,6.21,244.34,10.18,24
5,8,10,4,5,8,10,4,3.72,252.25,6.64,38
5,8,10,5,5,8,10,5,3.64,241.85,6.54,37
5,8,10,6,5,8,10,6,4.96,241.23,8.04,30
5,8,10,7,5,8,10,7,5.21,260.91,7.91,33
5,8,10,8,5,8,10,8,5.21,260.91,7.91,33
5,8,10,9,5,8,10,9,5.21,260.91,7.91,33
5,8,10,10,5,8,10,10,6.98,249.5,10.85,23
5,9,4,4,5,9,4,4,3.54,276.71,5.43,51
5,9,4,5,5,9,4,5,3.47,266.31,5.33,50
5,9,4,6,5,9,4,6,4.79,292.38,6.64,44
5,9,4,7,5,9,4,7,4.99,312.06,6.64,47
5,9,4,8,5,9,4,8,4.99,312.06,6.64,47
5,9,4,9,5,9,4,9,4.99,312.06,6.64,47
5,9,4,10,5,9,4,10,6.2,300.65,8.13,37
5,9,5,4,5,9,5,4,3.87,282.1,6.0,47
5,9,5,5,5,9,5,5,3.8,271.7,5.91,46
5,9,5,6,5,9,5,6,5.53,300.31,7.51,40
5,9,5,7,5,9,5,7,5.75,319.99,7.44,43
5,9,5,8,5,9,5,8,5.75,319.99,7.44,43
5,9,5,9,5,9,5,9,5.75,319.99,7.44,43
5,9,5,10,5,9,5,10,7.56,308.58,9.35,33
5,9,6,4,5,9,6,4,3.56,257.66,6.28,41
5,9,6,5,5,9,6,5,3.48,247.26,6.18,40
5,9,6,6,5,9,6,6,5.01,275.87,8.11,34
5,9,6,7,5,9,6,7,5.23,295.55,7.99,37
5,9,6,8,5,9,6,8,5.23,295.55,7.99,37
5,9,6,9,5,9,6,9,5.23,295.55,7.99,37
5,9,6,10,5,9,6,10,6.72,284.15,10.52,27
5,9,7,4,5,9,7,4,3.66,260.44,6.51,40
5,9,7,5,5,9,7,5,3.58,250.04,6.41,39
5,9,7,6,5,9,7,6,5.22,278.65,8.44,33
5,9,7,7,5,9,7,7,5.44,298.33,8.29,36
5,9,7,8,5,9,7,8,5.44,298.33,8.29,36
5,9,7,9,5,9,7,9,5.44,298.33,8.29,36
5,9,7,10,5,9,7,10,7.12,286.93,11.04,26
5,9,8,4,5,9,8,4,3.52,247.09,6.34,39
5,9,8,5,5,9,8,5,3.44,236.69,6.23,38
5,9,8,6,5,9,8,6,5.01,265.3,8.29,32
5,9,8,7,5,9,8,7,5.24,284.98,8.14,35
5,9,8,8,5,9,8,8,5.24,284.98,8.14,35
5,9,8,9,5,9,8,9,5.24,284.98,8.14,35
5,9,8,10,5,9,8,10,6.84,273.58,10.94,25
5,9,9,4,5,9,9,4,3.52,247.09,6.34,39
5,9,9,5,5,9,9,5,3.44,236.69,6.23,38
5,9,9,6,5,9,9,6,4.57,236.07,7.62,31
5,9,9,7,5,9,9,7,4.81,255.75,7.52,34
5,9,9,8,5,9,9,8,4.81,255.75,7.52,34
5,9,9,9,5,9,9,9,4.81,255.75,7.52,34
5,9,9,10,5,9,9,10,6.21,244.34,10.18,24
5,9,10,4,5,9,10,4,3.72,252.25,6.64,38
5,9,10,5,5,9,10,5,3.64,241.85,6.54,37
5,9,10,6,5,9,10,6,4.96,241.23,8.04,30
5,9,10,7,5,9,10,7,5.21,260.91,7.91,33
5,9,10,8,5,9,10,8,5.21,260.91,7.91,33
5,9,10,9,5,9,10,9,5.21,260.91,7.91,33
5,9,10,10,5,9,10,10,6.98,249.5,10.85,23
5,10,4,4,5,10,4,4,3.54,276.71,5.43,51
5,10,4,5,5,10,4,5,3.47,266.31,5.33,50
5,10,4,6,5,10,4,6,4.79,292.38,6.64,44
5,10,4,7,5,10,4,7,4.99,312.06,6.64,47
5,10,4,8,5,10,4,8,4.99,312.06,6.64,47
5,10,4,9,5,10,4,9,4.99,312.06,6.64,47
5,10,4,10,5,10,4,10,6.2,300.65,8.13,37
5,10,5,4,5,10,5,4,3.87,282.1,6.0,47
5,10,5,5,5,10,5,5,3.8,271.7,5.91,46
5,10,5,6,5,10,5,6,5.53,300.31,7.51,40
5,10,5,7,5,10,5,7,5.75,319.99,7.44,43
5,10,5,8,5,10,5,8,5.75,319.99,7.44,43
5,10,5,9,5,10,5,9,5.75,319.99,7.44,43
5,10,5,10,5,10,5,10,7.56,308.58,9.35,33
5,10,6,4,5,10,6,4,3.56,257.66,6.28,41
5,10,6,5,5,10,6,5,3.48,247.26,6.18,40
5,10,6,6,5,10,6,6,5.01,275.87,8.11,34
5,10,6,7,5,10,6,7,5.23,295.55,7.99,37
5,10,6,8,5,10,6,8,5.23,295.55,7.99,37
5,10,6,9,5,10,6,9,5.23,295.55,7.99,37
5,10,6,10,5,10,6,10,6.72,284.15,10.52,27
5,10,7,4,5,10,7,4,3.66,260.44,6.51,40
5,10,7,5,5,10,7,5,3.58,250.04,6.41,39
5,10,7,6,5,10,7,6,5.22,278.65,8.44,33
5,10,7,7,5,10,7,7,5.44,298.33,8.29,36
5,10,7,8,5,10,7,8,5.44,298.33,8.29,36
5,10,7,9,5,10,7,9,5.44,298.33,8.29,36
5,10,7,10,5,10,7,10,7.12,286.93,11.04,26
5,10,8,4,5,10,8,4,3.52,247.09,6.34,39
5,10,8,5,5,10,8,5,3.44,236.69,6.23,38
5,10,8,6,5,10,8,6,5.01,265.3,8.29,32
5,10,8,7,5,10,8,7,5.24,284.98,8.14,35
5,10,8,8,5,10,8,8,5.24,284.98,8.14,35
5,10,8,9,5,10,8,9,5.24,284.98,8.14,35
5,10,8,10,5,10,8,10,6.84,273.58,10.94,25
5,10,9,4,5,10,9,4,3.52,247.09,6.34,39
5,10,9,5,5,10,9,5,3.44,236.69,6.23,38
5,10,9,6,5,10,9,6,4.57,236.07,7.62,31
5,10,9,7,5,10,9,7,4.81,255.75,7.52,34
5,10,9,8,5,10,9,8,4.81,255.75,7.52,34
5,10,9,9,5,10,9,9,4.81,255.75,7.52,34
5,10,9,10,5,10,9,10,6.21,244.34,10.18,24
5,10,10,4,5,10,10,4,3.72,252.25,6.64,38
5,10,10,5,5,10,10,5,3.64,241.85,6.54,37
5,10,10,6,5,10,10,6,4.96,241.23,8.04,30
5,10,10,7,5,10,10,7,5.21,260.91,7.91,33
5,10,10,8,5,10,10,8,5.21,260.91,7.91,33
5,10,10,9,5,10,10,9,5.21,260.91,7.91,33
5,10,10,10,5,10,10,10,6.98,249.5,10.85,23
6,4,4,4,6,4,4,4,3.3,277.74,4.96,56
6,4,4,5,6,4,4,5,3.3,277.74,4.96,56
6,4,4,6,6,4,4,6,4.32,305.13,5.98,51
6,4,4,7,6,4,4,7,4.32,305.13,5.98,51
6,4,4,8,6,4,4,8,4.32,305.13,5.98,51
6,4,4,9,6,4,4,9,4.32,305.13,5.98,51
6,4,4,10,6,4,4,10,5.32,313.41,7.12,44
6,4,5,4,6,4,5,4,3.58,283.13,5.44,52
6,4,5,5,6,4,5,5,3.58,283.13,5.44,52
6,4,5,6,6,4,5,6,4.86,313.06,6.66,47
6,4,5,7,6,4,5,7,4.86,313.06,6.66,47
6,4,5,8,6,4,5,8,4.86,313.06,6.66,47
6,4,5,9,6,4,5,9,4.86,313.06,6.66,47
6,4,5,10,6,4,5,10,6.2,321.33,8.03,40
6,4,6,4,6,4,6,4,3.3,258.7,5.62,46
6,4,6,5,6,4,6,5,3.3,258.7,5.62,46
6,4,6,6,6,4,6,6,4.45,288.63,7.04,41
6,4,6,7,6,4,6,7,4.45,288.63,7.04,41
6,4,6,8,6,4,6,8,4.45,288.63,7.04,41
6,4,6,9,6,4,6,9,4.45,288.63,7.04,41
6,4,6,10,6,4,6,10,5.61,296.9,8.73,34
6,4,7,4,6,4,7,4,3.38,261.48,5.81,45
6,4,7,5,6,4,7,5,3.38,261.48,5.81,45
6,4,7,6,6,4,7,6,4.6,291.41,7.29,40
6,4,7,7,6,4,7,7,4.6,291.41,7.29,40
6,4,7,8,6,4,7,8,4.6,291.41,7.29,40
6,4,7,9,6,4,7,9,4.6,291.41,7.29,40
6,4,7,10,6,4,7,10,5.86,299.68,9.08,33
6,4,8,4,6,4,8,4,3.26,248.13,5.64,44
6,4,8,5,6,4,8,5,3.26,248.13,5.64,44
6,4,8,6,6,4,8,6,4.44,278.05,7.13,39
6,4,8,7,6,4,8,7,4.44,278.05,7.13,39
6,4,8,8,6,4,8,8,4.44,278.05,7.13,39
6,4,8,9,6,4,8,9,4.44,278.05,7.13,39
6,4,8,10,6,4,8,10,5.65,286.33,8.95,32
6,4,9,4,6,4,9,4,3.26,248.13,5.64,44
6,4,9,5,6,4,9,5,3.26,248.13,5.64,44
6,4,9,6,6,4,9,6,4.08,248.82,6.55,38
6,4,9,7,6,4,9,7,4.08,248.82,6.55,38
6,4,9,8,6,4,9,8,4.08,248.82,6.55,38
6,4,9,9,6,4,9,9,4.08,248.82,6.55,38
6,4,9,10,6,4,9,10,5.17,257.09,8.29,31
6,4,10,4,6,4,10,4,3.42,253.29,5.89,43
6,4,10,5,6,4,10,5,3.42,253.29,5.89,43
6,4,10,6,6,4,10,6,4.36,253.98,6.86,37
6,4,10,7,6,4,10,7,4.36,253.98,6.86,37
6,4,10,8,6,4,10,8,4.36,253.98,6.86,37
6,4,10,9,6,4,10,9,4.36,253.98,6.86,37
6,4,10,10,6,4,10,10,5.65,262.25,8.74,30
6,5,4,4,6,5,4,4,3.51,314.97,5.16,61
6,5,4,5,6,5,4,5,3.3,277.74,4.96,56
6,5,4,6,6,5,4,6,4.32,305.13,5.98,51
6,5,4,7,6,5,4,7,4.32,305.13,5.98,51
6,5,4,8,6,5,4,8,4.32,305.13,5.98,51
6,5,4,9,6,5,4,9,4.32,305.13,5.98,51
6,5,4,10,6,5,4,10,5.32,313.41,7.12,44
6,5,5,4,6,5,5,4,3.79,320.36,5.62,57
6,5,5,5,6,5,5,5,3.58,283.13,5.44,52
6,5,5,6,6,5,5,6,4.86,313.06,6.66,47
6,5,5,7,6,5,5,7,4.86,313.06,6.66,47
6,5,5,8,6,5,5,8,4.86,313.06,6.66,47
6,5,5,9,6,5,5,9,4.86,313.06,6.66,47
6,5,5,10,6,5,5,10,6.2,321.33,8.03,40
6,5,6,4,6,5,6,4,3.52,295.92,5.8,51
6,5,6,5,6,5,6,5,3.3,258.7,5.62,46
6,5,6,6,6,5,6,6,4.45,288.63,7.04,41
6,5,6,7,6,5,6,7,4.45,288.63,7.04,41
6,5,6,8,6,5,6,8,4.45,288.63,7.04,41
6,5,6,9,6,5,6,9,4.45,288.63,7.04,41
6,5,6,10,6,5,6,10,5.61,296.9,8.73,34
6,5,7,4,6,5,7,4,3.6,298.7,5.97,50
6,5,7,5,6,5,7,5,3.38,261.48,5.81,45
6,5,7,6,6,5,7,6,4.6,291.41,7.29,40
6,5,7,7,6,5,7,7,4.6,291.41,7.29,40
6,5,7,8,6,5,7,8,4.6,291.41,7.29,40
6,5,7,9,6,5,7,9,4.6,291.41,7.29,40
6,5,7,10,6,5,7,10,5.86,299.68,9.08,33
6,5,8,4,6,5,8,4,3.49,285.35,5.82,49
6,5,8,5,6,5,8,5,3.26,248.13,5.64,44
6,5,8,6,6,5,8,6,4.44,278.05,7.13,39
6,5,8,7,6,5,8,7,4.44,278.05,7.13,39
6,5,8,8,6,5,8,8,4.44,278.05,7.13,39
6,5,8,9,6,5,8,9,4.44,278.05,7.13,39
6,5,8,10,6,5,8,10,5.65,286.33,8.95,32
6,5,9,4,6,5,9,4,3.49,285.35,5.82,49
6,5,9,5,6,5,9,5,3.26,248.13,5.64,44
6,5,9,6,6,5,9,6,4.08,248.82,6.55,38
6,5,9,7,6,5,9,7,4.08,248.82,6.55,38
6,5,9,8,6,5,9,8,4.08,248.82,6.55,38
6,5,9,9,6,5,9,9,4.08,248.82,6.55,38
6,5,9,10,6,5,9,10,5.17,257.09,8.29,31
6,5,10,4,6,5,10,4,3.65,290.51,6.05,48
6,5,10,5,6,5,10,5,3.42,253.29,5.89,43
6,5,10,6,6,5,10,6,4.36,253.98,6.86,37
6,5,10,7,6,5,10,7,4.36,253.98,6.86,37
6,5,10,8,6,5,10,8,4.36,253.98,6.86,37
6,5,10,9,6,5,10,9,4.36,253.98,6.86,37
6,5,10,10,6,5,10,10,5.65,262.25,8.74,30
6,6,4,4,6,6,4,4,4.03,331.24,5.71,58
6,6,4,5,6,6,4,5,3.82,294.02,5.55,53
6,6,4,6,6,6,4,6,5.25,321.4,6.7,48
6,6,4,7,6,6,4,7,5.25,321.4,6.7,48
6,6,4,8,6,6,4,8,5.25,321.4,6.7,48
6,6,4,9,6,6,4,9,5.25,321.4,6.7,48
6,6,4,10,6,6,4,10,6.85,329.68,8.04,41
6,6,5,4,6,6,5,4,4.41,336.63,6.23,54
6,6,5,5,6,6,5,5,4.2,299.41,6.11,49
6,6,5,6,6,6,5,6,6.08,329.33,7.48,44
6,6,5,7,6,6,5,7,6.08,329.33,7.48,44
6,6,5,8,6,6,5,8,6.08,329.33,7.48,44
6,6,5,9,6,6,5,9,6.08,329.33,7.48,44
6,6,5,10,6,6,5,10,8.42,337.61,9.12,37
6,6,6,4,6,6,6,4,4.08,312.2,6.5,48
6,6,6,5,6,6,6,5,3.86,274.97,6.39,43
6,6,6,6,6,6,6,6,5.53,304.9,8.02,38
6,6,6,7,6,6,6,7,5.53,304.9,8.02,38
6,6,6,8,6,6,6,8,5.53,304.9,8.02,38
6,6,6,9,6,6,6,9,5.53,304.9,8.02,38
6,6,6,10,6,6,6,10,7.51,313.18,10.1,31
6,6,7,4,6,6,7,4,4.2,314.98,6.7,47
6,6,7,5,6,6,7,5,3.97,277.75,6.61,42
6,6,7,6,6,6,7,6,5.77,307.68,8.32,37
6,6,7,7,6,6,7,7,5.77,307.68,8.32,37
6,6,7,8,6,6,7,8,5.77,307.68,8.32,37
6,6,7,9,6,6,7,9,5.77,307.68,8.32,37
6,6,7,10,6,6,7,10,7.97,315.96,10.53,30
6,6,8,4,6,6,8,4,4.06,301.62,6.56,46
6,6,8,5,6,6,8,5,3.83,264.4,6.45,41
6,6,8,6,6,6,8,6,5.56,294.33,8.18,36
6,6,8,7,6,6,8,7,5.56,294.33,8.18,36
6,6,8,8,6,6,8,8,5.56,294.33,8.18,36
6,6,8,9,6,6,8,9,5.56,294.33,8.18,36
6,6,8,10,6,6,8,10,7.68,302.6,10.43,29
6,6,9,4,6,6,9,4,4.06,301.62,6.56,46
6,6,9,5,6,6,9,5,3.83,264.4,6.45,41
6,6,9,6,6,6,9,6,5.11,265.09,7.57,35
6,6,9,7,6,6,9,7,5.11,265.09,7.57,35
6,6,9,8,6,6,9,8,5.11,265.09,7.57,35
6,6,9,9,6,6,9,9,5.11,265.09,7.57,35
6,6,9,10,6,6,9,10,7.03,273.37,9.76,28
6,6,10,4,6,6,10,4,4.29,306.79,6.82,45
6,6,10,5,6,6,10,5,4.05,269.56,6.74,40
6,6,10,6,6,6,10,6,5.55,270.25,7.95,34
6,6,10,7,6,6,10,7,5.55,270.25,7.95,34
6,6,10,8,6,6,10,8,5.55,270.25,7.95,34
6,6,10,9,6,6,10,9,5.55,270.25,7.95,34
6,6,10,10,6,6,10,10,7.93,278.53,10.32,27
6,7,4,4,6,7,4,4,3.72,287.0,5.52,52
6,7,4,5,6,7,4,5,3.65,276.6,5.42,51
6,7,4,6,6,7,4,6,5.11,302.67,6.73,45
6,7,4,7,6,7,4,7,5.32,322.35,6.72,48
6,7,4,8,6,7,4,8,5.32,322.35,6.72,48
6,7,4,9,6,7,4,9,5.32,322.35,6.72,48
6,7,4,10,6,7,4,10,6.72,310.94,8.18,38
6,7,5,4,6,7,5,4,4.09,292.39,6.09,48
6,7,5,5,6,7,5,5,4.01,281.98,6.0,47
6,7,5,6,6,7,5,6,5.95,310.6,7.58,41
6,7,5,7,6,7,5,7,6.17,330.28,7.51,44
6,7,5,8,6,7,5,8,6.17,330.28,7.51,44
6,7,5,9,6,7,5,9,6.17,330.28,7.51,44
6,7,5,10,6,7,5,10,8.32,318.87,9.38,34
6,7,6,4,6,7,6,4,3.76,267.95,6.38,42
6,7,6,5,6,7,6,5,3.68,257.55,6.28,41
6,7,6,6,6,7,6,6,5.38,286.16,8.18,35
6,7,6,7,6,7,6,7,5.61,305.84,8.05,38
6,7,6,8,6,7,6,8,5.61,305.84,8.05,38
6,7,6,9,6,7,6,9,5.61,305.84,8.05,38
6,7,6,10,6,7,6,10,7.38,294.44,10.52,28
6,7,7,4,6,7,7,4,3.87,270.73,6.6,41
6,7,7,5,6,7,7,5,3.79,260.33,6.51,40
6,7,7,6,6,7,7,6,5.62,288.94,8.5,34
6,7,7,7,6,7,7,7,5.85,308.62,8.34,37
6,7,7,8,6,7,7,8,5.85,308.62,8.34,37
6,7,7,9,6,7,7,9,5.85,308.62,8.34,37
6,7,7,10,6,7,7,10,7.86,297.22,11.01,27
6,7,8,4,6,7,8,4,3.72,257.38,6.43,40
6,7,8,5,6,7,8,5,3.64,246.98,6.33,39
6,7,8,6,6,7,8,6,5.4,275.59,8.35,33
6,7,8,7,6,7,8,7,5.64,295.27,8.2,36
6,7,8,8,6,7,8,8,5.64,295.27,8.2,36
6,7,8,9,6,7,8,9,5.64,295.27,8.2,36
6,7,8,10,6,7,8,10,7.55,283.87,10.92,26
6,7,9,4,6,7,9,4,3.72,257.38,6.43,40
6,7,9,5,6,7,9,5,3.64,246.98,6.33,39
6,7,9,6,6,7,9,6,4.94,246.36,7.7,32
6,7,9,7,6,7,9,7,5.18,266.04,7.6,35
6,7,9,8,6,7,9,8,5.18,266.04,7.6,35
6,7,9,9,6,7,9,9,5.18,266.04,7.6,35
6,7,9,10,6,7,9,10,6.87,254.63,10.19,25
6,7,10,4,6,7,10,4,3.94,262.54,6.73,39
6,7,10,5,6,7,10,5,3.86,252.14,6.64,38
6,7,10,6,6,7,10,6,5.38,251.52,8.11,31
6,7,10,7,6,7,10,7,5.64,271.2,7.98,34
6,7,10,8,6,7,10,8,5.64,271.2,7.98,34
6,7,10,9,6,7,10,9,5.64,271.2,7.98,34
6,7,10,10,6,7,10,10,7.8,259.79,10.82,24
6,8,4,4,6,8,4,4,3.72,287.0,5.52,52
6,8,4,5,6,8,4,5,3.65,276.6,5.42,51
6,8,4,6,6,8,4,6,5.11,302.67,6.73,45
6,8,4,7,6,8,4,7,5.32,322.35,6.72,48
6,8,4,8,6,8,4,8,5.32,322.35,6.72,48
6,8,4,9,6,8,4,9,5.32,322.35,6.72,48
6,8,4,10,6,8,4,10,6.72,310.94,8.18,38
6,8,5,4,6,8,5,4,4.09,292.39,6.09,48
6,8,5,5,6,8,5,5,4.01,281.98,6.0,47
6,8,5,6,6,8,5,6,5.95,310.6,7.58,41
6,8,5,7,6,8,5,7,6.17,330.28,7.51,44
6,8,5,8,6,8,5,8,6.17,330.28,7.51,44
6,8,5,9,6,8,5,9,6.17,330.28,7.51,44
6,8,5,10,6,8,5,10,8.32,318.87,9.38,34
6,8,6,4,6,8,6,4,3.76,267.95,6.38,42
6,8,6,5,6,8,6,5,3.68,257.55,6.28,41
6,8,6,6,6,8,6,6,5.38,286.16,8.18,35
6,8,6,7,6,8,6,7,5.61,305.84,8.05,38
6,8,6,8,6,8,6,8,5.61,305.84,8.05,38
6,8,6,9,6,8,6,9,5.61,305.84,8.05,38
6,8,6,10,6,8,6,10,7.38,294.44,10.52,28
6,8,7,4,6,8,7,4,3.87,270.73,6.6,41
6,8,7,5,6,8,7,5,3.79,260.33,6.51,40
6,8,7,6,6,8,7,6,5.62,288.94,8.5,34
6,8,7,7,6,8,7,7,5.85,308.62,8.34,37
6,8,7,8,6,8,7,8,5.85,308.62,8.34,37
6,8,7,9,6,8,7,9,5.85,308.62,8.34,37
6,8,7,10,6,8,7,10,7.86,297.22,11.01,27
6,8,8,4,6,8,8,4,3.72,257.38,6.43,40
6,8,8,5,6,8,8,5,3.64,246.98,6.33,39
6,8,8,6,6,8,8,6,5.4,275.59,8.35,33
6,8,8,7,6,8,8,7,5.64,295.27,8.2,36
6,8,8,8,6,8,8,8,5.64,295.27,8.2,36
6,8,8,9,6,8,8,9,5.64,295.27,8.2,36
6,8,8,10,6,8,8,10,7.55,283.87,10.92,26
6,8,9,4,6,8,9,4,3.72,257.38,6.43,40
6,8,9,5,6,8,9,5,3.64,246.98,6.33,39
6,8,9,6,6,8,9,6,4.94,246.36,7.7,32
6,8,9,7,6,8,9,7,5.18,266.04,7.6,35
6,8,9,8,6,8,9,8,5.18,266.04,7.6,35
6,8,9,9,6,8,9,9,5.18,266.04,7.6,35
6,8,9,10,6,8,9,10,6.87,254.63,10.19,25
6,8,10,4,6,8,10,4,3.94,262.54,6.73,39
6,8,10,5,6,8,10,5,3.86,252.14,6.64,38
6,8,10,6,6,8,10,6,5.38,251.52,8.11,31
6,8,10,7,6,8,10,7,5.64,271.2,7.98,34
6,8,10,8,6,8,10,8,5.64,271.2,7.98,34
6,8,10,9,6,8,10,9,5.64,271.2,7.98,34
6,8,10,10,6,8,10,10,7.8,259.79,10.82,24
6,9,4,4,6,9,4,4,3.72,287.0,5.52,52
6,9,4,5,6,9,4,5,3.65,276.6,5.42,51
6,9,4,6,6,9,4,6,5.11,302.67,6.73,45
6,9,4,7,6,9,4,7,5.32,322.35,6.72,48
6,9,4,8,6,9,4,8,5.32,322.35,6.72,48
6,9,4,9,6,9,4,9,5.32,322.35,6.72,48
6,9,4,10,6,9,4,10,6.72,310.94,8.18,38
6,9,5,4,6,9,5,4,4.09,292.39,6.09,48
6,9,5,5,6,9,5,5,4.01,281.98,6.0,47
6,9,5,6,6,9,5,6,5.95,310.6,7.58,41
6,9,5,7,6,9,5,7,6.17,330.28,7.51,44
6,9,5,8,6,9,5,8,6.17,330.28,7.51,44
6,9,5,9,6,9,5,9,6.17,330.28,7.51,44
6,9,5,10,6,9,5,10,8.32,318.87,9.38,34
6,9,6,4,6,9,6,4,3.76,267.95,6.38,42
6,9,6,5,6,9,6,5,3.68,257.55,6.28,41
6,9,6,6,6,9,6,6,5.38,286.16,8.18,35
6,9,6,7,6,9,6,7,5.61,305.84,8.05,38
6,9,6,8,6,9,6,8,5.61,305.84,8.05,38
6,9,6,9,6,9,6,9,5.61,305.84,8.05,38
6,9,6,10,6,9,6,10,7.38,294.44,10.52,28
6,9,7,4,6,9,7,4,3.87,270.73,6.6,41
6,9,7,5,6,9,7,5,3.79,260.33,6.51,40
6,9,7,6,6,9,7,6,5.62,288.94,8.5,34
6,9,7,7,6,9,7,7,5.85,308.62,8.34,37
6,9,7,8,6,9,7,8,5.85,308.62,8.34,37
6,9,7,9,6,9,7,9,5.85,308.62,8.34,37
6,9,7,10,6,9,7,10,7.86,297.22,11.01,27
6,9,8,4,6,9,8,4,3.72,257.38,6.43,40
6,9,8,5,6,9,8,5,3.64,246.98,6.33,39
6,9,8,6,6,9,8,6,5.4,275.59,8.35,33
6,9,8,7,6,9,8,7,5.64,295.27,8.2,36
6,9,8,8,6,9,8,8,5.64,295.27,8.2,36
6,9,8,9,6,9,8,9,5.64,295.27,8.2,36
6,9,8,10,6,9,8,10,7.55,283.87,10.92,26
6,9,9,4,6,9,9,4,3.72,257.38,6.43,40
6,9,9,5,6,9,9,5,3.64,246.98,6.33,39
6,9,9,6,6,9,9,6,4.94,246.36,7.7,32
6,9,9,7,6,9,9,7,5.18,266.04,7.6,35
6,9,9,8,6,9,9,8,5.18,266.04,7.6,35
6,9,9,9,6,9,9,9,5.18,266.04,7.6,35
6,9,9,10,6,9,9,10,6.87,254.63,10.19,25
6,9,10,4,6,9,10,4,3.94,262.54,6.73,39
6,9,10,5,6,9,10,5,3.86,252.14,6.64,38
6,9,10,6,6,9,10,6,5.38,251.52,8.11,31
6,9,10,7,6,9,10,7,5.64,271.2,7.98,34
6,9,10,8,6,9,10,8,5.64,271.2,7.98,34
6,9,10,9,6,9,10,9,5.64,271.2,7.98,34
6,9,10,10,6,9,10,10,7.8,259.79,10.82,24
6,10,4,4,6,10,4,4,3.72,287.0,5.52,52
6,10,4,5,6,10,4,5,3.65,276.6,5.42,51
6,10,4,6,6,10,4,6,5.11,302.67,6.73,45
6,10,4,7,6,10,4,7,5.32,322.35,6.72,48
6,10,4,8,6,10,4,8,5.32,322.35,6.72,48
6,10,4,9,6,10,4,9,5.32,322.35,6.72,48
6,10,4,10,6,10,4,10,6.72,310.94,8.18,38
6,10,5,4,6,10,5,4,4.09,292.39,6.09,48
6,10,5,5,6,10,5,5,4.01,281.98,6.0,47
6,10,5,6,6,10,5,6,5.95,310.6,7.58,41
6,10,5,7,6,10,5,7,6.17,330.28,7.51,44
6,10,5,8,6,10,5,8,6.17,330.28,7.51,44
6,10,5,9,6,10,5,9,6.17,330.28,7.51,44
6,10,5,10,6,10,5,10,8.32,318.87,9.38,34
6,10,6,4,6,10,6,4,3.76,267.95,6.38,42
6,10,6,5,6,10,6,5,3.68,257.55,6.28,41
6,10,6,6,6,10,6,6,5.38,286.16,8.18,35
6,10,6,7,6,10,6,7,5.61,305.84,8.05,38
6,10,6,8,6,10,6,8,5.61,305.84,8.05,38
6,10,6,9,6,10,6,9,5.61,305.84,8.05,38
6,10,6,10,6,10,6,10,7.38,294.44,10.52,28
6,10,7,4,6,10,7,4,3.87,270.73,6.6,41
6,10,7,5,6,10,7,5,3.79,260.33,6.51,40
6,10,7,6,6,10,7,6,5.62,288.94,8.5,34
6,10,7,7,6,10,7,7,5.85,308.62,8.34,37
6,10,7,8,6,10,7,8,5.85,308.62,8.34,37
6,10,7,9,6,10,7,9,5.85,308.62,8.34,37
6,10,7,10,6,10,7,10,7.86,297.22,11.01,27
6,10,8,4,6,10,8,4,3.72,257.38,6.43,40
6,10,8,5,6,10,8,5,3.64,246.98,6.33,39
6,10,8,6,6,10,8,6,5.4,275.59,8.35,33
6,10,8,7,6,10,8,7,5.64,295.27,8.2,36
6,10,8,8,6,10,8,8,5.64,295.27,8.2,36
6,10,8,9,6,10,8,9,5.64,295.27,8.2,36
6,10,8,10,6,10,8,10,7.55,283.87,10.92,26
6,10,9,4,6,10,9,4,3.72,257.38,6.43,40
6,10,9,5,6,10,9,5,3.64,246.98,6.33,39
6,10,9,6,6,10,9,6,4.94,246.36,7.7,32
6,10,9,7,6,10,9,7,5.18,266.04,7.6,35
6,10,9,8,6,10,9,8,5.18,266.04,7.6,35
6,10,9,9,6,10,9,9,5.18,266.04,7.6,35
6,10,9,10,6,10,9,10,6.87,254.63,10.19,25
6,10,10,4,6,10,10,4,3.94,262.54,6.73,39
6,10,10,5,6,10,10,5,3.86,252.14,6.64,38
6,10,10,6,6,10,10,6,5.38,251.52,8.11,31
6,10,10,7,6,10,10,7,5.64,271.2,7.98,34
6,10,10,8,6,10,10,8,5.64,271.2,7.98,34
6,10,10,9,6,10,10,9,5.64,271.2,7.98,34
6,10,10,10,6,10,10,10,7.8,259.79,10.82,24
7,4,4,4,7,4,4,4,3.3,277.74,4.96,56
7,4,4,5,7,4,4,5,3.3,277.74,4.96,56
7,4,4,6,7,4,4,6,4.32,305.13,5.98,51
7,4,4,7,7,4,4,7,4.32,305.13,5.98,51
7,4,4,8,7,4,4,8,4.32,305.13,5.98,51
7,4,4,9,7,4,4,9,4.32,305.13,5.98,51
7,4,4,10,7,4,4,10,5.32,313.41,7.12,44
7,4,5,4,7,4,5,4,3.58,283.13,5.44,52
7,4,5,5,7,4,5,5,3.58,283.13,5.44,52
7,4,5,6,7,4,5,6,4.86,313.06,6.66,47
7,4,5,7,7,4,5,7,4.86,313.06,6.66,47
7,4,5,8,7,4,5,8,4.86,313.06,6.66,47
7,4,5,9,7,4,5,9,4.86,313.06,6.66,47
7,4,5,10,7,4,5,10,6.2,321.33,8.03,40
7,4,6,4,7,4,6,4,3.3,258.7,5.62,46
7,4,6,5,7,4,6,5,3.3,258.7,5.62,46
7,4,6,6,7,4,6,6,4.45,288.63,7.04,41
7,4,6,7,7,4,6,7,4.45,288.63,7.04,41
7,4,6,8,7,4,6,8,4.45,288.63,7.04,41
7,4,6,9,7,4,6,9,4.45,288.63,7.04,41
7,4,6,10,7,4,6,10,5.61,296.9,8.73,34
7,4,7,4,7,4,7,4,3.38,261.48,5.81,45
7,4,7,5,7,4,7,5,3.38,261.48,5.81,45
7,4,7,6,7,4,7,6,4.6,291.41,7.29,40
7,4,7,7,7,4,7,7,4.6,291.41,7.29,40
7,4,7,8,7,4,7,8,4.6,291.41,7.29,40
7,4,7,9,7,4,7,9,4.6,291.41,7.29,40
7,4,7,10,7,4,7,10,5.86,299.68,9.08,33
7,4,8,4,7,4,8,4,3.26,248.13,5.64,44
7,4,8,5,7,4,8,5,3.26,248.13,5.64,44
7,4,8,6,7,4,8,6,4.44,278.05,7.13,39
7,4,8,7,7,4,8,7,4.44,278.05,7.13,39
7,4,8,8,7,4,8,8,4.44,278.05,7.13,39
7,4,8,9,7,4,8,9,4.44,278.05,7.13,39
7,4,8,10,7,4,8,10,5.65,286.33,8.95,32
7,4,9,4,7,4,9,4,3.26,248.13,5.64,44
7,4,9,5,7,4,9,5,3.26,248.13,5.64,44
7,4,9,6,7,4,9,6,4.08,248.82,6.55,38
7,4,9,7,7,4,9,7,4.08,248.82,6.55,38
7,4,9,8,7,4,9,8,4.08,248.82,6.55,38
7,4,9,9,7,4,9,9,4.08,248.82,6.55,38
7,4,9,10,7,4,9,10,5.17,257.09,8.29,31
7,4,10,4,7,4,10,4,3.42,253.29,5.89,43
7,4,10,5,7,4,10,5,3.42,253.29,5.89,43
7,4,10,6,7,4,10,6,4.36,253.98,6.86,37
7,4,10,7,7,4,10,7,4.36,253.98,6.86,37
7,4,10,8,7,4,10,8,4.36,253.98,6.86,37
7,4,10,9,7,4,10,9,4.36,253.98,6.86,37
7,4,10,10,7,4,10,10,5.65,262.25,8.74,30
7,5,4,4,7,5,4,4,3.51,314.97,5.16,61
7,5,4,5,7,5,4,5,3.3,277.74,4.96,56
7,5,4,6,7,5,4,6,4.32,305.13,5.98,51
7,5,4,7,7,5,4,7,4.32,305.13,5.98,51
7,5,4,8,7,5,4,8,4.32,305.13,5.98,51
7,5,4,9,7,5,4,9,4.32,305.13,5.98,51
7,5,4,10,7,5,4,10,5.32,313.41,7.12,44
7,5,5,4,7,5,5,4,3.79,320.36,5.62,57
7,5,5,5,7,5,5,5,3.58,283.13,5.44,52
7,5,5,6,7,5,5,6,4.86,313.06,6.66,47
7,5,5,7,7,5,5,7,4.86,313.06,6.66,47
7,5,5,8,7,5,5,8,4.86,313.06,6.66,47
7,5,5,9,7,5,5,9,4.86,313.06,6.66,47
7,5,5,10,7,5,5,10,6.2,321.33,8.03,40
7,5,6,4,7,5,6,4,3.52,295.92,5.8,51
7,5,6,5,7,5,6,5,3.3,258.7,5.62,46
7,5,6,6,7,5,6,6,4.45,288.63,7.04,41
7,5,6,7,7,5,6,7,4.45,288.63,7.04,41
7,5,6,8,7,5,6,8,4.45,288.63,7.04,41
7,5,6,9,7,5,6,9,4.45,288.63,7.04,41
7,5,6,10,7,5,6,10,5.61,296.9,8.73,34
7,5,7,4,7,5,7,4,3.6,298.7,5.97,50
7,5,7,5,7,5,7,5,3.38,261.48,5.81,45
7,5,7,6,7,5,7,6,4.6,291.41,7.29,40
7,5,7,7,7,5,7,7,4.6,291.41,7.29,40
7,5,7,8,7,5,7,8,4.6,291.41,7.29,40
7,5,7,9,7,5,7,9,4.6,291.41,7.29,40
7,5,7,10,7,5,7,10,5.86,299.68,9.08,33
7,5,8,4,7,5,8,4,3.49,285.35,5.82,49
7,5,8,5,7,5,8,5,3.26,248.13,5.64,44
7,5,8,6,7,5,8,6,4.44,278.05,7.13,39
7,5,8,7,7,5,8,7,4.44,278.05,7.13,39
7,5,8,8,7,5,8,8,4.44,278.05,7.13,39
7,5,8,9,7,5,8,9,4.44,278.05,7.13,39
7,5,8,10,7,5,8,10,5.65,286.33,8.95,32
7,5,9,4,7,5,9,4,3.49,285.35,5.82,49
7,5,9,5,7,5,9,5,3.26,248.13,5.64,44
7,5,9,6,7,5,9,6,4.08,248.82,6.55,38
7,5,9,7,7,5,9,7,4.08,248.82,6.55,38
7,5,9,8,7,5,9,8,4.08,248.82,6.55,38
7,5,9,9,7,5,9,9,4.08,248.82,6.55,38
7,5,9,10,7,5,9,10,5.17,257.09,8.29,31
7,5,10,4,7,5,10,4,3.65,290.51,6.05,48
7,5,10,5,7,5,10,5,3.42,253.29,5.89,43
7,5,10,6,7,5,10,6,4.36,253.98,6.86,37
7,5,10,7,7,5,10,7,4.36,253.98,6.86,37
7,5,10,8,7,5,10,8,4.36,253.98,6.86,37
7,5,10,9,7,5,10,9,4.36,253.98,6.86,37
7,5,10,10,7,5,10,10,5.65,262.25,8.74,30
7,6,4,4,7,6,4,4,4.03,331.24,5.71,58
7,6,4,5,7,6,4,5,3.82,294.02,5.55,53
7,6,4,6,7,6,4,6,5.25,321.4,6.7,48
7,6,4,7,7,6,4,7,5.25,321.4,6.7,48
7,6,4,8,7,6,4,8,5.25,321.4,6.7,48
7,6,4,9,7,6,4,9,5.25,321.4,6.7,48
7,6,4,10,7,6,4,10,6.85,329.68,8.04,41
7,6,5,4,7,6,5,4,4.41,336.63,6.23,54
7,6,5,5,7,6,5,5,4.2,299.41,6.11,49
7,6,5,6,7,6,5,6,6.08,329.33,7.48,44
7,6,5,7,7,6,5,7,6.08,329.33,7.48,44
7,6,5,8,7,6,5,8,6.08,329.33,7.48,44
7,6,5,9,7,6,5,9,6.08,329.33,7.48,44
7,6,5,10,7,6,5,10,8.42,337.61,9.12,37
7,6,6,4,7,6,6,4,4.08,312.2,6.5,48
7,6,6,5,7,6,6,5,3.86,274.97,6.39,43
7,6,6,6,7,6,6,6,5.53,304.9,8.02,38
7,6,6,7,7,6,6,7,5.53,304.9,8.02,38
7,6,6,8,7,6,6,8,5.53,304.9,8.02,38
7,6,6,9,7,6,6,9,5.53,304.9,8.02,38
7,6,6,10,7,6,6,10,7.51,313.18,10.1,31
7,6,7,4,7,6,7,4,4.2,314.98,6.7,47
7,6,7,5,7,6,7,5,3.97,277.75,6.61,42
7,6,7,6,7,6,7,6,5.77,307.68,8.32,37
7,6,7,7,7,6,7,7,5.77,307.68,8.32,37
7,6,7,8,7,6,7,8,5.77,307.68,8.32,37
7,6,7,9,7,6,7,9,5.77,307.68,8.32,37
7,6,7,10,7,6,7,10,7.97,315.96,10.53,30
7,6,8,4,7,6,8,4,4.06,301.62,6.56,46
7,6,8,5,7,6,8,5,3.83,264.4,6.45,41
7,6,8,6,7,6,8,6,5.56,294.33,8.18,36
7,6,8,7,7,6,8,7,5.56,294.33,8.18,36
7,6,8,8,7,6,8,8,5.56,294.33,8.18,36
7,6,8,9,7,6,8,9,5.56,294.33,8.18,36
7,6,8,10,7,6,8,10,7.68,302.6,10.43,29
7,6,9,4,7,6,9,4,4.06,301.62,6.56,46
7,6,9,5,7,6,9,5,3.83,264.4,6.45,41
7,6,9,6,7,6,9,6,5.11,265.09,7.57,35
7,6,9,7,7,6,9,7,5.11,265.09,7.57,35
7,6,9,8,7,6,9,8,5.11,265.09,7.57,35
7,6,9,9,7,6,9,9,5.11,265.09,7.57,35
7,6,9,10,7,6,9,10,7.03,273.37,9.76,28
7,6,10,4,7,6,10,4,4.29,306.79,6.82,45
7,6,10,5,7,6,10,5,4.05,269.56,6.74,40
7,6,10,6,7,6,10,6,5.55,270.25,7.95,34
7,6,10,7,7,6,10,7,5.55,270.25,7.95,34
7,6,10,8,7,6,10,8,5.55,270.25,7.95,34
7,6,10,9,7,6,10,9,5.55,270.25,7.95,34
7,6,10,10,7,6,10,10,7.93,278.53,10.32,27
7,7,4,4,7,7,4,4,3.72,287.0,5.52,52
7,7,4,5,7,7,4,5,3.65,276.6,5.42,51
7,7,4,6,7,7,4,6,5.11,302.67,6.73,45
7,7,4,7,7,7,4,7,5.32,322.35,6.72,48
7,7,4,8,7,7,4,8,5.32,322.35,6.72,48
7,7,4,9,7,7,4,9,5.32,322.35,6.72,48
7,7,4,10,7,7,4,10,6.72,310.94,8.18,38
7,7,5,4,7,7,5,4,4.09,292.39,6.09,48
7,7,5,5,7,7,5,5,4.01,281.98,6.0,47
7,7,5,6,7,7,5,6,5.95,310.6,7.58,41
7,7,5,7,7,7,5,7,6.17,330.28,7.51,44
7,7,5,8,7,7,5,8,6.17,330.28,7.51,44
7,7,5,9,7,7,5,9,6.17,330.28,7.51,44
7,7,5,10,7,7,5,10,8.32,318.87,9.38,34
7,7,6,4,7,7,6,4,3.76,267.95,6.38,42
7,7,6,5,7,7,6,5,3.68,257.55,6.28,41
7,7,6,6,7,7,6,6,5.38,286.16,8.18,35
7,7,6,7,7,7,6,7,5.61,305.84,8.05,38
7,7,6,8,7,7,6,8,5.61,305.84,8.05,38
7,7,6,9,7,7,6,9,5.61,305.84,8.05,38
7,7,6,10,7,7,6,10,7.38,294.44,10.52,28
7,7,7,4,7,7,7,4,3.87,270.73,6.6,41
7,7,7,5,7,7,7,5,3.79,260.33,6.51,40
7,7,7,6,7,7,7,6,5.62,288.94,8.5,34
7,7,7,7,7,7,7,7,5.85,308.62,8.34,37
7,7,7,8,7,7,7,8,5.85,308.62,8.34,37
7,7,7,9,7,7,7,9,5.85,308.62,8.34,37
7,7,7,10,7,7,7,10,7.86,297.22,11.01,27
7,7,8,4,7,7,8,4,3.72,257.38,6.43,40
7,7,8,5,7,7,8,5,3.64,246.98,6.33,39
7,7,8,6,7,7,8,6,5.4,275.59,8.35,33
7,7,8,7,7,7,8,7,5.64,295.27,8.2,36
7,7,8,8,7,7,8,8,5.64,295.27,8.2,36
7,7,8,9,7,7,8,9,5.64,295.27,8.2,36
7,7,8,10,7,7,8,10,7.55,283.87,10.92,26
7,7,9,4,7,7,9,4,3.72,257.38,6.43,40
7,7,9,5,7,7,9,5,3.64,246.98,6.33,39
7,7,9,6,7,7,9,6,4.94,246.36,7.7,32
7,7,9,7,7,7,9,7,5.18,266.04,7.6,35
7,7,9,8,7,7,9,8,5.18,266.04,7.6,35
7,7,9,9,7,7,9,9,5.18,266.04,7.6,35
7,7,9,10,7,7,9,10,6.87,254.63,10.19,25
7,7,10,4,7,7,10,4,3.94,262.54,6.73,39
7,7,10,5,7,7,10,5,3.86,252.14,6.64,38
7,7,10,6,7,7,10,6,5.38,251.52,8.11,31
7,7,10,7,7,7,10,7,5.64,271.2,7.98,34
7,7,10,8,7,7,10,8,5.64,271.2,7.98,34
7,7,10,9,7,7,10,9,5.64,271.2,7.98,34
7,7,10,10,7,7,10,10,7.8,259.79,10.82,24
7,8,4,4,7,8,4,4,3.72,287.0,5.52,52
7,8,4,5,7,8,4,5,3.65,276.6,5.42,51
7,8,4,6,7,8,4,6,5.11,302.67,6.73,45
7,8,4,7,7,8,4,7,5.32,322.35,6.72,48
7,8,4,8,7,8,4,8,5.32,322.35,6.72,48
7,8,4,9,7,8,4,9,5.32,322.35,6.72,48
7,8,4,10,7,8,4,10,6.72,310.94,8.18,38
7,8,5,4,7,8,5,4,4.09,292.39,6.09,48
7,8,5,5,7,8,5,5,4.01,281.98,6.0,47
7,8,5,6,7,8,5,6,5.95,310.6,7.58,41
7,8,5,7,7,8,5,7,6.17,330.28,7.51,44
7,8,5,8,7,8,5,8,6.17,330.28,7.51,44
7,8,5,9,7,8,5,9,6.17,330.28,7.51,44
7,8,5,10,7,8,5,10,8.32,318.87,9.38,34
7,8,6,4,7,8,6,4,3.76,267.95,6.38,42
7,8,6,5,7,8,6,5,3.68,257.55,6.28,41
7,8,6,6,7,8,6,6,5.38,286.16,8.18,35
7,8,6,7,7,8,6,7,5.61,305.84,8.05,38
7,8,6,8,7,8,6,8,5.61,305.84,8.05,38
7,8,6,9,7,8,6,9,5.61,305.84,8.05,38
7,8,6,10,7,8,6,10,7.38,294.44,10.52,28
7,8,7,4,7,8,7,4,3.87,270.73,6.6,41
7,8,7,5,7,8,7,5,3.79,260.33,6.51,40
7,8,7,6,7,8,7,6,5.62,288.94,8.5,34
7,8,7,7,7,8,7,7,5.85,308.62,8.34,37
7,8,7,8,7,8,7,8,5.85,308.62,8.34,37
7,8,7,9,7,8,7,9,5.85,308.62,8.34,37
7,8,7,10,7,8,7,10,7.86,297.22,11.01,27
7,8,8,4,7,8,8,4,3.72,257.38,6.43,40
7,8,8,5,7,8,8,5,3.64,246.98,6.33,39
7,8,8,6,7,8,8,6,5.4,275.59,8.35,33
7,8,8,7,7,8,8,7,5.64,295.27,8.2,36
7,8,8,8,7,8,8,8,5.64,295.27,8.2,36
7,8,8,9,7,8,8,9,5.64,295.27,8.2,36
7,8,8,10,7,8,8,10,7.55,283.87,10.92,26
7,8,9,4,7,8,9,4,3.72,257.38,6.43,40
7,8,9,5,7,8,9,5,3.64,246.98,6.33,39
7,8,9,6,7,8,9,6,4.94,246.36,7.7,32
7,8,9,7,7,8,9,7,5.18,266.04,7.6,35
7,8,9,8,7,8,9,8,5.18,266.04,7.6,35
7,8,9,9,7,8,9,9,5.18,266.04,7.6,35
7,8,9,10,7,8,9,10,6.87,254.63,10.19,25
7,8,10,4,7,8,10,4,3.94,262.54,6.73,39
7,8,10,5,7,8,10,5,3.86,252.14,6.64,38
7,8,10,6,7,8,10,6,5.38,251.52,8.11,31
7,8,10,7,7,8,10,7,5.64,271.2,7.98,34
7,8,10,8,7,8,10,8,5.64,271.2,7.98,34
7,8,10,9,7,8,10,9,5.64,271.2,7.98,34
7,8,10,10,7,8,10,10,7.8,259.79,10.82,24
7,9,4,4,7,9,4,4,3.72,287.0,5.52,52
7,9,4,5,7,9,4,5,3.65,276.6,5.42,51
7,9,4,6,7,9,4,6,5.11,302.67,6.73,45
7,9,4,7,7,9,4,7,5.32,322.35,6.72,48
7,9,4,8,7,9,4,8,5.32,322.35,6.72,48
7,9,4,9,7,9,4,9,5.32,322.35,6.72,48
7,9,4,10,7,9,4,10,6.72,310.94,8.18,38
7,9,5,4,7,9,5,4,4.09,292.39,6.09,48
7,9,5,5,7,9,5,5,4.01,281.98,6.0,47
7,9,5,6,7,9,5,6,5.95,310.6,7.58,41
7,9,5,7,7,9,5,7,6.17,330.28,7.51,44
7,9,5,8,7,9,5,8,6.17,330.28,7.51,44
7,9,5,9,7,9,5,9,6.17,330.28,7.51,44
7,9,5,10,7,9,5,10,8.32,318.87,9.38,34
7,9,6,4,7,9,6,4,3.76,267.95,6.38,42
7,9,6,5,7,9,6,5,3.68,257.55,6.28,41
7,9,6,6,7,9,6,6,5.38,286.16,8.18,35
7,9,6,7,7,9,6,7,5.61,305.84,8.05,38
7,9,6,8,7,9,6,8,5.61,305.84,8.05,38
7,9,6,9,7,9,6,9,5.61,305.84,8.05,38
7,9,6,10,7,9,6,10,7.38,294.44,10.52,28
7,9,7,4,7,9,7,4,3.87,270.73,6.6,41
7,9,7,5,7,9,7,5,3.79,260.33,6.51,40
7,9,7,6,7,9,7,6,5.62,288.94,8.5,34
7,9,7,7,7,9,7,7,5.85,308.62,8.34,37
7,9,7,8,7,9,7,8,5.85,308.62,8.34,37
7,9,7,9,7,9,7,9,5.85,308.62,8.34,37
7,9,7,10,7,9,7,10,7.86,297.22,11.01,27
7,9,8,4,7,9,8,4,3.72,257.38,6.43,40
7,9,8,5,7,9,8,5,3.64,246.98,6.33,39
7,9,8,6,7,9,8,6,5.4,275.59,8.35,33
7,9,8,7,7,9,8,7,5.64,295.27,8.2,36
7,9,8,8,7,9,8,8,5.64,295.27,8.2,36
7,9,8,9,7,9,8,9,5.64,295.27,8.2,36
7,9,8,10,7,9,8,10,7.55,283.87,10.92,26
7,9,9,4,7,9,9,4,3.72,257.38,6.43,40
7,9,9,5,7,9,9,5,3.64,246.98,6.33,39
7,9,9,6,7,9,9,6,4.94,246.36,7.7,32
7,9,9,7,7,9,9,7,5.18,266.04,7.6,35
7,9,9,8,7,9,9,8,5.18,266.04,7.6,35
7,9,9,9,7,9,9,9,5.18,266.04,7.6,35
7,9,9,10,7,9,9,10,6.87,254.63,10.19,25
7,9,10,4,7,9,10,4,3.94,262.54,6.73,39
7,9,10,5,7,9,10,5,3.86,252.14,6.64,38
7,9,10,6,7,9,10,6,5.38,251.52,8.11,31
7,9,10,7,7,9,10,7,5.64,271.2,7.98,34
7,9,10,8,7,9,10,8,5.64,271.2,7.98,34
7,9,10,9,7,9,10,9,5.64,271.2,7.98,34
7,9,10,10,7,9,10,10,7.8,259.79,10.82,24
7,10,4,4,7,10,4,4,3.72,287.0,5.52,52
7,10,4,5,7,10,4,5,3.65,276.6,5.42,51
7,10,4,6,7,10,4,6,5.11,302.67,6.73,45
7,10,4,7,7,10,4,7,5.32,322.35,6.72,48
7,10,4,8,7,10,4,8,5.32,322.35,6.72,48
7,10,4,9,7,10,4,9,5.32,322.35,6.72,48
7,10,4,10,7,10,4,10,6.72,310.94,8.18,38
7,10,5,4,7,10,5,4,4.09,292.39,6.09,48
7,10,5,5,7,10,5,5,4.01,281.98,6.0,47
7,10,5,6,7,10,5,6,5.95,310.6,7.58,41
7,10,5,7,7,10,5,7,6.17,330.28,7.51,44
7,10,5,8,7,10,5,8,6.17,330.28,7.51,44
7,10,5,9,7,10,5,9,6.17,330.28,7.51,44
7,10,5,10,7,10,5,10,8.32,318.87,9.38,34
7,10,6,4,7,10,6,4,3.76,267.95,6.38,42
7,10,6,5,7,10,6,5,3.68,257.55,6.28,41
7,10,6,6,7,10,6,6,5.38,286.16,8.18,35
7,10,6,7,7,10,6,7,5.61,305.84,8.05,38
7,10,6,8,7,10,6,8,5.61,305.84,8.05,38
7,10,6,9,7,10,6,9,5.61,305.84,8.05,38
7,10,6,10,7,10,6,10,7.38,294.44,10.52,28
7,10,7,4,7,10,7,4,3.87,270.73,6.6,41
7,10,7,5,7,10,7,5,3.79,260.33,6.51,40
7,10,7,6,7,10,7,6,5.62,288.94,8.5,34
7,10,7,7,7,10,7,7,5.85,308.62,8.34,37
7,10,7,8,7,10,7,8,5.85,308.62,8.34,37
7,10,7,9,7,10,7,9,5.85,308.62,8.34,37
7,10,7,10,7,10,7,10,7.86,297.22,11.01,27
7,10,8,4,7,10,8,4,3.72,257.38,6.43,40
7,10,8,5,7,10,8,5,3.64,246.98,6.33,39
7,10,8,6,7,10,8,6,5.4,275.59,8.35,33
7,10,8,7,7,10,8,7,5.64,295.27,8.2,36
7,10,8,8,7,10,8,8,5.64,295.27,8.2,36
7,10,8,9,7,10,8,9,5.64,295.27,8.2,36
7,10,8,10,7,10,8,10,7.55,283.87,10.92,26
7,10,9,4,7,10,9,4,3.72,257.38,6.43,40
7,10,9,5,7,10,9,5,3.64,246.98,6.33,39
7,10,9,6,7,10,9,6,4.94,246.36,7.7,32
7,10,9,7,7,10,9,7,5.18,266.04,7.6,35
7,10,9,8,7,10,9,8,5.18,266.04,7.6,35
7,10,9,9,7,10,9,9,5.18,266.04,7.6,35
7,10,9,10,7,10,9,10,6.87,254.63,10.19,25
7,10,10,4,7,10,10,4,3.94,262.54,6.73,39
7,10,10,5,7,10,10,5,3.86,252.14,6.64,38
7,10,10,6,7,10,10,6,5.38,251.52,8.11,31
7,10,10,7,7,10,10,7,5.64,271.2,7.98,34
7,10,10,8,7,10,10,8,5.64,271.2,7.98,34
7,10,10,9,7,10,10,9,5.64,271.2,7.98,34
7,10,10,10,7,10,10,10,7.8,259.79,10.82,24
8,4,4,4,8,4,4,4,2.66,205.77,3.74,55
8,4,4,5,8,4,4,5,2.66,205.77,3.74,55
8,4,4,6,8,4,4,6,3.45,233.16,4.66,50
8,4,4,7,8,4,4,7,3.45,233.16,4.66,50
8,4,4,8,8,4,4,8,3.45,233.16,4.66,50
8,4,4,9,8,4,4,9,3.45,233.16,4.66,50
8,4,4,10,8,4,4,10,4.19,241.44,5.61,43
8,4,5,4,8,4,5,4,2.87,211.16,4.14,51
8,4,5,5,8,4,5,5,2.87,211.16,4.14,51
8,4,5,6,8,4,5,6,3.86,241.09,5.24,46
8,4,5,7,8,4,5,7,3.86,241.09,5.24,46
8,4,5,8,8,4,5,8,3.86,241.09,5.24,46
8,4,5,9,8,4,5,9,3.86,241.09,5.24,46
8,4,5,10,8,4,5,10,4.84,249.36,6.39,39
8,4,6,4,8,4,6,4,2.61,186.73,4.15,45
8,4,6,5,8,4,6,5,2.61,186.73,4.15,45
8,4,6,6,8,4,6,6,3.5,216.66,5.42,40
8,4,6,7,8,4,6,7,3.5,216.66,5.42,40
8,4,6,8,8,4,6,8,3.5,216.66,5.42,40
8,4,6,9,8,4,6,9,3.5,216.66,5.42,40
8,4,6,10,8,4,6,10,4.33,224.93,6.82,33
8,4,7,4,8,4,7,4,2.68,189.51,4.31,44
8,4,7,5,8,4,7,5,2.68,189.51,4.31,44
8,4,7,6,8,4,7,6,3.61,219.44,5.63,39
8,4,7,7,8,4,7,7,3.61,219.44,5.63,39
8,4,7,8,8,4,7,8,3.61,219.44,5.63,39
8,4,7,9,8,4,7,9,3.61,219.44,5.63,39
8,4,7,10,8,4,7,10,4.51,227.71,7.12,32
8,4,8,4,8,4,8,4,2.56,176.16,4.1,43
8,4,8,5,8,4,8,5,2.56,176.16,4.1,43
8,4,8,6,8,4,8,6,3.45,206.08,5.42,38
8,4,8,7,8,4,8,7,3.45,206.08,5.42,38
8,4,8,8,8,4,8,8,3.45,206.08,5.42,38
8,4,8,9,8,4,8,9,3.45,206.08,5.42,38
8,4,8,10,8,4,8,10,4.31,214.36,6.91,31
8,4,9,4,8,4,9,4,2.56,176.16,4.1,43
8,4,9,5,8,4,9,5,2.56,176.16,4.1,43
8,4,9,6,8,4,9,6,3.1,176.85,4.78,37
8,4,9,7,8,4,9,7,3.1,176.85,4.78,37
8,4,9,8,8,4,9,8,3.1,176.85,4.78,37
8,4,9,9,8,4,9,9,3.1,176.85,4.78,37
8,4,9,10,8,4,9,10,3.86,185.12,6.17,30
8,4,10,4,8,4,10,4,2.68,181.32,4.32,42
8,4,10,5,8,4,10,5,2.68,181.32,4.32,42
8,4,10,6,8,4,10,6,3.31,182.01,5.06,36
8,4,10,7,8,4,10,7,3.31,182.01,5.06,36
8,4,10,8,8,4,10,8,3.31,182.01,5.06,36
8,4,10,9,8,4,10,9,3.31,182.01,5.06,36
8,4,10,10,8,4,10,10,4.19,190.28,6.56,29
8,5,4,4,8,5,4,4,2.89,243.0,4.05,60
8,5,4,5,8,5,4,5,2.66,205.77,3.74,55
8,5,4,6,8,5,4,6,3.45,233.16,4.66,50
8,5,4,7,8,5,4,7,3.45,233.16,4.66,50
8,5,4,8,8,5,4,8,3.45,233.16,4.66,50
8,5,4,9,8,5,4,9,3.45,233.16,4.66,50
8,5,4,10,8,5,4,10,4.19,241.44,5.61,43
8,5,5,4,8,5,5,4,3.1,248.39,4.44,56
8,5,5,5,8,5,5,5,2.87,211.16,4.14,51
8,5,5,6,8,5,5,6,3.86,241.09,5.24,46
8,5,5,7,8,5,5,7,3.86,241.09,5.24,46
8,5,5,8,8,5,5,8,3.86,241.09,5.24,46
8,5,5,9,8,5,5,9,3.86,241.09,5.24,46
8,5,5,10,8,5,5,10,4.84,249.36,6.39,39
8,5,6,4,8,5,6,4,2.86,223.95,4.48,50
8,5,6,5,8,5,6,5,2.61,186.73,4.15,45
8,5,6,6,8,5,6,6,3.5,216.66,5.42,40
8,5,6,7,8,5,6,7,3.5,216.66,5.42,40
8,5,6,8,8,5,6,8,3.5,216.66,5.42,40
8,5,6,9,8,5,6,9,3.5,216.66,5.42,40
8,5,6,10,8,5,6,10,4.33,224.93,6.82,33
8,5,7,4,8,5,7,4,2.92,226.73,4.63,49
8,5,7,5,8,5,7,5,2.68,189.51,4.31,44
8,5,7,6,8,5,7,6,3.61,219.44,5.63,39
8,5,7,7,8,5,7,7,3.61,219.44,5.63,39
8,5,7,8,8,5,7,8,3.61,219.44,5.63,39
8,5,7,9,8,5,7,9,3.61,219.44,5.63,39
8,5,7,10,8,5,7,10,4.51,227.71,7.12,32
8,5,8,4,8,5,8,4,2.81,213.38,4.45,48
8,5,8,5,8,5,8,5,2.56,176.16,4.1,43
8,5,8,6,8,5,8,6,3.45,206.08,5.42,38
8,5,8,7,8,5,8,7,3.45,206.08,5.42,38
8,5,8,8,8,5,8,8,3.45,206.08,5.42,38
8,5,8,9,8,5,8,9,3.45,206.08,5.42,38
8,5,8,10,8,5,8,10,4.31,214.36,6.91,31
8,5,9,4,8,5,9,4,2.81,213.38,4.45,48
8,5,9,5,8,5,9,5,2.56,176.16,4.1,43
8,5,9,6,8,5,9,6,3.1,176.85,4.78,37
8,5,9,7,8,5,9,7,3.1,176.85,4.78,37
8,5,9,8,8,5,9,8,3.1,176.85,4.78,37
8,5,9,9,8,5,9,9,3.1,176.85,4.78,37
8,5,9,10,8,5,9,10,3.86,185.12,6.17,30
8,5,10,4,8,5,10,4,2.94,218.54,4.65,47
8,5,10,5,8,5,10,5,2.68,181.32,4.32,42
8,5,10,6,8,5,10,6,3.31,182.01,5.06,36
8,5,10,7,8,5,10,7,3.31,182.01,5.06,36
8,5,10,8,8,5,10,8,3.31,182.01,5.06,36
8,5,10,9,8,5,10,9,3.31,182.01,5.06,36
8,5,10,10,8,5,10,10,4.19,190.28,6.56,29
8,6,4,4,8,6,4,4,3.3,259.27,4.55,57
8,6,4,5,8,6,4,5,3.06,222.05,4.27,52
8,6,4,6,8,6,4,6,4.17,249.43,5.31,47
8,6,4,7,8,6,4,7,4.17,249.43,5.31,47
8,6,4,8,8,6,4,8,4.17,249.43,5.31,47
8,6,4,9,8,6,4,9,4.17,249.43,5.31,47
8,6,4,10,8,6,4,10,5.33,257.71,6.44,40
8,6,5,4,8,6,5,4,3.6,264.66,4.99,53
8,6,5,5,8,6,5,5,3.35,227.44,4.74,48
8,6,5,6,8,6,5,6,4.79,257.36,5.99,43
8,6,5,7,8,6,5,7,4.79,257.36,5.99,43
8,6,5,8,8,6,5,8,4.79,257.36,5.99,43
8,6,5,9,8,6,5,9,4.79,257.36,5.99,43
8,6,5,10,8,6,5,10,6.45,265.64,7.38,36
8,6,6,4,8,6,6,4,3.3,240.23,5.11,47
8,6,6,5,8,6,6,5,3.04,203.0,4.83,42
8,6,6,6,8,6,6,6,4.3,232.93,6.3,37
8,6,6,7,8,6,6,7,4.3,232.93,6.3,37
8,6,6,8,8,6,6,8,4.3,232.93,6.3,37
8,6,6,9,8,6,6,9,4.3,232.93,6.3,37
8,6,6,10,8,6,6,10,5.7,241.21,8.04,30
8,6,7,4,8,6,7,4,3.39,243.01,5.28,46
8,6,7,5,8,6,7,5,3.13,205.79,5.02,41
8,6,7,6,8,6,7,6,4.48,235.71,6.55,36
8,6,7,7,8,6,7,7,4.48,235.71,6.55,36
8,6,7,8,8,6,7,8,4.48,235.71,6.55,36
8,6,7,9,8,6,7,9,4.48,235.71,6.55,36
8,6,7,10,8,6,7,10,6.03,243.99,8.41,29
8,6,8,4,8,6,8,4,3.26,229.66,5.1,45
8,6,8,5,8,6,8,5,2.99,192.43,4.81,40
8,6,8,6,8,6,8,6,4.28,222.36,6.35,35
8,6,8,7,8,6,8,7,4.28,222.36,6.35,35
8,6,8,8,8,6,8,8,4.28,222.36,6.35,35
8,6,8,9,8,6,8,9,4.28,222.36,6.35,35
8,6,8,10,8,6,8,10,5.75,230.63,8.24,28
8,6,9,4,8,6,9,4,3.26,229.66,5.1,45
8,6,9,5,8,6,9,5,2.99,192.43,4.81,40
8,6,9,6,8,6,9,6,3.85,193.12,5.68,34
8,6,9,7,8,6,9,7,3.85,193.12,5.68,34
8,6,9,8,8,6,9,8,3.85,193.12,5.68,34
8,6,9,9,8,6,9,9,3.85,193.12,5.68,34
8,6,9,10,8,6,9,10,5.15,201.4,7.46,27
8,6,10,4,8,6,10,4,3.43,234.82,5.34,44
8,6,10,5,8,6,10,5,3.16,197.59,5.07,39
8,6,10,6,8,6,10,6,4.17,198.28,6.01,33
8,6,10,7,8,6,10,7,4.17,198.28,6.01,33
8,6,10,8,8,6,10,8,4.17,198.28,6.01,33
8,6,10,9,8,6,10,9,4.17,198.28,6.01,33
8,6,10,10,8,6,10,10,5.76,206.56,7.94,26
8,7,4,4,8,7,4,4,3.19,222.2,4.44,50
8,7,4,5,8,7,4,5,3.11,211.8,4.32,49
8,7,4,6,8,7,4,6,4.42,237.88,5.53,43
8,7,4,7,8,7,4,7,4.65,257.55,5.6,46
8,7,4,8,8,7,4,8,4.65,257.55,5.6,46
8,7,4,9,8,7,4,9,4.65,257.55,5.6,46
8,7,4,10,8,7,4,10,5.89,246.15,6.84,36
8,7,5,4,8,7,5,4,3.51,227.59,4.95,46
8,7,5,5,8,7,5,5,3.42,217.19,4.83,45
8,7,5,6,8,7,5,6,5.18,245.8,6.3,39
8,7,5,7,8,7,5,7,5.44,265.48,6.32,42
8,7,5,8,8,7,5,8,5.44,265.48,6.32,42
8,7,5,9,8,7,5,9,5.44,265.48,6.32,42
8,7,5,10,8,7,5,10,7.42,254.08,7.94,32
8,7,6,4,8,7,6,4,3.18,203.16,5.08,40
8,7,6,5,8,7,6,5,3.09,192.76,4.94,39
8,7,6,6,8,7,6,6,4.61,221.37,6.71,33
8,7,6,7,8,7,6,7,4.86,241.05,6.7,36
8,7,6,8,8,7,6,8,4.86,241.05,6.7,36
8,7,6,9,8,7,6,9,4.86,241.05,6.7,36
8,7,6,10,8,7,6,10,6.45,229.65,8.83,26
8,7,7,4,8,7,7,4,3.28,205.94,5.28,39
8,7,7,5,8,7,7,5,3.19,195.54,5.15,38
8,7,7,6,8,7,7,6,4.82,224.15,7.0,32
8,7,7,7,8,7,7,7,5.09,243.83,6.97,35
8,7,7,8,8,7,7,8,5.09,243.83,6.97,35
8,7,7,9,8,7,7,9,5.09,243.83,6.97,35
8,7,7,10,8,7,7,10,6.91,232.43,9.3,25
8,7,8,4,8,7,8,4,3.33,198.04,5.35,37
8,7,8,5,8,7,8,5,3.23,187.64,5.21,36
8,7,8,6,8,7,8,6,5.07,216.25,7.21,30
8,7,8,7,8,7,8,7,5.35,235.93,7.15,33
8,7,8,8,8,7,8,8,5.35,235.93,7.15,33
8,7,8,9,8,7,8,9,5.35,235.93,7.15,33
8,7,8,10,8,7,8,10,7.62,224.53,9.76,23
8,7,9,4,8,7,9,4,3.13,192.59,5.07,38
8,7,9,5,8,7,9,5,3.04,182.18,4.92,37
8,7,9,6,8,7,9,6,4.1,181.56,6.05,30
8,7,9,7,8,7,9,7,4.37,201.24,6.1,33
8,7,9,8,8,7,9,8,4.37,201.24,6.1,33
8,7,9,9,8,7,9,9,4.37,201.24,6.1,33
8,7,9,10,8,7,9,10,5.82,189.84,8.25,23
8,7,10,4,8,7,10,4,3.32,197.75,5.34,37
8,7,10,5,8,7,10,5,3.22,187.35,5.2,36
8,7,10,6,8,7,10,6,4.49,186.72,6.44,29
8,7,10,7,8,7,10,7,4.79,206.4,6.45,32
8,7,10,8,8,7,10,8,4.79,206.4,6.45,32
8,7,10,9,8,7,10,9,4.79,206.4,6.45,32
8,7,10,10,8,7,10,10,6.7,195.0,8.86,22
8,8,4,4,8,8,4,4,3.19,222.2,4.44,50
8,8,4,5,8,8,4,5,3.11,211.8,4.32,49
8,8,4,6,8,8,4,6,4.42,237.88,5.53,43
8,8,4,7,8,8,4,7,4.65,257.55,5.6,46
8,8,4,8,8,8,4,8,4.65,257.55,5.6,46
8,8,4,9,8,8,4,9,4.65,257.55,5.6,46
8,8,4,10,8,8,4,10,5.89,246.15,6.84,36
8,8,5,4,8,8,5,4,3.51,227.59,4.95,46
8,8,5,5,8,8,5,5,3.42,217.19,4.83,45
8,8,5,6,8,8,5,6,5.18,245.8,6.3,39
8,8,5,7,8,8,5,7,5.44,265.48,6.32,42
8,8,5,8,8,8,5,8,5.44,265.48,6.32,42
8,8,5,9,8,8,5,9,5.44,265.48,6.32,42
8,8,5,10,8,8,5,10,7.42,254.08,7.94,32
8,8,6,4,8,8,6,4,3.18,203.16,5.08,40
8,8,6,5,8,8,6,5,3.09,192.76,4.94,39
8,8,6,6,8,8,6,6,4.61,221.37,6.71,33
8,8,6,7,8,8,6,7,4.86,241.05,6.7,36
8,8,6,8,8,8,6,8,4.86,241.05,6.7,36
8,8,6,9,8,8,6,9,4.86,241.05,6.7,36
8,8,6,10,8,8,6,10,6.45,229.65,8.83,26
8,8,7,4,8,8,7,4,3.28,205.94,5.28,39
8,8,7,5,8,8,7,5,3.19,195.54,5.15,38
8,8,7,6,8,8,7,6,4.82,224.15,7.0,32
8,8,7,7,8,8,7,7,5.09,243.83,6.97,35
8,8,7,8,8,8,7,8,5.09,243.83,6.97,35
8,8,7,9,8,8,7,9,5.09,243.83,6.97,35
8,8,7,10,8,8,7,10,6.91,232.43,9.3,25
8,8,8,4,8,8,8,4,3.33,198.04,5.35,37
8,8,8,5,8,8,8,5,3.23,187.64,5.21,36
8,8,8,6,8,8,8,6,5.07,216.25,7.21,30
8,8,8,7,8,8,8,7,5.35,235.93,7.15,33
8,8,8,8,8,8,8,8,5.35,235.93,7.15,33
8,8,8,9,8,8,8,9,5.35,235.93,7.15,33
8,8,8,10,8,8,8,10,7.62,224.53,9.76,23
8,8,9,4,8,8,9,4,3.13,192.59,5.07,38
8,8,9,5,8,8,9,5,3.04,182.18,4.92,37
8,8,9,6,8,8,9,6,4.1,181.56,6.05,30
8,8,9,7,8,8,9,7,4.37,201.24,6.1,33
8,8,9,8,8,8,9,8,4.37,201.24,6.1,33
8,8,9,9,8,8,9,9,4.37,201.24,6.1,33
8,8,9,10,8,8,9,10,5.82,189.84,8.25,23
8,8,10,4,8,8,10,4,3.32,197.75,5.34,37
8,8,10,5,8,8,10,5,3.22,187.35,5.2,36
8,8,10,6,8,8,10,6,4.49,186.72,6.44,29
8,8,10,7,8,8,10,7,4.79,206.4,6.45,32
8,8,10,8,8,8,10,8,4.79,206.4,6.45,32
8,8,10,9,8,8,10,9,4.79,206.4,6.45,32
8,8,10,10,8,8,10,10,6.7,195.0,8.86,22
8,9,4,4,8,9,4,4,3.19,222.2,4.44,50
8,9,4,5,8,9,4,5,3.11,211.8,4.32,49
8,9,4,6,8,9,4,6,4.42,237.88,5.53,43
8,9,4,7,8,9,4,7,4.65,257.55,5.6,46
8,9,4,8,8,9,4,8,4.65,257.55,5.6,46
8,9,4,9,8,9,4,9,4.65,257.55,5.6,46
8,9,4,10,8,9,4,10,5.89,246.15,6.84,36
8,9,5,4,8,9,5,4,3.51,227.59,4.95,46
8,9,5,5,8,9,5,5,3.42,217.19,4.83,45
8,9,5,6,8,9,5,6,5.18,245.8,6.3,39
8,9,5,7,8,9,5,7,5.44,265.48,6.32,42
8,9,5,8,8,9,5,8,5.44,265.48,6.32,42
8,9,5,9,8,9,5,9,5.44,265.48,6.32,42
8,9,5,10,8,9,5,10,7.42,254.08,7.94,32
8,9,6,4,8,9,6,4,3.18,203.16,5.08,40
8,9,6,5,8,9,6,5,3.09,192.76,4.94,39
8,9,6,6,8,9,6,6,4.61,221.37,6.71,33
8,9,6,7,8,9,6,7,4.86,241.05,6.7,36
8,9,6,8,8,9,6,8,4.86,241.05,6.7,36
8,9,6,9,8,9,6,9,4.86,241.05,6.7,36
8,9,6,10,8,9,6,10,6.45,229.65,8.83,26
8,9,7,4,8,9,7,4,3.28,205.94,5.28,39
8,9,7,5,8,9,7,5,3.19,195.54,5.15,38
8,9,7,6,8,9,7,6,4.82,224.15,7.0,32
8,9,7,7,8,9,7,7,5.09,243.83,6.97,35
8,9,7,8,8,9,7,8,5.09,243.83,6.97,35
8,9,7,9,8,9,7,9,5.09,243.83,6.97,35
8,9,7,10,8,9,7,10,6.91,232.43,9.3,25
8,9,8,4,8,9,8,4,3.33,198.04,5.35,37
8,9,8,5,8,9,8,5,3.23,187.64,5.21,36
8,9,8,6,8,9,8,6,5.07,216.25,7.21,30
8,9,8,7,8,9,8,7,5.35,235.93,7.15,33
8,9,8,8,8,9,8,8,5.35,235.93,7.15,33
8,9,8,9,8,9,8,9,5.35,235.93,7.15,33
8,9,8,10,8,9,8,10,7.62,224.53,9.76,23
8,9,9,4,8,9,9,4,3.13,192.59,5.07,38
8,9,9,5,8,9,9,5,3.04,182.18,4.92,37
8,9,9,6,8,9,9,6,4.1,181.56,6.05,30
8,9,9,7,8,9,9,7,4.37,201.24,6.1,33
8,9,9,8,8,9,9,8,4.37,201.24,6.1,33
8,9,9,9,8,9,9,9,4.37,201.24,6.1,33
8,9,9,10,8,9,9,10,5.82,189.84,8.25,23
8,9,10,4,8,9,10,4,3.32,197.75,5.34,37
8,9,10,5,8,9,10,5,3.22,187.35,5.2,36
8,9,10,6,8,9,10,6,4.49,186.72,6.44,29
8,9,10,7,8,9,10,7,4.79,206.4,6.45,32
8,9,10,8,8,9,10,8,4.79,206.4,6.45,32
8,9,10,9,8,9,10,9,4.79,206.4,6.45,32
8,9,10,10,8,9,10,10,6.7,195.0,8.86,22
8,10,4,4,8,10,4,4,3.19,222.2,4.44,50
8,10,4,5,8,10,4,5,3.11,211.8,4.32,49
8,10,4,6,8,10,4,6,4.42,237.88,5.53,43
8,10,4,7,8,10,4,7,4.65,257.55,5.6,46
8,10,4,8,8,10,4,8,4.65,257.55,5.6,46
8,10,4,9,8,10,4,9,4.65,257.55,5.6,46
8,10,4,10,8,10,4,10,5.89,246.15,6.84,36
8,10,5,4,8,10,5,4,3.51,227.59,4.95,46
8,10,5,5,8,10,5,5,3.42,217.19,4.83,45
8,10,5,6,8,10,5,6,5.18,245.8,6.3,39
8,10,5,7,8,10,5,7,5.44,265.48,6.32,42
8,10,5,8,8,10,5,8,5.44,265.48,6.32,42
8,10,5,9,8,10,5,9,5.44,265.48,6.32,42
8,10,5,10,8,10,5,10,7.42,254.08,7.94,32
8,10,6,4,8,10,6,4,3.18,203.16,5.08,40
8,10,6,5,8,10,6,5,3.09,192.76,4.94,39
8,10,6,6,8,10,6,6,4.61,221.37,6.71,33
8,10,6,7,8,10,6,7,4.86,241.05,6.7,36
8,10,6,8,8,10,6,8,4.86,241.05,6.7,36
8,10,6,9,8,10,6,9,4.86,241.05,6.7,36
8,10,6,10,8,10,6,10,6.45,229.65,8.83,26
8,10,7,4,8,10,7,4,3.28,205.94,5.28,39
8,10,7,5,8,10,7,5,3.19,195.54,5.15,38
8,10,7,6,8,10,7,6,4.82,224.15,7.0,32
8,10,7,7,8,10,7,7,5.09,243.83,6.97,35
8,10,7,8,8,10,7,8,5.09,243.83,6.97,35
8,10,7,9,8,10,7,9,5.09,243.83,6.97,35
8,10,7,10,8,10,7,10,6.91,232.43,9.3,25
8,10,8,4,8,10,8,4,3.33,198.04,5.35,37
8,10,8,5,8,10,8,5,3.23,187.64,5.21,36
8,10,8,6,8,10,8,6,5.07,216.25,7.21,30
8,10,8,7,8,10,8,7,5.35,235.93,7.15,33
8,10,8,8,8,10,8,8,5.35,235.93,7.15,33
8,10,8,9,8,10,8,9,5.35,235.93,7.15,33
8,10,8,10,8,10,8,10,7.62,224.53,9.76,23
8,10,9,4,8,10,9,4,3.13,192.59,5.07,38
8,10,9,5,8,10,9,5,3.04,182.18,4.92,37
8,10,9,6,8,10,9,6,4.1,181.56,6.05,30
8,10,9,7,8,10,9,7,4.37,201.24,6.1,33
8,10,9,8,8,10,9,8,4.37,201.24,6.1,33
8,10,9,9,8,10,9,9,4.37,201.24,6.1,33
8,10,9,10,8,10,9,10,5.82,189.84,8.25,23
8,10,10,4,8,10,10,4,3.32,197.75,5.34,37
8,10,10,5,8,10,10,5,3.22,187.35,5.2,36
8,10,10,6,8,10,10,6,4.49,186.72,6.44,29
8,10,10,7,8,10,10,7,4.79,206.4,6.45,32
8,10,10,8,8,10,10,8,4.79,206.4,6.45,32
8,10,10,9,8,10,10,9,4.79,206.4,6.45,32
8,10,10,10,8,10,10,10,6.7,195.0,8.86,22
9,4,4,4,9,4,4,4,3.25,229.94,4.51,51
9,4,4,5,9,4,4,5,3.25,229.94,4.51,51
9,4,4,6,9,4,4,6,4.5,257.32,5.59,46
9,4,4,7,9,4,4,7,4.5,257.32,5.59,46
9,4,4,8,9,4,4,8,4.5,257.32,5.59,46
9,4,4,9,9,4,4,9,4.5,257.32,5.59,46
9,4,4,10,9,4,4,10,5.89,265.6,6.81,39
9,4,5,4,9,4,5,4,3.57,235.33,5.01,47
9,4,5,5,9,4,5,5,3.57,235.33,5.01,47
9,4,5,6,9,4,5,6,5.23,265.25,6.32,42
9,4,5,7,9,4,5,7,5.23,265.25,6.32,42
9,4,5,8,9,4,5,8,5.23,265.25,6.32,42
9,4,5,9,9,4,5,9,5.23,265.25,6.32,42
9,4,5,10,9,4,5,10,7.29,273.53,7.82,35
9,4,6,4,9,4,6,4,3.24,210.89,5.14,41
9,4,6,5,9,4,6,5,3.24,210.89,5.14,41
9,4,6,6,9,4,6,6,4.69,240.82,6.69,36
9,4,6,7,9,4,6,7,4.69,240.82,6.69,36
9,4,6,8,9,4,6,8,4.69,240.82,6.69,36
9,4,6,9,9,4,6,9,4.69,240.82,6.69,36
9,4,6,10,9,4,6,10,6.41,249.09,8.59,29
9,4,7,4,9,4,7,4,3.34,213.67,5.34,40
9,4,7,5,9,4,7,5,3.34,213.67,5.34,40
9,4,7,6,9,4,7,6,4.9,243.6,6.96,35
9,4,7,7,9,4,7,7,4.9,243.6,6.96,35
9,4,7,8,9,4,7,8,4.9,243.6,6.96,35
9,4,7,9,9,4,7,9,4.9,243.6,6.96,35
9,4,7,10,9,4,7,10,6.82,251.87,9.0,28
9,4,8,4,9,4,8,4,3.04,195.63,4.89,40
9,4,8,5,9,4,8,5,3.04,195.63,4.89,40
9,4,8,6,9,4,8,6,4.36,225.56,6.44,35
9,4,8,7,9,4,8,7,4.36,225.56,6.44,35
9,4,8,8,9,4,8,8,4.36,225.56,6.44,35
9,4,8,9,9,4,8,9,4.36,225.56,6.44,35
9,4,8,10,9,4,8,10,5.87,233.84,8.35,28
9,4,9,4,9,4,9,4,3.19,200.32,5.14,39
9,4,9,5,9,4,9,5,3.19,200.32,5.14,39
9,4,9,6,9,4,9,6,4.21,201.01,6.09,33
9,4,9,7,9,4,9,7,4.21,201.01,6.09,33
9,4,9,8,9,4,9,8,4.21,201.01,6.09,33
9,4,9,9,9,4,9,9,4.21,201.01,6.09,33
9,4,9,10,9,4,9,10,5.83,209.29,8.05,26
9,4,10,4,9,4,10,4,3.38,205.48,5.41,38
9,4,10,5,9,4,10,5,3.38,205.48,5.41,38
9,4,10,6,9,4,10,6,4.59,206.17,6.44,32
9,4,10,7,9,4,10,7,4.59,206.17,6.44,32
9,4,10,8,9,4,10,8,4.59,206.17,6.44,32
9,4,10,9,9,4,10,9,4.59,206.17,6.44,32
9,4,10,10,9,4,10,10,6.62,214.45,8.58,25
9,5,4,4,9,5,4,4,3.49,267.16,4.77,56
9,5,4,5,9,5,4,5,3.25,229.94,4.51,51
9,5,4,6,9,5,4,6,4.5,257.32,5.59,46
9,5,4,7,9,5,4,7,4.5,257.32,5.59,46
9,5,4,8,9,5,4,8,4.5,257.32,5.59,46
9,5,4,9,9,5,4,9,4.5,257.32,5.59,46
9,5,4,10,9,5,4,10,5.89,265.6,6.81,39
9,5,5,4,9,5,5,4,3.82,272.55,5.24,52
9,5,5,5,9,5,5,5,3.57,235.33,5.01,47
9,5,5,6,9,5,5,6,5.23,265.25,6.32,42
9,5,5,7,9,5,5,7,5.23,265.25,6.32,42
9,5,5,8,9,5,5,8,5.23,265.25,6.32,42
9,5,5,9,9,5,5,9,5.23,265.25,6.32,42
9,5,5,10,9,5,5,10,7.29,273.53,7.82,35
9,5,6,4,9,5,6,4,3.5,248.12,5.39,46
9,5,6,5,9,5,6,5,3.24,210.89,5.14,41
9,5,6,6,9,5,6,6,4.69,240.82,6.69,36
9,5,6,7,9,5,6,7,4.69,240.82,6.69,36
9,5,6,8,9,5,6,8,4.69,240.82,6.69,36
9,5,6,9,9,5,6,9,4.69,240.82,6.69,36
9,5,6,10,9,5,6,10,6.41,249.09,8.59,29
9,5,7,4,9,5,7,4,3.6,250.9,5.58,45
9,5,7,5,9,5,7,5,3.34,213.67,5.34,40
9,5,7,6,9,5,7,6,4.9,243.6,6.96,35
9,5,7,7,9,5,7,7,4.9,243.6,6.96,35
9,5,7,8,9,5,7,8,4.9,243.6,6.96,35
9,5,7,9,9,5,7,9,4.9,243.6,6.96,35
9,5,7,10,9,5,7,10,6.82,251.87,9.0,28
9,5,8,4,9,5,8,4,3.3,232.86,5.17,45
9,5,8,5,9,5,8,5,3.04,195.63,4.89,40
9,5,8,6,9,5,8,6,4.36,225.56,6.44,35
9,5,8,7,9,5,8,7,4.36,225.56,6.44,35
9,5,8,8,9,5,8,8,4.36,225.56,6.44,35
9,5,8,9,9,5,8,9,4.36,225.56,6.44,35
9,5,8,10,9,5,8,10,5.87,233.84,8.35,28
9,5,9,4,9,5,9,4,3.46,237.54,5.4,44
9,5,9,5,9,5,9,5,3.19,200.32,5.14,39
9,5,9,6,9,5,9,6,4.21,201.01,6.09,33
9,5,9,7,9,5,9,7,4.21,201.01,6.09,33
9,5,9,8,9,5,9,8,4.21,201.01,6.09,33
9,5,9,9,9,5,9,9,4.21,201.01,6.09,33
9,5,9,10,9,5,9,10,5.83,209.29,8.05,26
9,5,10,4,9,5,10,4,3.66,242.7,5.64,43
9,5,10,5,9,5,10,5,3.38,205.48,5.41,38
9,5,10,6,9,5,10,6,4.59,206.17,6.44,32
9,5,10,7,9,5,10,7,4.59,206.17,6.44,32
9,5,10,8,9,5,10,8,4.59,206.17,6.44,32
9,5,10,9,9,5,10,9,4.59,206.17,6.44,32
9,5,10,10,9,5,10,10,6.62,214.45,8.58,25
9,6,4,4,9,6,4,4,4.11,283.44,5.35,53
9,6,4,5,9,6,4,5,3.86,246.21,5.13,48
9,6,4,6,9,6,4,6,5.78,273.6,6.36,43
9,6,4,7,9,6,4,7,5.78,273.6,6.36,43
9,6,4,8,9,6,4,8,5.78,273.6,6.36,43
9,6,4,9,9,6,4,9,5.78,273.6,6.36,43
9,6,4,10,9,6,4,10,8.42,281.87,7.83,36
9,6,5,4,9,6,5,4,4.6,288.82,5.89,49
9,6,5,5,9,6,5,5,4.34,251.6,5.72,44
9,6,5,6,9,6,5,6,7.06,281.53,7.22,39
9,6,5,7,9,6,5,7,7.06,281.53,7.22,39
9,6,5,8,9,6,5,8,7.06,281.53,7.22,39
9,6,5,9,9,6,5,9,7.06,281.53,7.22,39
9,6,5,10,9,6,5,10,11.65,289.8,9.06,32
9,6,6,4,9,6,6,4,4.19,264.39,6.15,43
9,6,6,5,9,6,6,5,3.92,227.17,5.98,38
9,6,6,6,9,6,6,6,6.24,257.09,7.79,33
9,6,6,7,9,6,6,7,6.24,257.09,7.79,33
9,6,6,8,9,6,6,8,6.24,257.09,7.79,33
9,6,6,9,9,6,6,9,6.24,257.09,7.79,33
9,6,6,10,9,6,6,10,9.91,265.37,10.21,26
9,6,7,4,9,6,7,4,4.34,267.17,6.36,42
9,6,7,5,9,6,7,5,4.06,229.95,6.21,37
9,6,7,6,9,6,7,6,6.62,259.87,8.12,32
9,6,7,7,9,6,7,7,6.62,259.87,8.12,32
9,6,7,8,9,6,7,8,6.62,259.87,8.12,32
9,6,7,9,9,6,7,9,6.62,259.87,8.12,32
9,6,7,10,9,6,7,10,10.92,268.15,10.73,25
9,6,8,4,9,6,8,4,3.94,249.13,5.93,42
9,6,8,5,9,6,8,5,3.66,211.91,5.73,37
9,6,8,6,9,6,8,6,5.75,241.83,7.56,32
9,6,8,7,9,6,8,7,5.75,241.83,7.56,32
9,6,8,8,9,6,8,8,5.75,241.83,7.56,32
9,6,8,9,9,6,8,9,5.75,241.83,7.56,32
9,6,8,10,9,6,8,10,8.89,250.11,10.0,25
9,6,9,4,9,6,9,4,4.17,253.82,6.19,41
9,6,9,5,9,6,9,5,3.88,216.59,6.02,36
9,6,9,6,9,6,9,6,5.7,217.29,7.24,30
9,6,9,7,9,6,9,7,5.7,217.29,7.24,30
9,6,9,8,9,6,9,8,5.7,217.29,7.24,30
9,6,9,9,9,6,9,9,5.7,217.29,7.24,30
9,6,9,10,9,6,9,10,9.35,225.56,9.81,23
9,6,10,4,9,6,10,4,4.46,258.98,6.47,40
9,6,10,5,9,6,10,5,4.17,221.76,6.34,35
9,6,10,6,9,6,10,6,6.41,222.45,7.67,29
9,6,10,7,9,6,10,7,6.41,222.45,7.67,29
9,6,10,8,9,6,10,8,6.41,222.45,7.67,29
9,6,10,9,9,6,10,9,6.41,222.45,7.67,29
9,6,10,10,9,6,10,10,11.56,230.72,10.49,22
9,7,4,4,9,7,4,4,3.71,236.53,5.14,46
9,7,4,5,9,7,4,5,3.63,226.13,5.03,45
9,7,4,6,9,7,4,6,5.56,252.2,6.47,39
9,7,4,7,9,7,4,7,5.83,271.88,6.47,42
9,7,4,8,9,7,4,8,5.83,271.88,6.47,42
9,7,4,9,9,7,4,9,5.83,271.88,6.47,42
9,7,4,10,9,7,4,10,8.23,260.48,8.14,32
9,7,5,4,9,7,5,4,4.17,241.92,5.76,42
9,7,5,5,9,7,5,5,4.07,231.52,5.65,41
9,7,5,6,9,7,5,6,6.85,260.13,7.43,35
9,7,5,7,9,7,5,7,7.15,279.81,7.36,38
9,7,5,8,9,7,5,8,7.15,279.81,7.36,38
9,7,5,9,9,7,5,9,7.15,279.81,7.36,38
9,7,5,10,9,7,5,10,11.64,268.41,9.59,28
9,7,6,4,9,7,6,4,3.76,217.49,6.04,36
9,7,6,5,9,7,6,5,3.66,207.09,5.92,35
9,7,6,6,9,7,6,6,6.01,235.7,8.13,29
9,7,6,7,9,7,6,7,6.31,255.38,7.98,32
9,7,6,8,9,7,6,8,6.31,255.38,7.98,32
9,7,6,9,9,7,6,9,6.31,255.38,7.98,32
9,7,6,10,9,7,6,10,9.77,243.97,11.09,22
9,7,7,4,9,7,7,4,3.89,220.27,6.29,35
9,7,7,5,9,7,7,5,3.79,209.87,6.17,34
9,7,7,6,9,7,7,6,6.39,238.48,8.52,28
9,7,7,7,9,7,7,7,6.7,258.16,8.33,31
9,7,7,8,9,7,7,8,6.7,258.16,8.33,31
9,7,7,9,9,7,7,9,6.7,258.16,8.33,31
9,7,7,10,9,7,7,10,10.86,246.75,11.75,21
9,7,8,4,9,7,8,4,3.5,202.23,5.78,35
9,7,8,5,9,7,8,5,3.4,191.83,5.64,34
9,7,8,6,9,7,8,6,5.5,220.44,7.87,28
9,7,8,7,9,7,8,7,5.8,240.12,7.75,31
9,7,8,8,9,7,8,8,5.8,240.12,7.75,31
9,7,8,9,9,7,8,9,5.8,240.12,7.75,31
9,7,8,10,9,7,8,10,8.7,228.71,10.89,21
9,7,9,4,9,7,9,4,3.72,206.91,6.09,34
9,7,9,5,9,7,9,5,3.62,196.51,5.95,33
9,7,9,6,9,7,9,6,5.42,195.89,7.53,26
9,7,9,7,9,7,9,7,5.76,215.57,7.43,29
9,7,9,8,9,7,9,8,5.76,215.57,7.43,29
9,7,9,9,9,7,9,9,5.76,215.57,7.43,29
9,7,9,10,9,7,9,10,9.16,204.17,10.75,19
9,7,10,4,9,7,10,4,3.99,212.07,6.43,33
9,7,10,5,9,7,10,5,3.88,201.67,6.3,32
9,7,10,6,9,7,10,6,6.14,201.05,8.04,25
9,7,10,7,9,7,10,7,6.5,220.73,7.88,28
9,7,10,8,9,7,10,8,6.5,220.73,7.88,28
9,7,10,9,9,7,10,9,6.5,220.73,7.88,28
9,7,10,10,9,7,10,10,11.53,209.33,11.63,18
9,8,4,4,9,8,4,4,3.71,236.53,5.14,46
9,8,4,5,9,8,4,5,3.63,226.13,5.03,45
9,8,4,6,9,8,4,6,5.56,252.2,6.47,39
9,8,4,7,9,8,4,7,5.83,271.88,6.47,42
9,8,4,8,9,8,4,8,5.83,271.88,6.47,42
9,8,4,9,9,8,4,9,5.83,271.88,6.47,42
9,8,4,10,9,8,4,10,8.23,260.48,8.14,32
9,8,5,4,9,8,5,4,4.17,241.92,5.76,42
9,8,5,5,9,8,5,5,4.07,231.52,5.65,41
9,8,5,6,9,8,5,6,6.85,260.13,7.43,35
9,8,5,7,9,8,5,7,7.15,279.81,7.36,38
9,8,5,8,9,8,5,8,7.15,279.81,7.36,38
9,8,5,9,9,8,5,9,7.15,279.81,7.36,38
9,8,5,10,9,8,5,10,11.64,268.41,9.59,28
9,8,6,4,9,8,6,4,3.76,217.49,6.04,36
9,8,6,5,9,8,6,5,3.66,207.09,5.92,35
9,8,6,6,9,8,6,6,6.01,235.7,8.13,29
9,8,6,7,9,8,6,7,6.31,255.38,7.98,32
9,8,6,8,9,8,6,8,6.31,255.38,7.98,32
9,8,6,9,9,8,6,9,6.31,255.38,7.98,32
9,8,6,10,9,8,6,10,9.77,243.97,11.09,22
9,8,7,4,9,8,7,4,3.89,220.27,6.29,35
9,8,7,5,9,8,7,5,3.79,209.87,6.17,34
9,8,7,6,9,8,7,6,6.39,238.48,8.52,28
9,8,7,7,9,8,7,7,6.7,258.16,8.33,31
9,8,7,8,9,8,7,8,6.7,258.16,8.33,31
9,8,7,9,9,8,7,9,6.7,258.16,8.33,31
9,8,7,10,9,8,7,10,10.86,246.75,11.75,21
9,8,8,4,9,8,8,4,3.5,202.23,5.78,35
9,8,8,5,9,8,8,5,3.4,191.83,5.64,34
9,8,8,6,9,8,8,6,5.5,220.44,7.87,28
9,8,8,7,9,8,8,7,5.8,240.12,7.75,31
9,8,8,8,9,8,8,8,5.8,240.12,7.75,31
9,8,8,9,9,8,8,9,5.8,240.12,7.75,31
9,8,8,10,9,8,8,10,8.7,228.71,10.89,21
9,8,9,4,9,8,9,4,3.72,206.91,6.09,34
9,8,9,5,9,8,9,5,3.62,196.51,5.95,33
9,8,9,6,9,8,9,6,5.42,195.89,7.53,26
9,8,9,7,9,8,9,7,5.76,215.57,7.43,29
9,8,9,8,9,8,9,8,5.76,215.57,7.43,29
9,8,9,9,9,8,9,9,5.76,215.57,7.43,29
9,8,9,10,9,8,9,10,9.16,204.17,10.75,19
9,8,10,4,9,8,10,4,3.99,212.07,6.43,33
9,8,10,5,9,8,10,5,3.88,201.67,6.3,32
9,8,10,6,9,8,10,6,6.14,201.05,8.04,25
9,8,10,7,9,8,10,7,6.5,220.73,7.88,28
9,8,10,8,9,8,10,8,6.5,220.73,7.88,28
9,8,10,9,9,8,10,9,6.5,220.73,7.88,28
9,8,10,10,9,8,10,10,11.53,209.33,11.63,18
9,9,4,4,9,9,4,4,3.71,236.53,5.14,46
9,9,4,5,9,9,4,5,3.63,226.13,5.03,45
9,9,4,6,9,9,4,6,5.56,252.2,6.47,39
9,9,4,7,9,9,4,7,5.83,271.88,6.47,42
9,9,4,8,9,9,4,8,5.83,271.88,6.47,42
9,9,4,9,9,9,4,9,5.83,271.88,6.47,42
9,9,4,10,9,9,4,10,8.23,260.48,8.14,32
9,9,5,4,9,9,5,4,4.17,241.92,5.76,42
9,9,5,5,9,9,5,5,4.07,231.52,5.65,41
9,9,5,6,9,9,5,6,6.85,260.13,7.43,35
9,9,5,7,9,9,5,7,7.15,279.81,7.36,38
9,9,5,8,9,9,5,8,7.15,279.81,7.36,38
9,9,5,9,9,9,5,9,7.15,279.81,7.36,38
9,9,5,10,9,9,5,10,11.64,268.41,9.59,28
9,9,6,4,9,9,6,4,3.76,217.49,6.04,36
9,9,6,5,9,9,6,5,3.66,207.09,5.92,35
9,9,6,6,9,9,6,6,6.01,235.7,8.13,29
9,9,6,7,9,9,6,7,6.31,255.38,7.98,32
9,9,6,8,9,9,6,8,6.31,255.38,7.98,32
9,9,6,9,9,9,6,9,6.31,255.38,7.98,32
9,9,6,10,9,9,6,10,9.77,243.97,11.09,22
9,9,7,4,9,9,7,4,3.89,220.27,6.29,35
9,9,7,5,9,9,7,5,3.79,209.87,6.17,34
9,9,7,6,9,9,7,6,6.39,238.48,8.52,28
9,9,7,7,9,9,7,7,6.7,258.16,8.33,31
9,9,7,8,9,9,7,8,6.7,258.16,8.33,31
9,9,7,9,9,9,7,9,6.7,258.16,8.33,31
9,9,7,10,9,9,7,10,10.86,246.75,11.75,21
9,9,8,4,9,9,8,4,3.5,202.23,5.78,35
9,9,8,5,9,9,8,5,3.4,191.83,5.64,34
9,9,8,6,9,9,8,6,5.5,220.44,7.87,28
9,9,8,7,9,9,8,7,5.8,240.12,7.75,31
9,9,8,8,9,9,8,8,5.8,240.12,7.75,31
9,9,8,9,9,9,8,9,5.8,240.12,7.75,31
9,9,8,10,9,9,8,10,8.7,228.71,10.89,21
9,9,9,4,9,9,9,4,3.72,206.91,6.09,34
9,9,9,5,9,9,9,5,3.62,196.51,5.95,33
9,9,9,6,9,9,9,6,5.42,195.89,7.53,26
9,9,9,7,9,9,9,7,5.76,215.57,7.43,29
9,9,9,8,9,9,9,8,5.76,215.57,7.43,29
9,9,9,9,9,9,9,9,5.76,215.57,7.43,29
9,9,9,10,9,9,9,10,9.16,204.17,10.75,19
9,9,10,4,9,9,10,4,3.99,212.07,6.43,33
9,9,10,5,9,9,10,5,3.88,201.67,6.3,32
9,9,10,6,9,9,10,6,6.14,201.05,8.04,25
9,9,10,7,9,9,10,7,6.5,220.73,7.88,28
9,9,10,8,9,9,10,8,6.5,220.73,7.88,28
9,9,10,9,9,9,10,9,6.5,220.73,7.88,28
9,9,10,10,9,9,10,10,11.53,209.33,11.63,18
9,10,4,4,9,10,4,4,3.71,236.53,5.14,46
9,10,4,5,9,10,4,5,3.63,226.13,5.03,45
9,10,4,6,9,10,4,6,5.56,252.2,6.47,39
9,10,4,7,9,10,4,7,5.83,271.88,6.47,42
9,10,4,8,9,10,4,8,5.83,271.88,6.47,42
9,10,4,9,9,10,4,9,5.83,271.88,6.47,42
9,10,4,10,9,10,4,10,8.23,260.48,8.14,32
9,10,5,4,9,10,5,4,4.17,241.92,5.76,42
9,10,5,5,9,10,5,5,4.07,231.52,5.65,41
9,10,5,6,9,10,5,6,6.85,260.13,7.43,35
9,10,5,7,9,10,5,7,7.15,279.81,7.36,38
9,10,5,8,9,10,5,8,7.15,279.81,7.36,38
9,10,5,9,9,10,5,9,7.15,279.81,7.36,38
9,10,5,10,9,10,5,10,11.64,268.41,9.59,28
9,10,6,4,9,10,6,4,3.76,217.49,6.04,36
9,10,6,5,9,10,6,5,3.66,207.09,5.92,35
9,10,6,6,9,10,6,6,6.01,235.7,8.13,29
9,10,6,7,9,10,6,7,6.31,255.38,7.98,32
9,10,6,8,9,10,6,8,6.31,255.38,7.98,32
9,10,6,9,9,10,6,9,6.31,255.38,7.98,32
9,10,6,10,9,10,6,10,9.77,243.97,11.09,22
9,10,7,4,9,10,7,4,3.89,220.27,6.29,35
9,10,7,5,9,10,7,5,3.79,209.87,6.17,34
9,10,7,6,9,10,7,6,6.39,238.48,8.52,28
9,10,7,7,9,10,7,7,6.7,258.16,8.33,31
9,10,7,8,9,10,7,8,6.7,258.16,8.33,31
9,10,7,9,9,10,7,9,6.7,258.16,8.33,31
9,10,7,10,9,10,7,10,10.86,246.75,11.75,21
9,10,8,4,9,10,8,4,3.5,202.23,5.78,35
9,10,8,5,9,10,8,5,3.4,191.83,5.64,34
9,10,8,6,9,10,8,6,5.5,220.44,7.87,28
9,10,8,7,9,10,8,7,5.8,240.12,7.75,31
9,10,8,8,9,10,8,8,5.8,240.12,7.75,31
9,10,8,9,9,10,8,9,5.8,240.12,7.75,31
9,10,8,10,9,10,8,10,8.7,228.71,10.89,21
9,10,9,4,9,10,9,4,3.72,206.91,6.09,34
9,10,9,5,9,10,9,5,3.62,196.51,5.95,33
9,10,9,6,9,10,9,6,5.42,195.89,7.53,26
9,10,9,7,9,10,9,7,5.76,215.57,7.43,29
9,10,9,8,9,10,9,8,5.76,215.57,7.43,29
9,10,9,9,9,10,9,9,5.76,215.57,7.43,29
9,10,9,10,9,10,9,10,9.16,204.17,10.75,19
9,10,10,4,9,10,10,4,3.99,212.07,6.43,33
9,10,10,5,9,10,10,5,3.88,201.67,6.3,32
9,10,10,6,9,10,10,6,6.14,201.05,8.04,25
9,10,10,7,9,10,10,7,6.5,220.73,7.88,28
9,10,10,8,9,10,10,8,6.5,220.73,7.88,28
9,10,10,9,9,10,10,9,6.5,220.73,7.88,28
9,10,10,10,9,10,10,10,11.53,209.33,11.63,18
10,4,4,4,10,4,4,4,2.87,216.56,4.09,53
10,4,4,5,10,4,4,5,2.87,216.56,4.09,53
10,4,4,6,10,4,4,6,3.81,243.94,5.08,48
10,4,4,7,10,4,4,7,3.81,243.94,5.08,48
10,4,4,8,10,4,4,8,3.81,243.94,5.08,48
10,4,4,9,10,4,4,9,3.81,243.94,5.08,48
10,4,4,10,10,4,4,10,4.73,252.22,6.15,41
10,4,5,4,10,4,5,4,3.11,221.95,4.53,49
10,4,5,5,10,4,5,5,3.11,221.95,4.53,49
10,4,5,6,10,4,5,6,4.31,251.87,5.72,44
10,4,5,7,10,4,5,7,4.31,251.87,5.72,44
10,4,5,8,10,4,5,8,4.31,251.87,5.72,44
10,4,5,9,10,4,5,9,4.31,251.87,5.72,44
10,4,5,10,10,4,5,10,5.57,260.15,7.03,37
10,4,6,4,10,4,6,4,2.84,197.51,4.59,43
10,4,6,5,10,4,6,5,2.84,197.51,4.59,43
10,4,6,6,10,4,6,6,3.89,227.44,5.99,38
10,4,6,7,10,4,6,7,3.89,227.44,5.99,38
10,4,6,8,10,4,6,8,3.89,227.44,5.99,38
10,4,6,9,10,4,6,9,3.89,227.44,5.99,38
10,4,6,10,10,4,6,10,4.96,235.71,7.6,31
10,4,7,4,10,4,7,4,3.4,215.32,5.38,40
10,4,7,5,10,4,7,5,3.4,215.32,5.38,40
10,4,7,6,10,4,7,6,5.03,245.25,7.01,35
10,4,7,7,10,4,7,7,5.03,245.25,7.01,35
10,4,7,8,10,4,7,8,5.03,245.25,7.01,35
10,4,7,9,10,4,7,9,5.03,245.25,7.01,35
10,4,7,10,10,4,7,10,7.09,253.52,9.05,28
10,4,8,4,10,4,8,4,3.09,197.28,4.93,40
10,4,8,5,10,4,8,5,3.09,197.28,4.93,40
10,4,8,6,10,4,8,6,4.46,227.21,6.49,35
10,4,8,7,10,4,8,7,4.46,227.21,6.49,35
10,4,8,8,10,4,8,8,4.46,227.21,6.49,35
10,4,8,9,10,4,8,9,4.46,227.21,6.49,35
10,4,8,10,10,4,8,10,6.08,235.48,8.41,28
10,4,9,4,10,4,9,4,3.25,201.97,5.18,39
10,4,9,5,10,4,9,5,3.25,201.97,5.18,39
10,4,9,6,10,4,9,6,4.33,202.66,6.14,33
10,4,9,7,10,4,9,7,4.33,202.66,6.14,33
10,4,9,8,10,4,9,8,4.33,202.66,6.14,33
10,4,9,9,10,4,9,9,4.33,202.66,6.14,33
10,4,9,10,10,4,9,10,6.06,210.93,8.11,26
10,4,10,4,10,4,10,4,3.38,205.48,5.41,38
10,4,10,5,10,4,10,5,3.38,205.48,5.41,38
10,4,10,6,10,4,10,6,4.59,206.17,6.44,32
10,4,10,7,10,4,10,7,4.59,206.17,6.44,32
10,4,10,8,10,4,10,8,4.59,206.17,6.44,32
10,4,10,9,10,4,10,9,4.59,206.17,6.44,32
10,4,10,10,10,4,10,10,6.62,214.45,8.58,25
10,5,4,4,10,5,4,4,3.1,253.78,4.38,58
10,5,4,5,10,5,4,5,2.87,216.56,4.09,53
10,5,4,6,10,5,4,6,3.81,243.94,5.08,48
10,5,4,7,10,5,4,7,3.81,243.94,5.08,48
10,5,4,8,10,5,4,8,3.81,243.94,5.08,48
10,5,4,9,10,5,4,9,3.81,243.94,5.08,48
10,5,4,10,10,5,4,10,4.73,252.22,6.15,41
10,5,5,4,10,5,5,4,3.36,259.17,4.8,54
10,5,5,5,10,5,5,5,3.11,221.95,4.53,49
10,5,5,6,10,5,5,6,4.31,251.87,5.72,44
10,5,5,7,10,5,5,7,4.31,251.87,5.72,44
10,5,5,8,10,5,5,8,4.31,251.87,5.72,44
10,5,5,9,10,5,5,9,4.31,251.87,5.72,44
10,5,5,10,10,5,5,10,5.57,260.15,7.03,37
10,5,6,4,10,5,6,4,3.09,234.74,4.89,48
10,5,6,5,10,5,6,5,2.84,197.51,4.59,43
10,5,6,6,10,5,6,6,3.89,227.44,5.99,38
10,5,6,7,10,5,6,7,3.89,227.44,5.99,38
10,5,6,8,10,5,6,8,3.89,227.44,5.99,38
10,5,6,9,10,5,6,9,3.89,227.44,5.99,38
10,5,6,10,10,5,6,10,4.96,235.71,7.6,31
10,5,7,4,10,5,7,4,3.67,252.54,5.61,45
10,5,7,5,10,5,7,5,3.4,215.32,5.38,40
10,5,7,6,10,5,7,6,5.03,245.25,7.01,35
10,5,7,7,10,5,7,7,5.03,245.25,7.01,35
10,5,7,8,10,5,7,8,5.03,245.25,7.01,35
10,5,7,9,10,5,7,9,5.03,245.25,7.01,35
10,5,7,10,10,5,7,10,7.09,253.52,9.05,28
10,5,8,4,10,5,8,4,3.36,234.51,5.21,45
10,5,8,5,10,5,8,5,3.09,197.28,4.93,40
10,5,8,6,10,5,8,6,4.46,227.21,6.49,35
10,5,8,7,10,5,8,7,4.46,227.21,6.49,35
10,5,8,8,10,5,8,8,4.46,227.21,6.49,35
10,5,8,9,10,5,8,9,4.46,227.21,6.49,35
10,5,8,10,10,5,8,10,6.08,235.48,8.41,28
10,5,9,4,10,5,9,4,3.52,239.19,5.44,44
10,5,9,5,10,5,9,5,3.25,201.97,5.18,39
10,5,9,6,10,5,9,6,4.33,202.66,6.14,33
10,5,9,7,10,5,9,7,4.33,202.66,6.14,33
10,5,9,8,10,5,9,8,4.33,202.66,6.14,33
10,5,9,9,10,5,9,9,4.33,202.66,6.14,33
10,5,9,10,10,5,9,10,6.06,210.93,8.11,26
10,5,10,4,10,5,10,4,3.66,242.7,5.64,43
10,5,10,5,10,5,10,5,3.38,205.48,5.41,38
10,5,10,6,10,5,10,6,4.59,206.17,6.44,32
10,5,10,7,10,5,10,7,4.59,206.17,6.44,32
10,5,10,8,10,5,10,8,4.59,206.17,6.44,32
10,5,10,9,10,5,10,9,4.59,206.17,6.44,32
10,5,10,10,10,5,10,10,6.62,214.45,8.58,25
10,6,4,4,10,6,4,4,3.58,270.05,4.91,55
10,6,4,5,10,6,4,5,3.34,232.83,4.66,50
10,6,4,6,10,6,4,6,4.68,260.22,5.78,45
10,6,4,7,10,6,4,7,4.68,260.22,5.78,45
10,6,4,8,10,6,4,8,4.68,260.22,5.78,45
10,6,4,9,10,6,4,9,4.68,260.22,5.78,45
10,6,4,10,10,6,4,10,6.22,268.49,7.07,38
10,6,5,4,10,6,5,4,3.94,275.44,5.4,51
10,6,5,5,10,6,5,5,3.69,238.22,5.18,46
10,6,5,6,10,6,5,6,5.48,268.15,6.54,41
10,6,5,7,10,6,5,7,5.48,268.15,6.54,41
10,6,5,8,10,6,5,8,5.48,268.15,6.54,41
10,6,5,9,10,6,5,9,5.48,268.15,6.54,41
10,6,5,10,10,6,5,10,7.81,276.42,8.13,34
10,6,6,4,10,6,6,4,3.61,251.01,5.58,45
10,6,6,5,10,6,6,5,3.34,213.79,5.34,40
10,6,6,6,10,6,6,6,4.9,243.71,6.96,35
10,6,6,7,10,6,6,7,4.9,243.71,6.96,35
10,6,6,8,10,6,6,8,4.9,243.71,6.96,35
10,6,6,9,10,6,6,9,4.9,243.71,6.96,35
10,6,6,10,10,6,6,10,6.84,251.99,9.0,28
10,6,7,4,10,6,7,4,4.43,268.82,6.4,42
10,6,7,5,10,6,7,5,4.15,231.6,6.26,37
10,6,7,6,10,6,7,6,6.86,261.52,8.17,32
10,6,7,7,10,6,7,7,6.86,261.52,8.17,32
10,6,7,8,10,6,7,8,6.86,261.52,8.17,32
10,6,7,9,10,6,7,9,6.86,261.52,8.17,32
10,6,7,10,10,6,7,10,11.63,269.8,10.79,25
10,6,8,4,10,6,8,4,4.02,250.78,5.97,42
10,6,8,5,10,6,8,5,3.73,213.56,5.77,37
10,6,8,6,10,6,8,6,5.94,243.48,7.61,32
10,6,8,7,10,6,8,7,5.94,243.48,7.61,32
10,6,8,8,10,6,8,8,5.94,243.48,7.61,32
10,6,8,9,10,6,8,9,5.94,243.48,7.61,32
10,6,8,10,10,6,8,10,9.38,251.76,10.07,25
10,6,9,4,10,6,9,4,4.26,255.47,6.23,41
10,6,9,5,10,6,9,5,3.97,218.24,6.06,36
10,6,9,6,10,6,9,6,5.91,218.93,7.3,30
10,6,9,7,10,6,9,7,5.91,218.93,7.3,30
10,6,9,8,10,6,9,8,5.91,218.93,7.3,30
10,6,9,9,10,6,9,9,5.91,218.93,7.3,30
10,6,9,10,10,6,9,10,9.96,227.21,9.88,23
10,6,10,4,10,6,10,4,4.46,258.98,6.47,40
10,6,10,5,10,6,10,5,4.17,221.76,6.34,35
10,6,10,6,10,6,10,6,6.41,222.45,7.67,29
10,6,10,7,10,6,10,7,6.41,222.45,7.67,29
10,6,10,8,10,6,10,8,6.41,222.45,7.67,29
10,6,10,9,10,6,10,9,6.41,222.45,7.67,29
10,6,10,10,10,6,10,10,11.56,230.72,10.49,22
10,7,4,4,10,7,4,4,3.22,223.15,4.65,48
10,7,4,5,10,7,4,5,3.14,212.75,4.53,47
10,7,4,6,10,7,4,6,4.48,238.82,5.82,41
10,7,4,7,10,7,4,7,4.71,258.5,5.88,44
10,7,4,8,10,7,4,8,4.71,258.5,5.88,44
10,7,4,9,10,7,4,9,4.71,258.5,5.88,44
10,7,4,10,10,7,4,10,6.0,247.1,7.27,34
10,7,5,4,10,7,5,4,3.55,228.54,5.19,44
10,7,5,5,10,7,5,5,3.46,218.14,5.07,43
10,7,5,6,10,7,5,6,5.27,246.75,6.67,37
10,7,5,7,10,7,5,7,5.52,266.43,6.66,40
10,7,5,8,10,7,5,8,5.52,266.43,6.66,40
10,7,5,9,10,7,5,9,5.52,266.43,6.66,40
10,7,5,10,10,7,5,10,7.6,255.03,8.5,30
10,7,6,4,10,7,6,4,3.21,204.11,5.37,38
10,7,6,5,10,7,6,5,3.12,193.7,5.24,37
10,7,6,6,10,7,6,6,4.68,222.32,7.17,31
10,7,6,7,10,7,6,7,4.94,242.0,7.12,34
10,7,6,8,10,7,6,8,4.94,242.0,7.12,34
10,7,6,9,10,7,6,9,4.94,242.0,7.12,34
10,7,6,10,10,7,6,10,6.6,230.59,9.61,24
10,7,7,4,10,7,7,4,3.98,221.91,6.34,35
10,7,7,5,10,7,7,5,3.88,211.51,6.22,34
10,7,7,6,10,7,7,6,6.63,240.13,8.58,28
10,7,7,7,10,7,7,7,6.95,259.81,8.38,31
10,7,7,8,10,7,7,8,6.95,259.81,8.38,31
10,7,7,9,10,7,7,9,6.95,259.81,8.38,31
10,7,7,10,10,7,7,10,11.62,248.4,11.83,21
10,7,8,4,10,7,8,4,3.57,203.88,5.83,35
10,7,8,5,10,7,8,5,3.48,193.47,5.69,34
10,7,8,6,10,7,8,6,5.69,222.09,7.93,28
10,7,8,7,10,7,8,7,6.0,241.77,7.8,31
10,7,8,8,10,7,8,8,6.0,241.77,7.8,31
10,7,8,9,10,7,8,9,6.0,241.77,7.8,31
10,7,8,10,10,7,8,10,9.21,230.36,10.97,21
10,7,9,4,10,7,9,4,3.8,208.56,6.13,34
10,7,9,5,10,7,9,5,3.7,198.16,6.0,33
10,7,9,6,10,7,9,6,5.63,197.54,7.6,26
10,7,9,7,10,7,9,7,5.97,217.22,7.49,29
10,7,9,8,10,7,9,8,5.97,217.22,7.49,29
10,7,9,9,10,7,9,9,5.97,217.22,7.49,29
10,7,9,10,10,7,9,10,9.8,205.81,10.83,19
10,7,10,4,10,7,10,4,3.99,212.07,6.43,33
10,7,10,5,10,7,10,5,3.88,201.67,6.3,32
10,7,10,6,10,7,10,6,6.14,201.05,8.04,25
10,7,10,7,10,7,10,7,6.5,220.73,7.88,28
10,7,10,8,10,7,10,8,6.5,220.73,7.88,28
10,7,10,9,10,7,10,9,6.5,220.73,7.88,28
10,7,10,10,10,7,10,10,11.53,209.33,11.63,18
10,8,4,4,10,8,4,4,3.22,223.15,4.65,48
10,8,4,5,10,8,4,5,3.14,212.75,4.53,47
10,8,4,6,10,8,4,6,4.48,238.82,5.82,41
10,8,4,7,10,8,4,7,4.71,258.5,5.88,44
10,8,4,8,10,8,4,8,4.71,258.5,5.88,44
10,8,4,9,10,8,4,9,4.71,258.5,5.88,44
10,8,4,10,10,8,4,10,6.0,247.1,7.27,34
10,8,5,4,10,8,5,4,3.55,228.54,5.19,44
10,8,5,5,10,8,5,5,3.46,218.14,5.07,43
10,8,5,6,10,8,5,6,5.27,246.75,6.67,37
10,8,5,7,10,8,5,7,5.52,266.43,6.66,40
10,8,5,8,10,8,5,8,5.52,266.43,6.66,40
10,8,5,9,10,8,5,9,5.52,266.43,6.66,40
10,8,5,10,10,8,5,10,7.6,255.03,8.5,30
10,8,6,4,10,8,6,4,3.21,204.11,5.37,38
10,8,6,5,10,8,6,5,3.12,193.7,5.24,37
10,8,6,6,10,8,6,6,4.68,222.32,7.17,31
10,8,6,7,10,8,6,7,4.94,242.0,7.12,34
10,8,6,8,10,8,6,8,4.94,242.0,7.12,34
10,8,6,9,10,8,6,9,4.94,242.0,7.12,34
10,8,6,10,10,8,6,10,6.6,230.59,9.61,24
10,8,7,4,10,8,7,4,3.98,221.91,6.34,35
10,8,7,5,10,8,7,5,3.88,211.51,6.22,34
10,8,7,6,10,8,7,6,6.63,240.13,8.58,28
10,8,7,7,10,8,7,7,6.95,259.81,8.38,31
10,8,7,8,10,8,7,8,6.95,259.81,8.38,31
10,8,7,9,10,8,7,9,6.95,259.81,8.38,31
10,8,7,10,10,8,7,10,11.62,248.4,11.83,21
10,8,8,4,10,8,8,4,3.57,203.88,5.83,35
10,8,8,5,10,8,8,5,3.48,193.47,5.69,34
10,8,8,6,10,8,8,6,5.69,222.09,7.93,28
10,8,8,7,10,8,8,7,6.0,241.77,7.8,31
10,8,8,8,10,8,8,8,6.0,241.77,7.8,31
10,8,8,9,10,8,8,9,6.0,241.77,7.8,31
10,8,8,10,10,8,8,10,9.21,230.36,10.97,21
10,8,9,4,10,8,9,4,3.8,208.56,6.13,34
10,8,9,5,10,8,9,5,3.7,198.16,6.0,33
10,8,9,6,10,8,9,6,5.63,197.54,7.6,26
10,8,9,7,10,8,9,7,5.97,217.22,7.49,29
10,8,9,8,10,8,9,8,5.97,217.22,7.49,29
10,8,9,9,10,8,9,9,5.97,217.22,7.49,29
10,8,9,10,10,8,9,10,9.8,205.81,10.83,19
10,8,10,4,10,8,10,4,3.99,212.07,6.43,33
10,8,10,5,10,8,10,5,3.88,201.67,6.3,32
10,8,10,6,10,8,10,6,6.14,201.05,8.04,25
10,8,10,7,10,8,10,7,6.5,220.73,7.88,28
10,8,10,8,10,8,10,8,6.5,220.73,7.88,28
10,8,10,9,10,8,10,9,6.5,220.73,7.88,28
10,8,10,10,10,8,10,10,11.53,209.33,11.63,18
10,9,4,4,10,9,4,4,3.22,223.15,4.65,48
10,9,4,5,10,9,4,5,3.14,212.75,4.53,47
10,9,4,6,10,9,4,6,4.48,238.82,5.82,41
10,9,4,7,10,9,4,7,4.71,258.5,5.88,44
10,9,4,8,10,9,4,8,4.71,258.5,5.88,44
10,9,4,9,10,9,4,9,4.71,258.5,5.88,44
10,9,4,10,10,9,4,10,6.0,247.1,7.27,34
10,9,5,4,10,9,5,4,3.55,228.54,5.19,44
10,9,5,5,10,9,5,5,3.46,218.14,5.07,43
10,9,5,6,10,9,5,6,5.27,246.75,6.67,37
10,9,5,7,10,9,5,7,5.52,266.43,6.66,40
10,9,5,8,10,9,5,8,5.52,266.43,6.66,40
10,9,5,9,10,9,5,9,5.52,266.43,6.66,40
10,9,5,10,10,9,5,10,7.6,255.03,8.5,30
10,9,6,4,10,9,6,4,3.21,204.11,5.37,38
10,9,6,5,10,9,6,5,3.12,193.7,5.24,37
10,9,6,6,10,9,6,6,4.68,222.32,7.17,31
10,9,6,7,10,9,6,7,4.94,242.0,7.12,34
10,9,6,8,10,9,6,8,4.94,242.0,7.12,34
10,9,6,9,10,9,6,9,4.94,242.0,7.12,34
10,9,6,10,10,9,6,10,6.6,230.59,9.61,24
10,9,7,4,10,9,7,4,3.98,221.91,6.34,35
10,9,7,5,10,9,7,5,3.88,211.51,6.22,34
10,9,7,6,10,9,7,6,6.63,240.13,8.58,28
10,9,7,7,10,9,7,7,6.95,259.81,8.38,31
10,9,7,8,10,9,7,8,6.95,259.81,8.38,31
10,9,7,9,10,9,7,9,6.95,259.81,8.38,31
10,9,7,10,10,9,7,10,11.62,248.4,11.83,21
10,9,8,4,10,9,8,4,3.57,203.88,5.83,35
10,9,8,5,10,9,8,5,3.48,193.47,5.69,34
10,9,8,6,10,9,8,6,5.69,222.09,7.93,28
10,9,8,7,10,9,8,7,6.0,241.77,7.8,31
10,9,8,8,10,9,8,8,6.0,241.77,7.8,31
10,9,8,9,10,9,8,9,6.0,241.77,7.8,31
10,9,8,10,10,9,8,10,9.21,230.36,10.97,21
10,9,9,4,10,9,9,4,3.8,208.56,6.13,34
10,9,9,5,10,9,9,5,3.7,198.16,6.0,33
10,9,9,6,10,9,9,6,5.63,197.54,7.6,26
10,9,9,7,10,9,9,7,5.97,217.22,7.49,29
10,9,9,8,10,9,9,8,5.97,217.22,7.49,29
10,9,9,9,10,9,9,9,5.97,217.22,7.49,29
10,9,9,10,10,9,9,10,9.8,205.81,10.83,19
10,9,10,4,10,9,10,4,3.99,212.07,6.43,33
10,9,10,5,10,9,10,5,3.88,201.67,6.3,32
10,9,10,6,10,9,10,6,6.14,201.05,8.04,25
10,9,10,7,10,9,10,7,6.5,220.73,7.88,28
10,9,10,8,10,9,10,8,6.5,220.73,7.88,28
10,9,10,9,10,9,10,9,6.5,220.73,7.88,28
10,9,10,10,10,9,10,10,11.53,209.33,11.63,18
10,10,4,4,10,10,4,4,3.22,223.15,4.65,48
10,10,4,5,10,10,4,5,3.14,212.75,4.53,47
10,10,4,6,10,10,4,6,4.48,238.82,5.82,41
10,10,4,7,10,10,4,7,4.71,258.5,5.88,44
10,10,4,8,10,10,4,8,4.71,258.5,5.88,44
10,10,4,9,10,10,4,9,4.71,258.5,5.88,44
10,10,4,10,10,10,4,10,6.0,247.1,7.27,34
10,10,5,4,10,10,5,4,3.55,228.54,5.19,44
10,10,5,5,10,10,5,5,3.46,218.14,5.07,43
10,10,5,6,10,10,5,6,5.27,246.75,6.67,37
10,10,5,7,10,10,5,7,5.52,266.43,6.66,40
10,10,5,8,10,10,5,8,5.52,266.43,6.66,40
10,10,5,9,10,10,5,9,5.52,266.43,6.66,40
10,10,5,10,10,10,5,10,7.6,255.03,8.5,30
10,10,6,4,10,10,6,4,3.21,204.11,5.37,38
10,10,6,5,10,10,6,5,3.12,193.7,5.24,37
10,10,6,6,10,10,6,6,4.68,222.32,7.17,31
10,10,6,7,10,10,6,7,4.94,242.0,7.12,34
10,10,6,8,10,10,6,8,4.94,242.0,7.12,34
10,10,6,9,10,10,6,9,4.94,242.0,7.12,34
10,10,6,10,10,10,6,10,6.6,230.59,9.61,24
10,10,7,4,10,10,7,4,3.98,221.91,6.34,35
10,10,7,5,10,10,7,5,3.88,211.51,6.22,34
10,10,7,6,10,10,7,6,6.63,240.13,8.58,28
10,10,7,7,10,10,7,7,6.95,259.81,8.38,31
10,10,7,8,10,10,7,8,6.95,259.81,8.38,31
10,10,7,9,10,10,7,9,6.95,259.81,8.38,31
10,10,7,10,10,10,7,10,11.62,248.4,11.83,21
10,10,8,4,10,10,8,4,3.57,203.88,5.83,35
10,10,8,5,10,10,8,5,3.48,193.47,5.69,34
10,10,8,6,10,10,8,6,5.69,222.09,7.93,28
10,10,8,7,10,10,8,7,6.0,241.77,7.8,31
10,10,8,8,10,10,8,8,6.0,241.77,7.8,31
10,10,8,9,10,10,8,9,6.0,241.77,7.8,31
10,10,8,10,10,10,8,10,9.21,230.36,10.97,21
10,10,9,4,10,10,9,4,3.8,208.56,6.13,34
10,10,9,5,10,10,9,5,3.7,198.16,6.0,33
10,10,9,6,10,10,9,6,5.63,197.54,7.6,26
10,10,9,7,10,10,9,7,5.97,217.22,7.49,29
10,10,9,8,10,10,9,8,5.97,217.22,7.49,29
10,10,9,9,10,10,9,9,5.97,217.22,7.49,29
10,10,9,10,10,10,9,10,9.8,205.81,10.83,19
10,10,10,4,10,10,10,4,3.99,212.07,6.43,33
10,10,10,5,10,10,10,5,3.88,201.67,6.3,32
10,10,10,6,10,10,10,6,6.14,201.05,8.04,25
10,10,10,7,10,10,10,7,6.5,220.73,7.88,28
10,10,10,8,10,10,10,8,6.5,220.73,7.88,28
10,10,10,9,10,10,10,9,6.5,220.73,7.88,28
10,10,10,10,10,10,10,10,11.53,209.33,11.63,18
